	-> Version of fname:/users/a/j/ajones76/projects/eco_genomics_2025/population_genomics/mydata/ANGSD_RunD/2021_ALL.saf.idx is:2
	-> Assuming .saf.gz file: /users/a/j/ajones76/projects/eco_genomics_2025/population_genomics/mydata/ANGSD_RunD/2021_ALL.saf.gz
	-> Assuming .saf.pos.gz: /users/a/j/ajones76/projects/eco_genomics_2025/population_genomics/mydata/ANGSD_RunD/2021_ALL.saf.pos.gz
	-> args: tole:0.000001 nthreads:1 maxiter:1000 nsites:0 start:(null) chr:(null) start:-1 stop:-1 fstout:(null) oldout:0 seed:-1 bootstrap:0 resample_chr:0 whichFst:0 fold:0 ref:(null) anc:(null)
	-> generating offset remapper lookup
	-> isSame:1 adjusting foldfactors
	-> nSites: 24116708
	-> The choice of -nSites will require atleast: 1747.960815 megabyte memory, that is at least: 0.04% of total memory
	-> dim(/users/a/j/ajones76/projects/eco_genomics_2025/population_genomics/mydata/ANGSD_RunD/2021_ALL.saf.idx):17
	-> Dimension of parameter space: 17
	-> Done reading data from chromosome will prepare next chromosome
	-> Is in multi sfs, will now read data from chr:JASDQU010000690.1
	-> hello Im the master merge part of realSFS. and I'll now do a tripple bypass to find intersect 
	-> 1) Will set iter according to chooseChr and start and stop, and possibly using -sites
	-> Only read nSites: 844 will therefore prepare next chromosome (or exit)
	-> Done reading data from chromosome will prepare next chromosome
	-> Is in multi sfs, will now read data from chr:JASDQU010001344.1
	-> hello Im the master merge part of realSFS. and I'll now do a tripple bypass to find intersect 
	-> 1) Will set iter according to chooseChr and start and stop, and possibly using -sites
	-> Only read nSites: 924 will therefore prepare next chromosome (or exit)
	-> Done reading data from chromosome will prepare next chromosome
	-> Is in multi sfs, will now read data from chr:JASDQU010001970.1
	-> hello Im the master merge part of realSFS. and I'll now do a tripple bypass to find intersect 
	-> 1) Will set iter according to chooseChr and start and stop, and possibly using -sites
	-> Only read nSites: 1417 will therefore prepare next chromosome (or exit)
	-> Done reading data from chromosome will prepare next chromosome
	-> Is in multi sfs, will now read data from chr:JASDQU010004882.1
	-> hello Im the master merge part of realSFS. and I'll now do a tripple bypass to find intersect 
	-> 1) Will set iter according to chooseChr and start and stop, and possibly using -sites
	-> Only read nSites: 2503 will therefore prepare next chromosome (or exit)
	-> Done reading data from chromosome will prepare next chromosome
	-> Is in multi sfs, will now read data from chr:JASDQU010005042.1
	-> hello Im the master merge part of realSFS. and I'll now do a tripple bypass to find intersect 
	-> 1) Will set iter according to chooseChr and start and stop, and possibly using -sites
	-> Only read nSites: 3352 will therefore prepare next chromosome (or exit)
	-> Done reading data from chromosome will prepare next chromosome
	-> Is in multi sfs, will now read data from chr:JASDQU010005258.1
	-> hello Im the master merge part of realSFS. and I'll now do a tripple bypass to find intersect 
	-> 1) Will set iter according to chooseChr and start and stop, and possibly using -sites
	-> Only read nSites: 5612 will therefore prepare next chromosome (or exit)
	-> Done reading data from chromosome will prepare next chromosome
	-> Is in multi sfs, will now read data from chr:JASDQU010005330.1
	-> hello Im the master merge part of realSFS. and I'll now do a tripple bypass to find intersect 
	-> 1) Will set iter according to chooseChr and start and stop, and possibly using -sites
	-> Only read nSites: 6298 will therefore prepare next chromosome (or exit)
	-> Done reading data from chromosome will prepare next chromosome
	-> Is in multi sfs, will now read data from chr:JASDQU010005333.1
	-> hello Im the master merge part of realSFS. and I'll now do a tripple bypass to find intersect 
	-> 1) Will set iter according to chooseChr and start and stop, and possibly using -sites
	-> Only read nSites: 7525 will therefore prepare next chromosome (or exit)
	-> Done reading data from chromosome will prepare next chromosome
	-> Is in multi sfs, will now read data from chr:JASDQU010005477.1
	-> hello Im the master merge part of realSFS. and I'll now do a tripple bypass to find intersect 
	-> 1) Will set iter according to chooseChr and start and stop, and possibly using -sites
	-> Only read nSites: 8000 will therefore prepare next chromosome (or exit)
	-> Done reading data from chromosome will prepare next chromosome
	-> Is in multi sfs, will now read data from chr:JASDQU010005484.1
	-> hello Im the master merge part of realSFS. and I'll now do a tripple bypass to find intersect 
	-> 1) Will set iter according to chooseChr and start and stop, and possibly using -sites
	-> Only read nSites: 8359 will therefore prepare next chromosome (or exit)
	-> Done reading data from chromosome will prepare next chromosome
	-> Is in multi sfs, will now read data from chr:JASDQU010006094.1
	-> hello Im the master merge part of realSFS. and I'll now do a tripple bypass to find intersect 
	-> 1) Will set iter according to chooseChr and start and stop, and possibly using -sites
	-> Only read nSites: 8388 will therefore prepare next chromosome (or exit)
	-> Done reading data from chromosome will prepare next chromosome
	-> Is in multi sfs, will now read data from chr:JASDQU010006221.1
	-> hello Im the master merge part of realSFS. and I'll now do a tripple bypass to find intersect 
	-> 1) Will set iter according to chooseChr and start and stop, and possibly using -sites
	-> Only read nSites: 8469 will therefore prepare next chromosome (or exit)
	-> Done reading data from chromosome will prepare next chromosome
	-> Is in multi sfs, will now read data from chr:JASDQU010006245.1
	-> hello Im the master merge part of realSFS. and I'll now do a tripple bypass to find intersect 
	-> 1) Will set iter according to chooseChr and start and stop, and possibly using -sites
	-> Only read nSites: 8606 will therefore prepare next chromosome (or exit)
	-> Done reading data from chromosome will prepare next chromosome
	-> Is in multi sfs, will now read data from chr:JASDQU010006263.1
	-> hello Im the master merge part of realSFS. and I'll now do a tripple bypass to find intersect 
	-> 1) Will set iter according to chooseChr and start and stop, and possibly using -sites
	-> Only read nSites: 9633 will therefore prepare next chromosome (or exit)
	-> Done reading data from chromosome will prepare next chromosome
	-> Is in multi sfs, will now read data from chr:JASDQU010006607.1
	-> hello Im the master merge part of realSFS. and I'll now do a tripple bypass to find intersect 
	-> 1) Will set iter according to chooseChr and start and stop, and possibly using -sites
	-> Only read nSites: 9733 will therefore prepare next chromosome (or exit)
	-> Done reading data from chromosome will prepare next chromosome
	-> Is in multi sfs, will now read data from chr:JASDQU010006633.1
	-> hello Im the master merge part of realSFS. and I'll now do a tripple bypass to find intersect 
	-> 1) Will set iter according to chooseChr and start and stop, and possibly using -sites
	-> Only read nSites: 11717 will therefore prepare next chromosome (or exit)
	-> Done reading data from chromosome will prepare next chromosome
	-> Is in multi sfs, will now read data from chr:JASDQU010006664.1
	-> hello Im the master merge part of realSFS. and I'll now do a tripple bypass to find intersect 
	-> 1) Will set iter according to chooseChr and start and stop, and possibly using -sites
	-> Only read nSites: 13313 will therefore prepare next chromosome (or exit)
	-> Done reading data from chromosome will prepare next chromosome
	-> Is in multi sfs, will now read data from chr:JASDQU010007049.1
	-> hello Im the master merge part of realSFS. and I'll now do a tripple bypass to find intersect 
	-> 1) Will set iter according to chooseChr and start and stop, and possibly using -sites
	-> Only read nSites: 14278 will therefore prepare next chromosome (or exit)
	-> Done reading data from chromosome will prepare next chromosome
	-> Is in multi sfs, will now read data from chr:JASDQU010007391.1
	-> hello Im the master merge part of realSFS. and I'll now do a tripple bypass to find intersect 
	-> 1) Will set iter according to chooseChr and start and stop, and possibly using -sites
	-> Only read nSites: 14874 will therefore prepare next chromosome (or exit)
	-> Done reading data from chromosome will prepare next chromosome
	-> Is in multi sfs, will now read data from chr:JASDQU010007432.1
	-> hello Im the master merge part of realSFS. and I'll now do a tripple bypass to find intersect 
	-> 1) Will set iter according to chooseChr and start and stop, and possibly using -sites
	-> Only read nSites: 15785 will therefore prepare next chromosome (or exit)
	-> Done reading data from chromosome will prepare next chromosome
	-> Is in multi sfs, will now read data from chr:JASDQU010007832.1
	-> hello Im the master merge part of realSFS. and I'll now do a tripple bypass to find intersect 
	-> 1) Will set iter according to chooseChr and start and stop, and possibly using -sites
	-> Only read nSites: 16054 will therefore prepare next chromosome (or exit)
	-> Done reading data from chromosome will prepare next chromosome
	-> Is in multi sfs, will now read data from chr:JASDQU010008303.1
	-> hello Im the master merge part of realSFS. and I'll now do a tripple bypass to find intersect 
	-> 1) Will set iter according to chooseChr and start and stop, and possibly using -sites
	-> Only read nSites: 16298 will therefore prepare next chromosome (or exit)
	-> Done reading data from chromosome will prepare next chromosome
	-> Is in multi sfs, will now read data from chr:JASDQU010008331.1
	-> hello Im the master merge part of realSFS. and I'll now do a tripple bypass to find intersect 
	-> 1) Will set iter according to chooseChr and start and stop, and possibly using -sites
	-> Only read nSites: 17417 will therefore prepare next chromosome (or exit)
	-> Done reading data from chromosome will prepare next chromosome
	-> Is in multi sfs, will now read data from chr:JASDQU010008495.1
	-> hello Im the master merge part of realSFS. and I'll now do a tripple bypass to find intersect 
	-> 1) Will set iter according to chooseChr and start and stop, and possibly using -sites
	-> Only read nSites: 17890 will therefore prepare next chromosome (or exit)
	-> Done reading data from chromosome will prepare next chromosome
	-> Is in multi sfs, will now read data from chr:JASDQU010008861.1
	-> hello Im the master merge part of realSFS. and I'll now do a tripple bypass to find intersect 
	-> 1) Will set iter according to chooseChr and start and stop, and possibly using -sites
	-> Only read nSites: 18603 will therefore prepare next chromosome (or exit)
	-> Done reading data from chromosome will prepare next chromosome
	-> Is in multi sfs, will now read data from chr:JASDQU010008927.1
	-> hello Im the master merge part of realSFS. and I'll now do a tripple bypass to find intersect 
	-> 1) Will set iter according to chooseChr and start and stop, and possibly using -sites
	-> Only read nSites: 19166 will therefore prepare next chromosome (or exit)
	-> Done reading data from chromosome will prepare next chromosome
	-> Is in multi sfs, will now read data from chr:JASDQU010008932.1
	-> hello Im the master merge part of realSFS. and I'll now do a tripple bypass to find intersect 
	-> 1) Will set iter according to chooseChr and start and stop, and possibly using -sites
	-> Only read nSites: 19180 will therefore prepare next chromosome (or exit)
	-> Done reading data from chromosome will prepare next chromosome
	-> Is in multi sfs, will now read data from chr:JASDQU010009183.1
	-> hello Im the master merge part of realSFS. and I'll now do a tripple bypass to find intersect 
	-> 1) Will set iter according to chooseChr and start and stop, and possibly using -sites
	-> Only read nSites: 20095 will therefore prepare next chromosome (or exit)
	-> Done reading data from chromosome will prepare next chromosome
	-> Is in multi sfs, will now read data from chr:JASDQU010009368.1
	-> hello Im the master merge part of realSFS. and I'll now do a tripple bypass to find intersect 
	-> 1) Will set iter according to chooseChr and start and stop, and possibly using -sites
	-> Only read nSites: 20536 will therefore prepare next chromosome (or exit)
	-> Done reading data from chromosome will prepare next chromosome
	-> Is in multi sfs, will now read data from chr:JASDQU010009396.1
	-> hello Im the master merge part of realSFS. and I'll now do a tripple bypass to find intersect 
	-> 1) Will set iter according to chooseChr and start and stop, and possibly using -sites
	-> Only read nSites: 20693 will therefore prepare next chromosome (or exit)
	-> Done reading data from chromosome will prepare next chromosome
	-> Is in multi sfs, will now read data from chr:JASDQU010009525.1
	-> hello Im the master merge part of realSFS. and I'll now do a tripple bypass to find intersect 
	-> 1) Will set iter according to chooseChr and start and stop, and possibly using -sites
	-> Only read nSites: 20952 will therefore prepare next chromosome (or exit)
	-> Done reading data from chromosome will prepare next chromosome
	-> Is in multi sfs, will now read data from chr:JASDQU010009742.1
	-> hello Im the master merge part of realSFS. and I'll now do a tripple bypass to find intersect 
	-> 1) Will set iter according to chooseChr and start and stop, and possibly using -sites
	-> Only read nSites: 22213 will therefore prepare next chromosome (or exit)
	-> Done reading data from chromosome will prepare next chromosome
	-> Is in multi sfs, will now read data from chr:JASDQU010010006.1
	-> hello Im the master merge part of realSFS. and I'll now do a tripple bypass to find intersect 
	-> 1) Will set iter according to chooseChr and start and stop, and possibly using -sites
	-> Only read nSites: 22253 will therefore prepare next chromosome (or exit)
	-> Done reading data from chromosome will prepare next chromosome
	-> Is in multi sfs, will now read data from chr:JASDQU010010013.1
	-> hello Im the master merge part of realSFS. and I'll now do a tripple bypass to find intersect 
	-> 1) Will set iter according to chooseChr and start and stop, and possibly using -sites
	-> Only read nSites: 23322 will therefore prepare next chromosome (or exit)
	-> Done reading data from chromosome will prepare next chromosome
	-> Is in multi sfs, will now read data from chr:JASDQU010010023.1
	-> hello Im the master merge part of realSFS. and I'll now do a tripple bypass to find intersect 
	-> 1) Will set iter according to chooseChr and start and stop, and possibly using -sites
	-> Only read nSites: 24784 will therefore prepare next chromosome (or exit)
	-> Done reading data from chromosome will prepare next chromosome
	-> Is in multi sfs, will now read data from chr:JASDQU010010025.1
	-> hello Im the master merge part of realSFS. and I'll now do a tripple bypass to find intersect 
	-> 1) Will set iter according to chooseChr and start and stop, and possibly using -sites
	-> Only read nSites: 24875 will therefore prepare next chromosome (or exit)
	-> Done reading data from chromosome will prepare next chromosome
	-> Is in multi sfs, will now read data from chr:JASDQU010010031.1
	-> hello Im the master merge part of realSFS. and I'll now do a tripple bypass to find intersect 
	-> 1) Will set iter according to chooseChr and start and stop, and possibly using -sites
	-> Only read nSites: 28766 will therefore prepare next chromosome (or exit)
	-> Done reading data from chromosome will prepare next chromosome
	-> Is in multi sfs, will now read data from chr:JASDQU010010033.1
	-> hello Im the master merge part of realSFS. and I'll now do a tripple bypass to find intersect 
	-> 1) Will set iter according to chooseChr and start and stop, and possibly using -sites
	-> Only read nSites: 29265 will therefore prepare next chromosome (or exit)
	-> Done reading data from chromosome will prepare next chromosome
	-> Is in multi sfs, will now read data from chr:JASDQU010010034.1
	-> hello Im the master merge part of realSFS. and I'll now do a tripple bypass to find intersect 
	-> 1) Will set iter according to chooseChr and start and stop, and possibly using -sites
	-> Only read nSites: 32204 will therefore prepare next chromosome (or exit)
	-> Done reading data from chromosome will prepare next chromosome
	-> Is in multi sfs, will now read data from chr:JASDQU010010035.1
	-> hello Im the master merge part of realSFS. and I'll now do a tripple bypass to find intersect 
	-> 1) Will set iter according to chooseChr and start and stop, and possibly using -sites
	-> Only read nSites: 33357 will therefore prepare next chromosome (or exit)
	-> Done reading data from chromosome will prepare next chromosome
	-> Is in multi sfs, will now read data from chr:JASDQU010010038.1
	-> hello Im the master merge part of realSFS. and I'll now do a tripple bypass to find intersect 
	-> 1) Will set iter according to chooseChr and start and stop, and possibly using -sites
	-> Only read nSites: 34254 will therefore prepare next chromosome (or exit)
	-> Done reading data from chromosome will prepare next chromosome
	-> Is in multi sfs, will now read data from chr:JASDQU010010040.1
	-> hello Im the master merge part of realSFS. and I'll now do a tripple bypass to find intersect 
	-> 1) Will set iter according to chooseChr and start and stop, and possibly using -sites
	-> Only read nSites: 35580 will therefore prepare next chromosome (or exit)
	-> Done reading data from chromosome will prepare next chromosome
	-> Is in multi sfs, will now read data from chr:JASDQU010010043.1
	-> hello Im the master merge part of realSFS. and I'll now do a tripple bypass to find intersect 
	-> 1) Will set iter according to chooseChr and start and stop, and possibly using -sites
	-> Only read nSites: 36719 will therefore prepare next chromosome (or exit)
	-> Done reading data from chromosome will prepare next chromosome
	-> Is in multi sfs, will now read data from chr:JASDQU010010049.1
	-> hello Im the master merge part of realSFS. and I'll now do a tripple bypass to find intersect 
	-> 1) Will set iter according to chooseChr and start and stop, and possibly using -sites
	-> Only read nSites: 37685 will therefore prepare next chromosome (or exit)
	-> Done reading data from chromosome will prepare next chromosome
	-> Is in multi sfs, will now read data from chr:JASDQU010010051.1
	-> hello Im the master merge part of realSFS. and I'll now do a tripple bypass to find intersect 
	-> 1) Will set iter according to chooseChr and start and stop, and possibly using -sites
	-> Only read nSites: 38195 will therefore prepare next chromosome (or exit)
	-> Done reading data from chromosome will prepare next chromosome
	-> Is in multi sfs, will now read data from chr:JASDQU010010052.1
	-> hello Im the master merge part of realSFS. and I'll now do a tripple bypass to find intersect 
	-> 1) Will set iter according to chooseChr and start and stop, and possibly using -sites
	-> Only read nSites: 38564 will therefore prepare next chromosome (or exit)
	-> Done reading data from chromosome will prepare next chromosome
	-> Is in multi sfs, will now read data from chr:JASDQU010010054.1
	-> hello Im the master merge part of realSFS. and I'll now do a tripple bypass to find intersect 
	-> 1) Will set iter according to chooseChr and start and stop, and possibly using -sites
	-> Only read nSites: 40561 will therefore prepare next chromosome (or exit)
	-> Done reading data from chromosome will prepare next chromosome
	-> Is in multi sfs, will now read data from chr:JASDQU010010055.1
	-> hello Im the master merge part of realSFS. and I'll now do a tripple bypass to find intersect 
	-> 1) Will set iter according to chooseChr and start and stop, and possibly using -sites
	-> Only read nSites: 40744 will therefore prepare next chromosome (or exit)
	-> Done reading data from chromosome will prepare next chromosome
	-> Is in multi sfs, will now read data from chr:JASDQU010010056.1
	-> hello Im the master merge part of realSFS. and I'll now do a tripple bypass to find intersect 
	-> 1) Will set iter according to chooseChr and start and stop, and possibly using -sites
	-> Only read nSites: 42688 will therefore prepare next chromosome (or exit)
	-> Done reading data from chromosome will prepare next chromosome
	-> Is in multi sfs, will now read data from chr:JASDQU010010058.1
	-> hello Im the master merge part of realSFS. and I'll now do a tripple bypass to find intersect 
	-> 1) Will set iter according to chooseChr and start and stop, and possibly using -sites
	-> Only read nSites: 44389 will therefore prepare next chromosome (or exit)
	-> Done reading data from chromosome will prepare next chromosome
	-> Is in multi sfs, will now read data from chr:JASDQU010010065.1
	-> hello Im the master merge part of realSFS. and I'll now do a tripple bypass to find intersect 
	-> 1) Will set iter according to chooseChr and start and stop, and possibly using -sites
	-> Only read nSites: 45434 will therefore prepare next chromosome (or exit)
	-> Done reading data from chromosome will prepare next chromosome
	-> Is in multi sfs, will now read data from chr:JASDQU010010068.1
	-> hello Im the master merge part of realSFS. and I'll now do a tripple bypass to find intersect 
	-> 1) Will set iter according to chooseChr and start and stop, and possibly using -sites
	-> Only read nSites: 46190 will therefore prepare next chromosome (or exit)
	-> Done reading data from chromosome will prepare next chromosome
	-> Is in multi sfs, will now read data from chr:JASDQU010010071.1
	-> hello Im the master merge part of realSFS. and I'll now do a tripple bypass to find intersect 
	-> 1) Will set iter according to chooseChr and start and stop, and possibly using -sites
	-> Only read nSites: 46579 will therefore prepare next chromosome (or exit)
	-> Done reading data from chromosome will prepare next chromosome
	-> Is in multi sfs, will now read data from chr:JASDQU010010077.1
	-> hello Im the master merge part of realSFS. and I'll now do a tripple bypass to find intersect 
	-> 1) Will set iter according to chooseChr and start and stop, and possibly using -sites
	-> Only read nSites: 46939 will therefore prepare next chromosome (or exit)
	-> Done reading data from chromosome will prepare next chromosome
	-> Is in multi sfs, will now read data from chr:JASDQU010010086.1
	-> hello Im the master merge part of realSFS. and I'll now do a tripple bypass to find intersect 
	-> 1) Will set iter according to chooseChr and start and stop, and possibly using -sites
	-> Only read nSites: 47677 will therefore prepare next chromosome (or exit)
	-> Done reading data from chromosome will prepare next chromosome
	-> Is in multi sfs, will now read data from chr:JASDQU010010089.1
	-> hello Im the master merge part of realSFS. and I'll now do a tripple bypass to find intersect 
	-> 1) Will set iter according to chooseChr and start and stop, and possibly using -sites
	-> Only read nSites: 48749 will therefore prepare next chromosome (or exit)
	-> Done reading data from chromosome will prepare next chromosome
	-> Is in multi sfs, will now read data from chr:JASDQU010010091.1
	-> hello Im the master merge part of realSFS. and I'll now do a tripple bypass to find intersect 
	-> 1) Will set iter according to chooseChr and start and stop, and possibly using -sites
	-> Only read nSites: 49653 will therefore prepare next chromosome (or exit)
	-> Done reading data from chromosome will prepare next chromosome
	-> Is in multi sfs, will now read data from chr:JASDQU010010094.1
	-> hello Im the master merge part of realSFS. and I'll now do a tripple bypass to find intersect 
	-> 1) Will set iter according to chooseChr and start and stop, and possibly using -sites
	-> Only read nSites: 50359 will therefore prepare next chromosome (or exit)
	-> Done reading data from chromosome will prepare next chromosome
	-> Is in multi sfs, will now read data from chr:JASDQU010010095.1
	-> hello Im the master merge part of realSFS. and I'll now do a tripple bypass to find intersect 
	-> 1) Will set iter according to chooseChr and start and stop, and possibly using -sites
	-> Only read nSites: 51006 will therefore prepare next chromosome (or exit)
	-> Done reading data from chromosome will prepare next chromosome
	-> Is in multi sfs, will now read data from chr:JASDQU010010098.1
	-> hello Im the master merge part of realSFS. and I'll now do a tripple bypass to find intersect 
	-> 1) Will set iter according to chooseChr and start and stop, and possibly using -sites
	-> Only read nSites: 51364 will therefore prepare next chromosome (or exit)
	-> Done reading data from chromosome will prepare next chromosome
	-> Is in multi sfs, will now read data from chr:JASDQU010010118.1
	-> hello Im the master merge part of realSFS. and I'll now do a tripple bypass to find intersect 
	-> 1) Will set iter according to chooseChr and start and stop, and possibly using -sites
	-> Only read nSites: 52107 will therefore prepare next chromosome (or exit)
	-> Done reading data from chromosome will prepare next chromosome
	-> Is in multi sfs, will now read data from chr:JASDQU010010120.1
	-> hello Im the master merge part of realSFS. and I'll now do a tripple bypass to find intersect 
	-> 1) Will set iter according to chooseChr and start and stop, and possibly using -sites
	-> Only read nSites: 52601 will therefore prepare next chromosome (or exit)
	-> Done reading data from chromosome will prepare next chromosome
	-> Is in multi sfs, will now read data from chr:JASDQU010010129.1
	-> hello Im the master merge part of realSFS. and I'll now do a tripple bypass to find intersect 
	-> 1) Will set iter according to chooseChr and start and stop, and possibly using -sites
	-> Only read nSites: 54883 will therefore prepare next chromosome (or exit)
	-> Done reading data from chromosome will prepare next chromosome
	-> Is in multi sfs, will now read data from chr:JASDQU010010137.1
	-> hello Im the master merge part of realSFS. and I'll now do a tripple bypass to find intersect 
	-> 1) Will set iter according to chooseChr and start and stop, and possibly using -sites
	-> Only read nSites: 55836 will therefore prepare next chromosome (or exit)
	-> Done reading data from chromosome will prepare next chromosome
	-> Is in multi sfs, will now read data from chr:JASDQU010010139.1
	-> hello Im the master merge part of realSFS. and I'll now do a tripple bypass to find intersect 
	-> 1) Will set iter according to chooseChr and start and stop, and possibly using -sites
	-> Only read nSites: 57131 will therefore prepare next chromosome (or exit)
	-> Done reading data from chromosome will prepare next chromosome
	-> Is in multi sfs, will now read data from chr:JASDQU010010145.1
	-> hello Im the master merge part of realSFS. and I'll now do a tripple bypass to find intersect 
	-> 1) Will set iter according to chooseChr and start and stop, and possibly using -sites
	-> Only read nSites: 59292 will therefore prepare next chromosome (or exit)
	-> Done reading data from chromosome will prepare next chromosome
	-> Is in multi sfs, will now read data from chr:JASDQU010010146.1
	-> hello Im the master merge part of realSFS. and I'll now do a tripple bypass to find intersect 
	-> 1) Will set iter according to chooseChr and start and stop, and possibly using -sites
	-> Only read nSites: 63762 will therefore prepare next chromosome (or exit)
	-> Done reading data from chromosome will prepare next chromosome
	-> Is in multi sfs, will now read data from chr:JASDQU010010150.1
	-> hello Im the master merge part of realSFS. and I'll now do a tripple bypass to find intersect 
	-> 1) Will set iter according to chooseChr and start and stop, and possibly using -sites
	-> Only read nSites: 64027 will therefore prepare next chromosome (or exit)
	-> Done reading data from chromosome will prepare next chromosome
	-> Is in multi sfs, will now read data from chr:JASDQU010010151.1
	-> hello Im the master merge part of realSFS. and I'll now do a tripple bypass to find intersect 
	-> 1) Will set iter according to chooseChr and start and stop, and possibly using -sites
	-> Only read nSites: 66741 will therefore prepare next chromosome (or exit)
	-> Done reading data from chromosome will prepare next chromosome
	-> Is in multi sfs, will now read data from chr:JASDQU010010153.1
	-> hello Im the master merge part of realSFS. and I'll now do a tripple bypass to find intersect 
	-> 1) Will set iter according to chooseChr and start and stop, and possibly using -sites
	-> Only read nSites: 66867 will therefore prepare next chromosome (or exit)
	-> Done reading data from chromosome will prepare next chromosome
	-> Is in multi sfs, will now read data from chr:JASDQU010010155.1
	-> hello Im the master merge part of realSFS. and I'll now do a tripple bypass to find intersect 
	-> 1) Will set iter according to chooseChr and start and stop, and possibly using -sites
	-> Only read nSites: 68802 will therefore prepare next chromosome (or exit)
	-> Done reading data from chromosome will prepare next chromosome
	-> Is in multi sfs, will now read data from chr:JASDQU010010166.1
	-> hello Im the master merge part of realSFS. and I'll now do a tripple bypass to find intersect 
	-> 1) Will set iter according to chooseChr and start and stop, and possibly using -sites
	-> Only read nSites: 70294 will therefore prepare next chromosome (or exit)
	-> Done reading data from chromosome will prepare next chromosome
	-> Is in multi sfs, will now read data from chr:JASDQU010010171.1
	-> hello Im the master merge part of realSFS. and I'll now do a tripple bypass to find intersect 
	-> 1) Will set iter according to chooseChr and start and stop, and possibly using -sites
	-> Only read nSites: 70361 will therefore prepare next chromosome (or exit)
	-> Done reading data from chromosome will prepare next chromosome
	-> Is in multi sfs, will now read data from chr:JASDQU010010179.1
	-> hello Im the master merge part of realSFS. and I'll now do a tripple bypass to find intersect 
	-> 1) Will set iter according to chooseChr and start and stop, and possibly using -sites
	-> Only read nSites: 70654 will therefore prepare next chromosome (or exit)
	-> Done reading data from chromosome will prepare next chromosome
	-> Is in multi sfs, will now read data from chr:JASDQU010010181.1
	-> hello Im the master merge part of realSFS. and I'll now do a tripple bypass to find intersect 
	-> 1) Will set iter according to chooseChr and start and stop, and possibly using -sites
	-> Only read nSites: 71199 will therefore prepare next chromosome (or exit)
	-> Done reading data from chromosome will prepare next chromosome
	-> Is in multi sfs, will now read data from chr:JASDQU010010184.1
	-> hello Im the master merge part of realSFS. and I'll now do a tripple bypass to find intersect 
	-> 1) Will set iter according to chooseChr and start and stop, and possibly using -sites
	-> Only read nSites: 73216 will therefore prepare next chromosome (or exit)
	-> Done reading data from chromosome will prepare next chromosome
	-> Is in multi sfs, will now read data from chr:JASDQU010010186.1
	-> hello Im the master merge part of realSFS. and I'll now do a tripple bypass to find intersect 
	-> 1) Will set iter according to chooseChr and start and stop, and possibly using -sites
	-> Only read nSites: 76302 will therefore prepare next chromosome (or exit)
	-> Done reading data from chromosome will prepare next chromosome
	-> Is in multi sfs, will now read data from chr:JASDQU010010190.1
	-> hello Im the master merge part of realSFS. and I'll now do a tripple bypass to find intersect 
	-> 1) Will set iter according to chooseChr and start and stop, and possibly using -sites
	-> Only read nSites: 76815 will therefore prepare next chromosome (or exit)
	-> Done reading data from chromosome will prepare next chromosome
	-> Is in multi sfs, will now read data from chr:JASDQU010010191.1
	-> hello Im the master merge part of realSFS. and I'll now do a tripple bypass to find intersect 
	-> 1) Will set iter according to chooseChr and start and stop, and possibly using -sites
	-> Only read nSites: 77569 will therefore prepare next chromosome (or exit)
	-> Done reading data from chromosome will prepare next chromosome
	-> Is in multi sfs, will now read data from chr:JASDQU010010197.1
	-> hello Im the master merge part of realSFS. and I'll now do a tripple bypass to find intersect 
	-> 1) Will set iter according to chooseChr and start and stop, and possibly using -sites
	-> Only read nSites: 80367 will therefore prepare next chromosome (or exit)
	-> Done reading data from chromosome will prepare next chromosome
	-> Is in multi sfs, will now read data from chr:JASDQU010010202.1
	-> hello Im the master merge part of realSFS. and I'll now do a tripple bypass to find intersect 
	-> 1) Will set iter according to chooseChr and start and stop, and possibly using -sites
	-> Only read nSites: 80397 will therefore prepare next chromosome (or exit)
	-> Done reading data from chromosome will prepare next chromosome
	-> Is in multi sfs, will now read data from chr:JASDQU010010215.1
	-> hello Im the master merge part of realSFS. and I'll now do a tripple bypass to find intersect 
	-> 1) Will set iter according to chooseChr and start and stop, and possibly using -sites
	-> Only read nSites: 81268 will therefore prepare next chromosome (or exit)
	-> Done reading data from chromosome will prepare next chromosome
	-> Is in multi sfs, will now read data from chr:JASDQU010010217.1
	-> hello Im the master merge part of realSFS. and I'll now do a tripple bypass to find intersect 
	-> 1) Will set iter according to chooseChr and start and stop, and possibly using -sites
	-> Only read nSites: 81430 will therefore prepare next chromosome (or exit)
	-> Done reading data from chromosome will prepare next chromosome
	-> Is in multi sfs, will now read data from chr:JASDQU010010218.1
	-> hello Im the master merge part of realSFS. and I'll now do a tripple bypass to find intersect 
	-> 1) Will set iter according to chooseChr and start and stop, and possibly using -sites
	-> Only read nSites: 81857 will therefore prepare next chromosome (or exit)
	-> Done reading data from chromosome will prepare next chromosome
	-> Is in multi sfs, will now read data from chr:JASDQU010010222.1
	-> hello Im the master merge part of realSFS. and I'll now do a tripple bypass to find intersect 
	-> 1) Will set iter according to chooseChr and start and stop, and possibly using -sites
	-> Only read nSites: 82316 will therefore prepare next chromosome (or exit)
	-> Done reading data from chromosome will prepare next chromosome
	-> Is in multi sfs, will now read data from chr:JASDQU010010224.1
	-> hello Im the master merge part of realSFS. and I'll now do a tripple bypass to find intersect 
	-> 1) Will set iter according to chooseChr and start and stop, and possibly using -sites
	-> Only read nSites: 83106 will therefore prepare next chromosome (or exit)
	-> Done reading data from chromosome will prepare next chromosome
	-> Is in multi sfs, will now read data from chr:JASDQU010010225.1
	-> hello Im the master merge part of realSFS. and I'll now do a tripple bypass to find intersect 
	-> 1) Will set iter according to chooseChr and start and stop, and possibly using -sites
	-> Only read nSites: 85825 will therefore prepare next chromosome (or exit)
	-> Done reading data from chromosome will prepare next chromosome
	-> Is in multi sfs, will now read data from chr:JASDQU010010227.1
	-> hello Im the master merge part of realSFS. and I'll now do a tripple bypass to find intersect 
	-> 1) Will set iter according to chooseChr and start and stop, and possibly using -sites
	-> Only read nSites: 92241 will therefore prepare next chromosome (or exit)
	-> Done reading data from chromosome will prepare next chromosome
	-> Is in multi sfs, will now read data from chr:JASDQU010010231.1
	-> hello Im the master merge part of realSFS. and I'll now do a tripple bypass to find intersect 
	-> 1) Will set iter according to chooseChr and start and stop, and possibly using -sites
	-> Only read nSites: 97290 will therefore prepare next chromosome (or exit)
	-> Done reading data from chromosome will prepare next chromosome
	-> Is in multi sfs, will now read data from chr:JASDQU010010232.1
	-> hello Im the master merge part of realSFS. and I'll now do a tripple bypass to find intersect 
	-> 1) Will set iter according to chooseChr and start and stop, and possibly using -sites
	-> Only read nSites: 99788 will therefore prepare next chromosome (or exit)
	-> Done reading data from chromosome will prepare next chromosome
	-> Is in multi sfs, will now read data from chr:JASDQU010010234.1
	-> hello Im the master merge part of realSFS. and I'll now do a tripple bypass to find intersect 
	-> 1) Will set iter according to chooseChr and start and stop, and possibly using -sites
	-> Only read nSites: 102311 will therefore prepare next chromosome (or exit)
	-> Done reading data from chromosome will prepare next chromosome
	-> Is in multi sfs, will now read data from chr:JASDQU010010241.1
	-> hello Im the master merge part of realSFS. and I'll now do a tripple bypass to find intersect 
	-> 1) Will set iter according to chooseChr and start and stop, and possibly using -sites
	-> Only read nSites: 107347 will therefore prepare next chromosome (or exit)
	-> Done reading data from chromosome will prepare next chromosome
	-> Is in multi sfs, will now read data from chr:JASDQU010010245.1
	-> hello Im the master merge part of realSFS. and I'll now do a tripple bypass to find intersect 
	-> 1) Will set iter according to chooseChr and start and stop, and possibly using -sites
	-> Only read nSites: 109967 will therefore prepare next chromosome (or exit)
	-> Done reading data from chromosome will prepare next chromosome
	-> Is in multi sfs, will now read data from chr:JASDQU010010248.1
	-> hello Im the master merge part of realSFS. and I'll now do a tripple bypass to find intersect 
	-> 1) Will set iter according to chooseChr and start and stop, and possibly using -sites
	-> Only read nSites: 110655 will therefore prepare next chromosome (or exit)
	-> Done reading data from chromosome will prepare next chromosome
	-> Is in multi sfs, will now read data from chr:JASDQU010010250.1
	-> hello Im the master merge part of realSFS. and I'll now do a tripple bypass to find intersect 
	-> 1) Will set iter according to chooseChr and start and stop, and possibly using -sites
	-> Only read nSites: 111385 will therefore prepare next chromosome (or exit)
	-> Done reading data from chromosome will prepare next chromosome
	-> Is in multi sfs, will now read data from chr:JASDQU010010251.1
	-> hello Im the master merge part of realSFS. and I'll now do a tripple bypass to find intersect 
	-> 1) Will set iter according to chooseChr and start and stop, and possibly using -sites
	-> Only read nSites: 112486 will therefore prepare next chromosome (or exit)
	-> Done reading data from chromosome will prepare next chromosome
	-> Is in multi sfs, will now read data from chr:JASDQU010010265.1
	-> hello Im the master merge part of realSFS. and I'll now do a tripple bypass to find intersect 
	-> 1) Will set iter according to chooseChr and start and stop, and possibly using -sites
	-> Only read nSites: 114244 will therefore prepare next chromosome (or exit)
	-> Done reading data from chromosome will prepare next chromosome
	-> Is in multi sfs, will now read data from chr:JASDQU010010269.1
	-> hello Im the master merge part of realSFS. and I'll now do a tripple bypass to find intersect 
	-> 1) Will set iter according to chooseChr and start and stop, and possibly using -sites
	-> Only read nSites: 114305 will therefore prepare next chromosome (or exit)
	-> Done reading data from chromosome will prepare next chromosome
	-> Is in multi sfs, will now read data from chr:JASDQU010010271.1
	-> hello Im the master merge part of realSFS. and I'll now do a tripple bypass to find intersect 
	-> 1) Will set iter according to chooseChr and start and stop, and possibly using -sites
	-> Only read nSites: 114944 will therefore prepare next chromosome (or exit)
	-> Done reading data from chromosome will prepare next chromosome
	-> Is in multi sfs, will now read data from chr:JASDQU010010275.1
	-> hello Im the master merge part of realSFS. and I'll now do a tripple bypass to find intersect 
	-> 1) Will set iter according to chooseChr and start and stop, and possibly using -sites
	-> Only read nSites: 124225 will therefore prepare next chromosome (or exit)
	-> Done reading data from chromosome will prepare next chromosome
	-> Is in multi sfs, will now read data from chr:JASDQU010010286.1
	-> hello Im the master merge part of realSFS. and I'll now do a tripple bypass to find intersect 
	-> 1) Will set iter according to chooseChr and start and stop, and possibly using -sites
	-> Only read nSites: 125511 will therefore prepare next chromosome (or exit)
	-> Done reading data from chromosome will prepare next chromosome
	-> Is in multi sfs, will now read data from chr:JASDQU010010289.1
	-> hello Im the master merge part of realSFS. and I'll now do a tripple bypass to find intersect 
	-> 1) Will set iter according to chooseChr and start and stop, and possibly using -sites
	-> Only read nSites: 126449 will therefore prepare next chromosome (or exit)
	-> Done reading data from chromosome will prepare next chromosome
	-> Is in multi sfs, will now read data from chr:JASDQU010010292.1
	-> hello Im the master merge part of realSFS. and I'll now do a tripple bypass to find intersect 
	-> 1) Will set iter according to chooseChr and start and stop, and possibly using -sites
	-> Only read nSites: 128668 will therefore prepare next chromosome (or exit)
	-> Done reading data from chromosome will prepare next chromosome
	-> Is in multi sfs, will now read data from chr:JASDQU010010296.1
	-> hello Im the master merge part of realSFS. and I'll now do a tripple bypass to find intersect 
	-> 1) Will set iter according to chooseChr and start and stop, and possibly using -sites
	-> Only read nSites: 128674 will therefore prepare next chromosome (or exit)
	-> Done reading data from chromosome will prepare next chromosome
	-> Is in multi sfs, will now read data from chr:JASDQU010010303.1
	-> hello Im the master merge part of realSFS. and I'll now do a tripple bypass to find intersect 
	-> 1) Will set iter according to chooseChr and start and stop, and possibly using -sites
	-> Only read nSites: 130295 will therefore prepare next chromosome (or exit)
	-> Done reading data from chromosome will prepare next chromosome
	-> Is in multi sfs, will now read data from chr:JASDQU010010307.1
	-> hello Im the master merge part of realSFS. and I'll now do a tripple bypass to find intersect 
	-> 1) Will set iter according to chooseChr and start and stop, and possibly using -sites
	-> Only read nSites: 132380 will therefore prepare next chromosome (or exit)
	-> Done reading data from chromosome will prepare next chromosome
	-> Is in multi sfs, will now read data from chr:JASDQU010010310.1
	-> hello Im the master merge part of realSFS. and I'll now do a tripple bypass to find intersect 
	-> 1) Will set iter according to chooseChr and start and stop, and possibly using -sites
	-> Only read nSites: 134264 will therefore prepare next chromosome (or exit)
	-> Done reading data from chromosome will prepare next chromosome
	-> Is in multi sfs, will now read data from chr:JASDQU010010312.1
	-> hello Im the master merge part of realSFS. and I'll now do a tripple bypass to find intersect 
	-> 1) Will set iter according to chooseChr and start and stop, and possibly using -sites
	-> Only read nSites: 137316 will therefore prepare next chromosome (or exit)
	-> Done reading data from chromosome will prepare next chromosome
	-> Is in multi sfs, will now read data from chr:JASDQU010010321.1
	-> hello Im the master merge part of realSFS. and I'll now do a tripple bypass to find intersect 
	-> 1) Will set iter according to chooseChr and start and stop, and possibly using -sites
	-> Only read nSites: 138385 will therefore prepare next chromosome (or exit)
	-> Done reading data from chromosome will prepare next chromosome
	-> Is in multi sfs, will now read data from chr:JASDQU010010323.1
	-> hello Im the master merge part of realSFS. and I'll now do a tripple bypass to find intersect 
	-> 1) Will set iter according to chooseChr and start and stop, and possibly using -sites
	-> Only read nSites: 139347 will therefore prepare next chromosome (or exit)
	-> Done reading data from chromosome will prepare next chromosome
	-> Is in multi sfs, will now read data from chr:JASDQU010010331.1
	-> hello Im the master merge part of realSFS. and I'll now do a tripple bypass to find intersect 
	-> 1) Will set iter according to chooseChr and start and stop, and possibly using -sites
	-> Only read nSites: 139986 will therefore prepare next chromosome (or exit)
	-> Done reading data from chromosome will prepare next chromosome
	-> Is in multi sfs, will now read data from chr:JASDQU010010334.1
	-> hello Im the master merge part of realSFS. and I'll now do a tripple bypass to find intersect 
	-> 1) Will set iter according to chooseChr and start and stop, and possibly using -sites
	-> Only read nSites: 142644 will therefore prepare next chromosome (or exit)
	-> Done reading data from chromosome will prepare next chromosome
	-> Is in multi sfs, will now read data from chr:JASDQU010010345.1
	-> hello Im the master merge part of realSFS. and I'll now do a tripple bypass to find intersect 
	-> 1) Will set iter according to chooseChr and start and stop, and possibly using -sites
	-> Only read nSites: 143135 will therefore prepare next chromosome (or exit)
	-> Done reading data from chromosome will prepare next chromosome
	-> Is in multi sfs, will now read data from chr:JASDQU010010346.1
	-> hello Im the master merge part of realSFS. and I'll now do a tripple bypass to find intersect 
	-> 1) Will set iter according to chooseChr and start and stop, and possibly using -sites
	-> Only read nSites: 143345 will therefore prepare next chromosome (or exit)
	-> Done reading data from chromosome will prepare next chromosome
	-> Is in multi sfs, will now read data from chr:JASDQU010010347.1
	-> hello Im the master merge part of realSFS. and I'll now do a tripple bypass to find intersect 
	-> 1) Will set iter according to chooseChr and start and stop, and possibly using -sites
	-> Only read nSites: 143463 will therefore prepare next chromosome (or exit)
	-> Done reading data from chromosome will prepare next chromosome
	-> Is in multi sfs, will now read data from chr:JASDQU010010349.1
	-> hello Im the master merge part of realSFS. and I'll now do a tripple bypass to find intersect 
	-> 1) Will set iter according to chooseChr and start and stop, and possibly using -sites
	-> Only read nSites: 143639 will therefore prepare next chromosome (or exit)
	-> Done reading data from chromosome will prepare next chromosome
	-> Is in multi sfs, will now read data from chr:JASDQU010010352.1
	-> hello Im the master merge part of realSFS. and I'll now do a tripple bypass to find intersect 
	-> 1) Will set iter according to chooseChr and start and stop, and possibly using -sites
	-> Only read nSites: 144235 will therefore prepare next chromosome (or exit)
	-> Done reading data from chromosome will prepare next chromosome
	-> Is in multi sfs, will now read data from chr:JASDQU010010357.1
	-> hello Im the master merge part of realSFS. and I'll now do a tripple bypass to find intersect 
	-> 1) Will set iter according to chooseChr and start and stop, and possibly using -sites
	-> Only read nSites: 144281 will therefore prepare next chromosome (or exit)
	-> Done reading data from chromosome will prepare next chromosome
	-> Is in multi sfs, will now read data from chr:JASDQU010010359.1
	-> hello Im the master merge part of realSFS. and I'll now do a tripple bypass to find intersect 
	-> 1) Will set iter according to chooseChr and start and stop, and possibly using -sites
	-> Only read nSites: 144775 will therefore prepare next chromosome (or exit)
	-> Done reading data from chromosome will prepare next chromosome
	-> Is in multi sfs, will now read data from chr:JASDQU010010373.1
	-> hello Im the master merge part of realSFS. and I'll now do a tripple bypass to find intersect 
	-> 1) Will set iter according to chooseChr and start and stop, and possibly using -sites
	-> Only read nSites: 145913 will therefore prepare next chromosome (or exit)
	-> Done reading data from chromosome will prepare next chromosome
	-> Is in multi sfs, will now read data from chr:JASDQU010010376.1
	-> hello Im the master merge part of realSFS. and I'll now do a tripple bypass to find intersect 
	-> 1) Will set iter according to chooseChr and start and stop, and possibly using -sites
	-> Only read nSites: 146599 will therefore prepare next chromosome (or exit)
	-> Done reading data from chromosome will prepare next chromosome
	-> Is in multi sfs, will now read data from chr:JASDQU010010379.1
	-> hello Im the master merge part of realSFS. and I'll now do a tripple bypass to find intersect 
	-> 1) Will set iter according to chooseChr and start and stop, and possibly using -sites
	-> Only read nSites: 147805 will therefore prepare next chromosome (or exit)
	-> Done reading data from chromosome will prepare next chromosome
	-> Is in multi sfs, will now read data from chr:JASDQU010010385.1
	-> hello Im the master merge part of realSFS. and I'll now do a tripple bypass to find intersect 
	-> 1) Will set iter according to chooseChr and start and stop, and possibly using -sites
	-> Only read nSites: 148262 will therefore prepare next chromosome (or exit)
	-> Done reading data from chromosome will prepare next chromosome
	-> Is in multi sfs, will now read data from chr:JASDQU010010388.1
	-> hello Im the master merge part of realSFS. and I'll now do a tripple bypass to find intersect 
	-> 1) Will set iter according to chooseChr and start and stop, and possibly using -sites
	-> Only read nSites: 148412 will therefore prepare next chromosome (or exit)
	-> Done reading data from chromosome will prepare next chromosome
	-> Is in multi sfs, will now read data from chr:JASDQU010010391.1
	-> hello Im the master merge part of realSFS. and I'll now do a tripple bypass to find intersect 
	-> 1) Will set iter according to chooseChr and start and stop, and possibly using -sites
	-> Only read nSites: 151318 will therefore prepare next chromosome (or exit)
	-> Done reading data from chromosome will prepare next chromosome
	-> Is in multi sfs, will now read data from chr:JASDQU010010393.1
	-> hello Im the master merge part of realSFS. and I'll now do a tripple bypass to find intersect 
	-> 1) Will set iter according to chooseChr and start and stop, and possibly using -sites
	-> Only read nSites: 152176 will therefore prepare next chromosome (or exit)
	-> Done reading data from chromosome will prepare next chromosome
	-> Is in multi sfs, will now read data from chr:JASDQU010010405.1
	-> hello Im the master merge part of realSFS. and I'll now do a tripple bypass to find intersect 
	-> 1) Will set iter according to chooseChr and start and stop, and possibly using -sites
	-> Only read nSites: 152524 will therefore prepare next chromosome (or exit)
	-> Done reading data from chromosome will prepare next chromosome
	-> Is in multi sfs, will now read data from chr:JASDQU010010406.1
	-> hello Im the master merge part of realSFS. and I'll now do a tripple bypass to find intersect 
	-> 1) Will set iter according to chooseChr and start and stop, and possibly using -sites
	-> Only read nSites: 153152 will therefore prepare next chromosome (or exit)
	-> Done reading data from chromosome will prepare next chromosome
	-> Is in multi sfs, will now read data from chr:JASDQU010010415.1
	-> hello Im the master merge part of realSFS. and I'll now do a tripple bypass to find intersect 
	-> 1) Will set iter according to chooseChr and start and stop, and possibly using -sites
	-> Only read nSites: 157354 will therefore prepare next chromosome (or exit)
	-> Done reading data from chromosome will prepare next chromosome
	-> Is in multi sfs, will now read data from chr:JASDQU010010416.1
	-> hello Im the master merge part of realSFS. and I'll now do a tripple bypass to find intersect 
	-> 1) Will set iter according to chooseChr and start and stop, and possibly using -sites
	-> Only read nSites: 158434 will therefore prepare next chromosome (or exit)
	-> Done reading data from chromosome will prepare next chromosome
	-> Is in multi sfs, will now read data from chr:JASDQU010010418.1
	-> hello Im the master merge part of realSFS. and I'll now do a tripple bypass to find intersect 
	-> 1) Will set iter according to chooseChr and start and stop, and possibly using -sites
	-> Only read nSites: 159108 will therefore prepare next chromosome (or exit)
	-> Done reading data from chromosome will prepare next chromosome
	-> Is in multi sfs, will now read data from chr:JASDQU010010419.1
	-> hello Im the master merge part of realSFS. and I'll now do a tripple bypass to find intersect 
	-> 1) Will set iter according to chooseChr and start and stop, and possibly using -sites
	-> Only read nSites: 159951 will therefore prepare next chromosome (or exit)
	-> Done reading data from chromosome will prepare next chromosome
	-> Is in multi sfs, will now read data from chr:JASDQU010010425.1
	-> hello Im the master merge part of realSFS. and I'll now do a tripple bypass to find intersect 
	-> 1) Will set iter according to chooseChr and start and stop, and possibly using -sites
	-> Only read nSites: 160071 will therefore prepare next chromosome (or exit)
	-> Done reading data from chromosome will prepare next chromosome
	-> Is in multi sfs, will now read data from chr:JASDQU010010431.1
	-> hello Im the master merge part of realSFS. and I'll now do a tripple bypass to find intersect 
	-> 1) Will set iter according to chooseChr and start and stop, and possibly using -sites
	-> Only read nSites: 160398 will therefore prepare next chromosome (or exit)
	-> Done reading data from chromosome will prepare next chromosome
	-> Is in multi sfs, will now read data from chr:JASDQU010010432.1
	-> hello Im the master merge part of realSFS. and I'll now do a tripple bypass to find intersect 
	-> 1) Will set iter according to chooseChr and start and stop, and possibly using -sites
	-> Only read nSites: 162200 will therefore prepare next chromosome (or exit)
	-> Done reading data from chromosome will prepare next chromosome
	-> Is in multi sfs, will now read data from chr:JASDQU010010437.1
	-> hello Im the master merge part of realSFS. and I'll now do a tripple bypass to find intersect 
	-> 1) Will set iter according to chooseChr and start and stop, and possibly using -sites
	-> Only read nSites: 163725 will therefore prepare next chromosome (or exit)
	-> Done reading data from chromosome will prepare next chromosome
	-> Is in multi sfs, will now read data from chr:JASDQU010010439.1
	-> hello Im the master merge part of realSFS. and I'll now do a tripple bypass to find intersect 
	-> 1) Will set iter according to chooseChr and start and stop, and possibly using -sites
	-> Only read nSites: 164034 will therefore prepare next chromosome (or exit)
	-> Done reading data from chromosome will prepare next chromosome
	-> Is in multi sfs, will now read data from chr:JASDQU010010445.1
	-> hello Im the master merge part of realSFS. and I'll now do a tripple bypass to find intersect 
	-> 1) Will set iter according to chooseChr and start and stop, and possibly using -sites
	-> Only read nSites: 165332 will therefore prepare next chromosome (or exit)
	-> Done reading data from chromosome will prepare next chromosome
	-> Is in multi sfs, will now read data from chr:JASDQU010010452.1
	-> hello Im the master merge part of realSFS. and I'll now do a tripple bypass to find intersect 
	-> 1) Will set iter according to chooseChr and start and stop, and possibly using -sites
	-> Only read nSites: 169567 will therefore prepare next chromosome (or exit)
	-> Done reading data from chromosome will prepare next chromosome
	-> Is in multi sfs, will now read data from chr:JASDQU010010454.1
	-> hello Im the master merge part of realSFS. and I'll now do a tripple bypass to find intersect 
	-> 1) Will set iter according to chooseChr and start and stop, and possibly using -sites
	-> Only read nSites: 171022 will therefore prepare next chromosome (or exit)
	-> Done reading data from chromosome will prepare next chromosome
	-> Is in multi sfs, will now read data from chr:JASDQU010010459.1
	-> hello Im the master merge part of realSFS. and I'll now do a tripple bypass to find intersect 
	-> 1) Will set iter according to chooseChr and start and stop, and possibly using -sites
	-> Only read nSites: 172031 will therefore prepare next chromosome (or exit)
	-> Done reading data from chromosome will prepare next chromosome
	-> Is in multi sfs, will now read data from chr:JASDQU010010462.1
	-> hello Im the master merge part of realSFS. and I'll now do a tripple bypass to find intersect 
	-> 1) Will set iter according to chooseChr and start and stop, and possibly using -sites
	-> Only read nSites: 172490 will therefore prepare next chromosome (or exit)
	-> Done reading data from chromosome will prepare next chromosome
	-> Is in multi sfs, will now read data from chr:JASDQU010010483.1
	-> hello Im the master merge part of realSFS. and I'll now do a tripple bypass to find intersect 
	-> 1) Will set iter according to chooseChr and start and stop, and possibly using -sites
	-> Only read nSites: 174222 will therefore prepare next chromosome (or exit)
	-> Done reading data from chromosome will prepare next chromosome
	-> Is in multi sfs, will now read data from chr:JASDQU010010488.1
	-> hello Im the master merge part of realSFS. and I'll now do a tripple bypass to find intersect 
	-> 1) Will set iter according to chooseChr and start and stop, and possibly using -sites
	-> Only read nSites: 176497 will therefore prepare next chromosome (or exit)
	-> Done reading data from chromosome will prepare next chromosome
	-> Is in multi sfs, will now read data from chr:JASDQU010010493.1
	-> hello Im the master merge part of realSFS. and I'll now do a tripple bypass to find intersect 
	-> 1) Will set iter according to chooseChr and start and stop, and possibly using -sites
	-> Only read nSites: 177303 will therefore prepare next chromosome (or exit)
	-> Done reading data from chromosome will prepare next chromosome
	-> Is in multi sfs, will now read data from chr:JASDQU010010498.1
	-> hello Im the master merge part of realSFS. and I'll now do a tripple bypass to find intersect 
	-> 1) Will set iter according to chooseChr and start and stop, and possibly using -sites
	-> Only read nSites: 177404 will therefore prepare next chromosome (or exit)
	-> Done reading data from chromosome will prepare next chromosome
	-> Is in multi sfs, will now read data from chr:JASDQU010010509.1
	-> hello Im the master merge part of realSFS. and I'll now do a tripple bypass to find intersect 
	-> 1) Will set iter according to chooseChr and start and stop, and possibly using -sites
	-> Only read nSites: 177580 will therefore prepare next chromosome (or exit)
	-> Done reading data from chromosome will prepare next chromosome
	-> Is in multi sfs, will now read data from chr:JASDQU010010510.1
	-> hello Im the master merge part of realSFS. and I'll now do a tripple bypass to find intersect 
	-> 1) Will set iter according to chooseChr and start and stop, and possibly using -sites
	-> Only read nSites: 178536 will therefore prepare next chromosome (or exit)
	-> Done reading data from chromosome will prepare next chromosome
	-> Is in multi sfs, will now read data from chr:JASDQU010010524.1
	-> hello Im the master merge part of realSFS. and I'll now do a tripple bypass to find intersect 
	-> 1) Will set iter according to chooseChr and start and stop, and possibly using -sites
	-> Only read nSites: 180645 will therefore prepare next chromosome (or exit)
	-> Done reading data from chromosome will prepare next chromosome
	-> Is in multi sfs, will now read data from chr:JASDQU010010532.1
	-> hello Im the master merge part of realSFS. and I'll now do a tripple bypass to find intersect 
	-> 1) Will set iter according to chooseChr and start and stop, and possibly using -sites
	-> Only read nSites: 180815 will therefore prepare next chromosome (or exit)
	-> Done reading data from chromosome will prepare next chromosome
	-> Is in multi sfs, will now read data from chr:JASDQU010010538.1
	-> hello Im the master merge part of realSFS. and I'll now do a tripple bypass to find intersect 
	-> 1) Will set iter according to chooseChr and start and stop, and possibly using -sites
	-> Only read nSites: 186225 will therefore prepare next chromosome (or exit)
	-> Done reading data from chromosome will prepare next chromosome
	-> Is in multi sfs, will now read data from chr:JASDQU010010539.1
	-> hello Im the master merge part of realSFS. and I'll now do a tripple bypass to find intersect 
	-> 1) Will set iter according to chooseChr and start and stop, and possibly using -sites
	-> Only read nSites: 187504 will therefore prepare next chromosome (or exit)
	-> Done reading data from chromosome will prepare next chromosome
	-> Is in multi sfs, will now read data from chr:JASDQU010010545.1
	-> hello Im the master merge part of realSFS. and I'll now do a tripple bypass to find intersect 
	-> 1) Will set iter according to chooseChr and start and stop, and possibly using -sites
	-> Only read nSites: 193411 will therefore prepare next chromosome (or exit)
	-> Done reading data from chromosome will prepare next chromosome
	-> Is in multi sfs, will now read data from chr:JASDQU010010548.1
	-> hello Im the master merge part of realSFS. and I'll now do a tripple bypass to find intersect 
	-> 1) Will set iter according to chooseChr and start and stop, and possibly using -sites
	-> Only read nSites: 193697 will therefore prepare next chromosome (or exit)
	-> Done reading data from chromosome will prepare next chromosome
	-> Is in multi sfs, will now read data from chr:JASDQU010010551.1
	-> hello Im the master merge part of realSFS. and I'll now do a tripple bypass to find intersect 
	-> 1) Will set iter according to chooseChr and start and stop, and possibly using -sites
	-> Only read nSites: 195525 will therefore prepare next chromosome (or exit)
	-> Done reading data from chromosome will prepare next chromosome
	-> Is in multi sfs, will now read data from chr:JASDQU010010552.1
	-> hello Im the master merge part of realSFS. and I'll now do a tripple bypass to find intersect 
	-> 1) Will set iter according to chooseChr and start and stop, and possibly using -sites
	-> Only read nSites: 195683 will therefore prepare next chromosome (or exit)
	-> Done reading data from chromosome will prepare next chromosome
	-> Is in multi sfs, will now read data from chr:JASDQU010010565.1
	-> hello Im the master merge part of realSFS. and I'll now do a tripple bypass to find intersect 
	-> 1) Will set iter according to chooseChr and start and stop, and possibly using -sites
	-> Only read nSites: 196141 will therefore prepare next chromosome (or exit)
	-> Done reading data from chromosome will prepare next chromosome
	-> Is in multi sfs, will now read data from chr:JASDQU010010577.1
	-> hello Im the master merge part of realSFS. and I'll now do a tripple bypass to find intersect 
	-> 1) Will set iter according to chooseChr and start and stop, and possibly using -sites
	-> Only read nSites: 197989 will therefore prepare next chromosome (or exit)
	-> Done reading data from chromosome will prepare next chromosome
	-> Is in multi sfs, will now read data from chr:JASDQU010010578.1
	-> hello Im the master merge part of realSFS. and I'll now do a tripple bypass to find intersect 
	-> 1) Will set iter according to chooseChr and start and stop, and possibly using -sites
	-> Only read nSites: 201171 will therefore prepare next chromosome (or exit)
	-> Done reading data from chromosome will prepare next chromosome
	-> Is in multi sfs, will now read data from chr:JASDQU010010589.1
	-> hello Im the master merge part of realSFS. and I'll now do a tripple bypass to find intersect 
	-> 1) Will set iter according to chooseChr and start and stop, and possibly using -sites
	-> Only read nSites: 201889 will therefore prepare next chromosome (or exit)
	-> Done reading data from chromosome will prepare next chromosome
	-> Is in multi sfs, will now read data from chr:JASDQU010010590.1
	-> hello Im the master merge part of realSFS. and I'll now do a tripple bypass to find intersect 
	-> 1) Will set iter according to chooseChr and start and stop, and possibly using -sites
	-> Only read nSites: 202561 will therefore prepare next chromosome (or exit)
	-> Done reading data from chromosome will prepare next chromosome
	-> Is in multi sfs, will now read data from chr:JASDQU010010591.1
	-> hello Im the master merge part of realSFS. and I'll now do a tripple bypass to find intersect 
	-> 1) Will set iter according to chooseChr and start and stop, and possibly using -sites
	-> Only read nSites: 206811 will therefore prepare next chromosome (or exit)
	-> Done reading data from chromosome will prepare next chromosome
	-> Is in multi sfs, will now read data from chr:JASDQU010010594.1
	-> hello Im the master merge part of realSFS. and I'll now do a tripple bypass to find intersect 
	-> 1) Will set iter according to chooseChr and start and stop, and possibly using -sites
	-> Only read nSites: 206936 will therefore prepare next chromosome (or exit)
	-> Done reading data from chromosome will prepare next chromosome
	-> Is in multi sfs, will now read data from chr:JASDQU010010597.1
	-> hello Im the master merge part of realSFS. and I'll now do a tripple bypass to find intersect 
	-> 1) Will set iter according to chooseChr and start and stop, and possibly using -sites
	-> Only read nSites: 208534 will therefore prepare next chromosome (or exit)
	-> Done reading data from chromosome will prepare next chromosome
	-> Is in multi sfs, will now read data from chr:JASDQU010010600.1
	-> hello Im the master merge part of realSFS. and I'll now do a tripple bypass to find intersect 
	-> 1) Will set iter according to chooseChr and start and stop, and possibly using -sites
	-> Only read nSites: 210070 will therefore prepare next chromosome (or exit)
	-> Done reading data from chromosome will prepare next chromosome
	-> Is in multi sfs, will now read data from chr:JASDQU010010601.1
	-> hello Im the master merge part of realSFS. and I'll now do a tripple bypass to find intersect 
	-> 1) Will set iter according to chooseChr and start and stop, and possibly using -sites
	-> Only read nSites: 210618 will therefore prepare next chromosome (or exit)
	-> Done reading data from chromosome will prepare next chromosome
	-> Is in multi sfs, will now read data from chr:JASDQU010010609.1
	-> hello Im the master merge part of realSFS. and I'll now do a tripple bypass to find intersect 
	-> 1) Will set iter according to chooseChr and start and stop, and possibly using -sites
	-> Only read nSites: 213904 will therefore prepare next chromosome (or exit)
	-> Done reading data from chromosome will prepare next chromosome
	-> Is in multi sfs, will now read data from chr:JASDQU010010615.1
	-> hello Im the master merge part of realSFS. and I'll now do a tripple bypass to find intersect 
	-> 1) Will set iter according to chooseChr and start and stop, and possibly using -sites
	-> Only read nSites: 217328 will therefore prepare next chromosome (or exit)
	-> Done reading data from chromosome will prepare next chromosome
	-> Is in multi sfs, will now read data from chr:JASDQU010010616.1
	-> hello Im the master merge part of realSFS. and I'll now do a tripple bypass to find intersect 
	-> 1) Will set iter according to chooseChr and start and stop, and possibly using -sites
	-> Only read nSites: 217444 will therefore prepare next chromosome (or exit)
	-> Done reading data from chromosome will prepare next chromosome
	-> Is in multi sfs, will now read data from chr:JASDQU010010627.1
	-> hello Im the master merge part of realSFS. and I'll now do a tripple bypass to find intersect 
	-> 1) Will set iter according to chooseChr and start and stop, and possibly using -sites
	-> Only read nSites: 218886 will therefore prepare next chromosome (or exit)
	-> Done reading data from chromosome will prepare next chromosome
	-> Is in multi sfs, will now read data from chr:JASDQU010010631.1
	-> hello Im the master merge part of realSFS. and I'll now do a tripple bypass to find intersect 
	-> 1) Will set iter according to chooseChr and start and stop, and possibly using -sites
	-> Only read nSites: 221590 will therefore prepare next chromosome (or exit)
	-> Done reading data from chromosome will prepare next chromosome
	-> Is in multi sfs, will now read data from chr:JASDQU010010633.1
	-> hello Im the master merge part of realSFS. and I'll now do a tripple bypass to find intersect 
	-> 1) Will set iter according to chooseChr and start and stop, and possibly using -sites
	-> Only read nSites: 222329 will therefore prepare next chromosome (or exit)
	-> Done reading data from chromosome will prepare next chromosome
	-> Is in multi sfs, will now read data from chr:JASDQU010010635.1
	-> hello Im the master merge part of realSFS. and I'll now do a tripple bypass to find intersect 
	-> 1) Will set iter according to chooseChr and start and stop, and possibly using -sites
	-> Only read nSites: 223007 will therefore prepare next chromosome (or exit)
	-> Done reading data from chromosome will prepare next chromosome
	-> Is in multi sfs, will now read data from chr:JASDQU010010639.1
	-> hello Im the master merge part of realSFS. and I'll now do a tripple bypass to find intersect 
	-> 1) Will set iter according to chooseChr and start and stop, and possibly using -sites
	-> Only read nSites: 224133 will therefore prepare next chromosome (or exit)
	-> Done reading data from chromosome will prepare next chromosome
	-> Is in multi sfs, will now read data from chr:JASDQU010010643.1
	-> hello Im the master merge part of realSFS. and I'll now do a tripple bypass to find intersect 
	-> 1) Will set iter according to chooseChr and start and stop, and possibly using -sites
	-> Only read nSites: 224871 will therefore prepare next chromosome (or exit)
	-> Done reading data from chromosome will prepare next chromosome
	-> Is in multi sfs, will now read data from chr:JASDQU010010645.1
	-> hello Im the master merge part of realSFS. and I'll now do a tripple bypass to find intersect 
	-> 1) Will set iter according to chooseChr and start and stop, and possibly using -sites
	-> Only read nSites: 228199 will therefore prepare next chromosome (or exit)
	-> Done reading data from chromosome will prepare next chromosome
	-> Is in multi sfs, will now read data from chr:JASDQU010010655.1
	-> hello Im the master merge part of realSFS. and I'll now do a tripple bypass to find intersect 
	-> 1) Will set iter according to chooseChr and start and stop, and possibly using -sites
	-> Only read nSites: 228905 will therefore prepare next chromosome (or exit)
	-> Done reading data from chromosome will prepare next chromosome
	-> Is in multi sfs, will now read data from chr:JASDQU010010661.1
	-> hello Im the master merge part of realSFS. and I'll now do a tripple bypass to find intersect 
	-> 1) Will set iter according to chooseChr and start and stop, and possibly using -sites
	-> Only read nSites: 229656 will therefore prepare next chromosome (or exit)
	-> Done reading data from chromosome will prepare next chromosome
	-> Is in multi sfs, will now read data from chr:JASDQU010010663.1
	-> hello Im the master merge part of realSFS. and I'll now do a tripple bypass to find intersect 
	-> 1) Will set iter according to chooseChr and start and stop, and possibly using -sites
	-> Only read nSites: 230163 will therefore prepare next chromosome (or exit)
	-> Done reading data from chromosome will prepare next chromosome
	-> Is in multi sfs, will now read data from chr:JASDQU010010665.1
	-> hello Im the master merge part of realSFS. and I'll now do a tripple bypass to find intersect 
	-> 1) Will set iter according to chooseChr and start and stop, and possibly using -sites
	-> Only read nSites: 230594 will therefore prepare next chromosome (or exit)
	-> Done reading data from chromosome will prepare next chromosome
	-> Is in multi sfs, will now read data from chr:JASDQU010010666.1
	-> hello Im the master merge part of realSFS. and I'll now do a tripple bypass to find intersect 
	-> 1) Will set iter according to chooseChr and start and stop, and possibly using -sites
	-> Only read nSites: 234482 will therefore prepare next chromosome (or exit)
	-> Done reading data from chromosome will prepare next chromosome
	-> Is in multi sfs, will now read data from chr:JASDQU010010672.1
	-> hello Im the master merge part of realSFS. and I'll now do a tripple bypass to find intersect 
	-> 1) Will set iter according to chooseChr and start and stop, and possibly using -sites
	-> Only read nSites: 234506 will therefore prepare next chromosome (or exit)
	-> Done reading data from chromosome will prepare next chromosome
	-> Is in multi sfs, will now read data from chr:JASDQU010010680.1
	-> hello Im the master merge part of realSFS. and I'll now do a tripple bypass to find intersect 
	-> 1) Will set iter according to chooseChr and start and stop, and possibly using -sites
	-> Only read nSites: 235175 will therefore prepare next chromosome (or exit)
	-> Done reading data from chromosome will prepare next chromosome
	-> Is in multi sfs, will now read data from chr:JASDQU010010685.1
	-> hello Im the master merge part of realSFS. and I'll now do a tripple bypass to find intersect 
	-> 1) Will set iter according to chooseChr and start and stop, and possibly using -sites
	-> Only read nSites: 235311 will therefore prepare next chromosome (or exit)
	-> Done reading data from chromosome will prepare next chromosome
	-> Is in multi sfs, will now read data from chr:JASDQU010010688.1
	-> hello Im the master merge part of realSFS. and I'll now do a tripple bypass to find intersect 
	-> 1) Will set iter according to chooseChr and start and stop, and possibly using -sites
	-> Only read nSites: 236318 will therefore prepare next chromosome (or exit)
	-> Done reading data from chromosome will prepare next chromosome
	-> Is in multi sfs, will now read data from chr:JASDQU010010689.1
	-> hello Im the master merge part of realSFS. and I'll now do a tripple bypass to find intersect 
	-> 1) Will set iter according to chooseChr and start and stop, and possibly using -sites
	-> Only read nSites: 236386 will therefore prepare next chromosome (or exit)
	-> Done reading data from chromosome will prepare next chromosome
	-> Is in multi sfs, will now read data from chr:JASDQU010010690.1
	-> hello Im the master merge part of realSFS. and I'll now do a tripple bypass to find intersect 
	-> 1) Will set iter according to chooseChr and start and stop, and possibly using -sites
	-> Only read nSites: 237878 will therefore prepare next chromosome (or exit)
	-> Done reading data from chromosome will prepare next chromosome
	-> Is in multi sfs, will now read data from chr:JASDQU010010692.1
	-> hello Im the master merge part of realSFS. and I'll now do a tripple bypass to find intersect 
	-> 1) Will set iter according to chooseChr and start and stop, and possibly using -sites
	-> Only read nSites: 239119 will therefore prepare next chromosome (or exit)
	-> Done reading data from chromosome will prepare next chromosome
	-> Is in multi sfs, will now read data from chr:JASDQU010010695.1
	-> hello Im the master merge part of realSFS. and I'll now do a tripple bypass to find intersect 
	-> 1) Will set iter according to chooseChr and start and stop, and possibly using -sites
	-> Only read nSites: 241594 will therefore prepare next chromosome (or exit)
	-> Done reading data from chromosome will prepare next chromosome
	-> Is in multi sfs, will now read data from chr:JASDQU010010697.1
	-> hello Im the master merge part of realSFS. and I'll now do a tripple bypass to find intersect 
	-> 1) Will set iter according to chooseChr and start and stop, and possibly using -sites
	-> Only read nSites: 243879 will therefore prepare next chromosome (or exit)
	-> Done reading data from chromosome will prepare next chromosome
	-> Is in multi sfs, will now read data from chr:JASDQU010010711.1
	-> hello Im the master merge part of realSFS. and I'll now do a tripple bypass to find intersect 
	-> 1) Will set iter according to chooseChr and start and stop, and possibly using -sites
	-> Only read nSites: 244712 will therefore prepare next chromosome (or exit)
	-> Done reading data from chromosome will prepare next chromosome
	-> Is in multi sfs, will now read data from chr:JASDQU010010712.1
	-> hello Im the master merge part of realSFS. and I'll now do a tripple bypass to find intersect 
	-> 1) Will set iter according to chooseChr and start and stop, and possibly using -sites
	-> Only read nSites: 245439 will therefore prepare next chromosome (or exit)
	-> Done reading data from chromosome will prepare next chromosome
	-> Is in multi sfs, will now read data from chr:JASDQU010010722.1
	-> hello Im the master merge part of realSFS. and I'll now do a tripple bypass to find intersect 
	-> 1) Will set iter according to chooseChr and start and stop, and possibly using -sites
	-> Only read nSites: 246615 will therefore prepare next chromosome (or exit)
	-> Done reading data from chromosome will prepare next chromosome
	-> Is in multi sfs, will now read data from chr:JASDQU010010727.1
	-> hello Im the master merge part of realSFS. and I'll now do a tripple bypass to find intersect 
	-> 1) Will set iter according to chooseChr and start and stop, and possibly using -sites
	-> Only read nSites: 247148 will therefore prepare next chromosome (or exit)
	-> Done reading data from chromosome will prepare next chromosome
	-> Is in multi sfs, will now read data from chr:JASDQU010010730.1
	-> hello Im the master merge part of realSFS. and I'll now do a tripple bypass to find intersect 
	-> 1) Will set iter according to chooseChr and start and stop, and possibly using -sites
	-> Only read nSites: 247718 will therefore prepare next chromosome (or exit)
	-> Done reading data from chromosome will prepare next chromosome
	-> Is in multi sfs, will now read data from chr:JASDQU010010732.1
	-> hello Im the master merge part of realSFS. and I'll now do a tripple bypass to find intersect 
	-> 1) Will set iter according to chooseChr and start and stop, and possibly using -sites
	-> Only read nSites: 248036 will therefore prepare next chromosome (or exit)
	-> Done reading data from chromosome will prepare next chromosome
	-> Is in multi sfs, will now read data from chr:JASDQU010010736.1
	-> hello Im the master merge part of realSFS. and I'll now do a tripple bypass to find intersect 
	-> 1) Will set iter according to chooseChr and start and stop, and possibly using -sites
	-> Only read nSites: 248725 will therefore prepare next chromosome (or exit)
	-> Done reading data from chromosome will prepare next chromosome
	-> Is in multi sfs, will now read data from chr:JASDQU010010737.1
	-> hello Im the master merge part of realSFS. and I'll now do a tripple bypass to find intersect 
	-> 1) Will set iter according to chooseChr and start and stop, and possibly using -sites
	-> Only read nSites: 249956 will therefore prepare next chromosome (or exit)
	-> Done reading data from chromosome will prepare next chromosome
	-> Is in multi sfs, will now read data from chr:JASDQU010010739.1
	-> hello Im the master merge part of realSFS. and I'll now do a tripple bypass to find intersect 
	-> 1) Will set iter according to chooseChr and start and stop, and possibly using -sites
	-> Only read nSites: 251104 will therefore prepare next chromosome (or exit)
	-> Done reading data from chromosome will prepare next chromosome
	-> Is in multi sfs, will now read data from chr:JASDQU010010750.1
	-> hello Im the master merge part of realSFS. and I'll now do a tripple bypass to find intersect 
	-> 1) Will set iter according to chooseChr and start and stop, and possibly using -sites
	-> Only read nSites: 251725 will therefore prepare next chromosome (or exit)
	-> Done reading data from chromosome will prepare next chromosome
	-> Is in multi sfs, will now read data from chr:JASDQU010010757.1
	-> hello Im the master merge part of realSFS. and I'll now do a tripple bypass to find intersect 
	-> 1) Will set iter according to chooseChr and start and stop, and possibly using -sites
	-> Only read nSites: 252593 will therefore prepare next chromosome (or exit)
	-> Done reading data from chromosome will prepare next chromosome
	-> Is in multi sfs, will now read data from chr:JASDQU010010770.1
	-> hello Im the master merge part of realSFS. and I'll now do a tripple bypass to find intersect 
	-> 1) Will set iter according to chooseChr and start and stop, and possibly using -sites
	-> Only read nSites: 255111 will therefore prepare next chromosome (or exit)
	-> Done reading data from chromosome will prepare next chromosome
	-> Is in multi sfs, will now read data from chr:JASDQU010010774.1
	-> hello Im the master merge part of realSFS. and I'll now do a tripple bypass to find intersect 
	-> 1) Will set iter according to chooseChr and start and stop, and possibly using -sites
	-> Only read nSites: 255179 will therefore prepare next chromosome (or exit)
	-> Done reading data from chromosome will prepare next chromosome
	-> Is in multi sfs, will now read data from chr:JASDQU010010776.1
	-> hello Im the master merge part of realSFS. and I'll now do a tripple bypass to find intersect 
	-> 1) Will set iter according to chooseChr and start and stop, and possibly using -sites
	-> Only read nSites: 255355 will therefore prepare next chromosome (or exit)
	-> Done reading data from chromosome will prepare next chromosome
	-> Is in multi sfs, will now read data from chr:JASDQU010010782.1
	-> hello Im the master merge part of realSFS. and I'll now do a tripple bypass to find intersect 
	-> 1) Will set iter according to chooseChr and start and stop, and possibly using -sites
	-> Only read nSites: 256554 will therefore prepare next chromosome (or exit)
	-> Done reading data from chromosome will prepare next chromosome
	-> Is in multi sfs, will now read data from chr:JASDQU010010785.1
	-> hello Im the master merge part of realSFS. and I'll now do a tripple bypass to find intersect 
	-> 1) Will set iter according to chooseChr and start and stop, and possibly using -sites
	-> Only read nSites: 258649 will therefore prepare next chromosome (or exit)
	-> Done reading data from chromosome will prepare next chromosome
	-> Is in multi sfs, will now read data from chr:JASDQU010010788.1
	-> hello Im the master merge part of realSFS. and I'll now do a tripple bypass to find intersect 
	-> 1) Will set iter according to chooseChr and start and stop, and possibly using -sites
	-> Only read nSites: 260599 will therefore prepare next chromosome (or exit)
	-> Done reading data from chromosome will prepare next chromosome
	-> Is in multi sfs, will now read data from chr:JASDQU010010794.1
	-> hello Im the master merge part of realSFS. and I'll now do a tripple bypass to find intersect 
	-> 1) Will set iter according to chooseChr and start and stop, and possibly using -sites
	-> Only read nSites: 260677 will therefore prepare next chromosome (or exit)
	-> Done reading data from chromosome will prepare next chromosome
	-> Is in multi sfs, will now read data from chr:JASDQU010010812.1
	-> hello Im the master merge part of realSFS. and I'll now do a tripple bypass to find intersect 
	-> 1) Will set iter according to chooseChr and start and stop, and possibly using -sites
	-> Only read nSites: 261418 will therefore prepare next chromosome (or exit)
	-> Done reading data from chromosome will prepare next chromosome
	-> Is in multi sfs, will now read data from chr:JASDQU010010817.1
	-> hello Im the master merge part of realSFS. and I'll now do a tripple bypass to find intersect 
	-> 1) Will set iter according to chooseChr and start and stop, and possibly using -sites
	-> Only read nSites: 262224 will therefore prepare next chromosome (or exit)
	-> Done reading data from chromosome will prepare next chromosome
	-> Is in multi sfs, will now read data from chr:JASDQU010010819.1
	-> hello Im the master merge part of realSFS. and I'll now do a tripple bypass to find intersect 
	-> 1) Will set iter according to chooseChr and start and stop, and possibly using -sites
	-> Only read nSites: 264115 will therefore prepare next chromosome (or exit)
	-> Done reading data from chromosome will prepare next chromosome
	-> Is in multi sfs, will now read data from chr:JASDQU010010841.1
	-> hello Im the master merge part of realSFS. and I'll now do a tripple bypass to find intersect 
	-> 1) Will set iter according to chooseChr and start and stop, and possibly using -sites
	-> Only read nSites: 265824 will therefore prepare next chromosome (or exit)
	-> Done reading data from chromosome will prepare next chromosome
	-> Is in multi sfs, will now read data from chr:JASDQU010010843.1
	-> hello Im the master merge part of realSFS. and I'll now do a tripple bypass to find intersect 
	-> 1) Will set iter according to chooseChr and start and stop, and possibly using -sites
	-> Only read nSites: 267245 will therefore prepare next chromosome (or exit)
	-> Done reading data from chromosome will prepare next chromosome
	-> Is in multi sfs, will now read data from chr:JASDQU010010848.1
	-> hello Im the master merge part of realSFS. and I'll now do a tripple bypass to find intersect 
	-> 1) Will set iter according to chooseChr and start and stop, and possibly using -sites
	-> Only read nSites: 268340 will therefore prepare next chromosome (or exit)
	-> Done reading data from chromosome will prepare next chromosome
	-> Is in multi sfs, will now read data from chr:JASDQU010010849.1
	-> hello Im the master merge part of realSFS. and I'll now do a tripple bypass to find intersect 
	-> 1) Will set iter according to chooseChr and start and stop, and possibly using -sites
	-> Only read nSites: 269203 will therefore prepare next chromosome (or exit)
	-> Done reading data from chromosome will prepare next chromosome
	-> Is in multi sfs, will now read data from chr:JASDQU010010856.1
	-> hello Im the master merge part of realSFS. and I'll now do a tripple bypass to find intersect 
	-> 1) Will set iter according to chooseChr and start and stop, and possibly using -sites
	-> Only read nSites: 269729 will therefore prepare next chromosome (or exit)
	-> Done reading data from chromosome will prepare next chromosome
	-> Is in multi sfs, will now read data from chr:JASDQU010010860.1
	-> hello Im the master merge part of realSFS. and I'll now do a tripple bypass to find intersect 
	-> 1) Will set iter according to chooseChr and start and stop, and possibly using -sites
	-> Only read nSites: 272250 will therefore prepare next chromosome (or exit)
	-> Done reading data from chromosome will prepare next chromosome
	-> Is in multi sfs, will now read data from chr:JASDQU010010865.1
	-> hello Im the master merge part of realSFS. and I'll now do a tripple bypass to find intersect 
	-> 1) Will set iter according to chooseChr and start and stop, and possibly using -sites
	-> Only read nSites: 272440 will therefore prepare next chromosome (or exit)
	-> Done reading data from chromosome will prepare next chromosome
	-> Is in multi sfs, will now read data from chr:JASDQU010010867.1
	-> hello Im the master merge part of realSFS. and I'll now do a tripple bypass to find intersect 
	-> 1) Will set iter according to chooseChr and start and stop, and possibly using -sites
	-> Only read nSites: 272722 will therefore prepare next chromosome (or exit)
	-> Done reading data from chromosome will prepare next chromosome
	-> Is in multi sfs, will now read data from chr:JASDQU010010870.1
	-> hello Im the master merge part of realSFS. and I'll now do a tripple bypass to find intersect 
	-> 1) Will set iter according to chooseChr and start and stop, and possibly using -sites
	-> Only read nSites: 275863 will therefore prepare next chromosome (or exit)
	-> Done reading data from chromosome will prepare next chromosome
	-> Is in multi sfs, will now read data from chr:JASDQU010010880.1
	-> hello Im the master merge part of realSFS. and I'll now do a tripple bypass to find intersect 
	-> 1) Will set iter according to chooseChr and start and stop, and possibly using -sites
	-> Only read nSites: 276625 will therefore prepare next chromosome (or exit)
	-> Done reading data from chromosome will prepare next chromosome
	-> Is in multi sfs, will now read data from chr:JASDQU010010883.1
	-> hello Im the master merge part of realSFS. and I'll now do a tripple bypass to find intersect 
	-> 1) Will set iter according to chooseChr and start and stop, and possibly using -sites
	-> Only read nSites: 280542 will therefore prepare next chromosome (or exit)
	-> Done reading data from chromosome will prepare next chromosome
	-> Is in multi sfs, will now read data from chr:JASDQU010010889.1
	-> hello Im the master merge part of realSFS. and I'll now do a tripple bypass to find intersect 
	-> 1) Will set iter according to chooseChr and start and stop, and possibly using -sites
	-> Only read nSites: 281942 will therefore prepare next chromosome (or exit)
	-> Done reading data from chromosome will prepare next chromosome
	-> Is in multi sfs, will now read data from chr:JASDQU010010893.1
	-> hello Im the master merge part of realSFS. and I'll now do a tripple bypass to find intersect 
	-> 1) Will set iter according to chooseChr and start and stop, and possibly using -sites
	-> Only read nSites: 282172 will therefore prepare next chromosome (or exit)
	-> Done reading data from chromosome will prepare next chromosome
	-> Is in multi sfs, will now read data from chr:JASDQU010010895.1
	-> hello Im the master merge part of realSFS. and I'll now do a tripple bypass to find intersect 
	-> 1) Will set iter according to chooseChr and start and stop, and possibly using -sites
	-> Only read nSites: 282231 will therefore prepare next chromosome (or exit)
	-> Done reading data from chromosome will prepare next chromosome
	-> Is in multi sfs, will now read data from chr:JASDQU010010903.1
	-> hello Im the master merge part of realSFS. and I'll now do a tripple bypass to find intersect 
	-> 1) Will set iter according to chooseChr and start and stop, and possibly using -sites
	-> Only read nSites: 285309 will therefore prepare next chromosome (or exit)
	-> Done reading data from chromosome will prepare next chromosome
	-> Is in multi sfs, will now read data from chr:JASDQU010010905.1
	-> hello Im the master merge part of realSFS. and I'll now do a tripple bypass to find intersect 
	-> 1) Will set iter according to chooseChr and start and stop, and possibly using -sites
	-> Only read nSites: 285331 will therefore prepare next chromosome (or exit)
	-> Done reading data from chromosome will prepare next chromosome
	-> Is in multi sfs, will now read data from chr:JASDQU010010907.1
	-> hello Im the master merge part of realSFS. and I'll now do a tripple bypass to find intersect 
	-> 1) Will set iter according to chooseChr and start and stop, and possibly using -sites
	-> Only read nSites: 285999 will therefore prepare next chromosome (or exit)
	-> Done reading data from chromosome will prepare next chromosome
	-> Is in multi sfs, will now read data from chr:JASDQU010010910.1
	-> hello Im the master merge part of realSFS. and I'll now do a tripple bypass to find intersect 
	-> 1) Will set iter according to chooseChr and start and stop, and possibly using -sites
	-> Only read nSites: 287357 will therefore prepare next chromosome (or exit)
	-> Done reading data from chromosome will prepare next chromosome
	-> Is in multi sfs, will now read data from chr:JASDQU010010911.1
	-> hello Im the master merge part of realSFS. and I'll now do a tripple bypass to find intersect 
	-> 1) Will set iter according to chooseChr and start and stop, and possibly using -sites
	-> Only read nSites: 287716 will therefore prepare next chromosome (or exit)
	-> Done reading data from chromosome will prepare next chromosome
	-> Is in multi sfs, will now read data from chr:JASDQU010010912.1
	-> hello Im the master merge part of realSFS. and I'll now do a tripple bypass to find intersect 
	-> 1) Will set iter according to chooseChr and start and stop, and possibly using -sites
	-> Only read nSites: 287824 will therefore prepare next chromosome (or exit)
	-> Done reading data from chromosome will prepare next chromosome
	-> Is in multi sfs, will now read data from chr:JASDQU010010916.1
	-> hello Im the master merge part of realSFS. and I'll now do a tripple bypass to find intersect 
	-> 1) Will set iter according to chooseChr and start and stop, and possibly using -sites
	-> Only read nSites: 288818 will therefore prepare next chromosome (or exit)
	-> Done reading data from chromosome will prepare next chromosome
	-> Is in multi sfs, will now read data from chr:JASDQU010010917.1
	-> hello Im the master merge part of realSFS. and I'll now do a tripple bypass to find intersect 
	-> 1) Will set iter according to chooseChr and start and stop, and possibly using -sites
	-> Only read nSites: 290640 will therefore prepare next chromosome (or exit)
	-> Done reading data from chromosome will prepare next chromosome
	-> Is in multi sfs, will now read data from chr:JASDQU010010918.1
	-> hello Im the master merge part of realSFS. and I'll now do a tripple bypass to find intersect 
	-> 1) Will set iter according to chooseChr and start and stop, and possibly using -sites
	-> Only read nSites: 290763 will therefore prepare next chromosome (or exit)
	-> Done reading data from chromosome will prepare next chromosome
	-> Is in multi sfs, will now read data from chr:JASDQU010010929.1
	-> hello Im the master merge part of realSFS. and I'll now do a tripple bypass to find intersect 
	-> 1) Will set iter according to chooseChr and start and stop, and possibly using -sites
	-> Only read nSites: 291068 will therefore prepare next chromosome (or exit)
	-> Done reading data from chromosome will prepare next chromosome
	-> Is in multi sfs, will now read data from chr:JASDQU010010934.1
	-> hello Im the master merge part of realSFS. and I'll now do a tripple bypass to find intersect 
	-> 1) Will set iter according to chooseChr and start and stop, and possibly using -sites
	-> Only read nSites: 292263 will therefore prepare next chromosome (or exit)
	-> Done reading data from chromosome will prepare next chromosome
	-> Is in multi sfs, will now read data from chr:JASDQU010010938.1
	-> hello Im the master merge part of realSFS. and I'll now do a tripple bypass to find intersect 
	-> 1) Will set iter according to chooseChr and start and stop, and possibly using -sites
	-> Only read nSites: 292613 will therefore prepare next chromosome (or exit)
	-> Done reading data from chromosome will prepare next chromosome
	-> Is in multi sfs, will now read data from chr:JASDQU010010941.1
	-> hello Im the master merge part of realSFS. and I'll now do a tripple bypass to find intersect 
	-> 1) Will set iter according to chooseChr and start and stop, and possibly using -sites
	-> Only read nSites: 292732 will therefore prepare next chromosome (or exit)
	-> Done reading data from chromosome will prepare next chromosome
	-> Is in multi sfs, will now read data from chr:JASDQU010010949.1
	-> hello Im the master merge part of realSFS. and I'll now do a tripple bypass to find intersect 
	-> 1) Will set iter according to chooseChr and start and stop, and possibly using -sites
	-> Only read nSites: 294374 will therefore prepare next chromosome (or exit)
	-> Done reading data from chromosome will prepare next chromosome
	-> Is in multi sfs, will now read data from chr:JASDQU010010950.1
	-> hello Im the master merge part of realSFS. and I'll now do a tripple bypass to find intersect 
	-> 1) Will set iter according to chooseChr and start and stop, and possibly using -sites
	-> Only read nSites: 295517 will therefore prepare next chromosome (or exit)
	-> Done reading data from chromosome will prepare next chromosome
	-> Is in multi sfs, will now read data from chr:JASDQU010010953.1
	-> hello Im the master merge part of realSFS. and I'll now do a tripple bypass to find intersect 
	-> 1) Will set iter according to chooseChr and start and stop, and possibly using -sites
	-> Only read nSites: 295526 will therefore prepare next chromosome (or exit)
	-> Done reading data from chromosome will prepare next chromosome
	-> Is in multi sfs, will now read data from chr:JASDQU010010955.1
	-> hello Im the master merge part of realSFS. and I'll now do a tripple bypass to find intersect 
	-> 1) Will set iter according to chooseChr and start and stop, and possibly using -sites
	-> Only read nSites: 296053 will therefore prepare next chromosome (or exit)
	-> Done reading data from chromosome will prepare next chromosome
	-> Is in multi sfs, will now read data from chr:JASDQU010010958.1
	-> hello Im the master merge part of realSFS. and I'll now do a tripple bypass to find intersect 
	-> 1) Will set iter according to chooseChr and start and stop, and possibly using -sites
	-> Only read nSites: 296059 will therefore prepare next chromosome (or exit)
	-> Done reading data from chromosome will prepare next chromosome
	-> Is in multi sfs, will now read data from chr:JASDQU010010968.1
	-> hello Im the master merge part of realSFS. and I'll now do a tripple bypass to find intersect 
	-> 1) Will set iter according to chooseChr and start and stop, and possibly using -sites
	-> Only read nSites: 296371 will therefore prepare next chromosome (or exit)
	-> Done reading data from chromosome will prepare next chromosome
	-> Is in multi sfs, will now read data from chr:JASDQU010010971.1
	-> hello Im the master merge part of realSFS. and I'll now do a tripple bypass to find intersect 
	-> 1) Will set iter according to chooseChr and start and stop, and possibly using -sites
	-> Only read nSites: 297740 will therefore prepare next chromosome (or exit)
	-> Done reading data from chromosome will prepare next chromosome
	-> Is in multi sfs, will now read data from chr:JASDQU010010976.1
	-> hello Im the master merge part of realSFS. and I'll now do a tripple bypass to find intersect 
	-> 1) Will set iter according to chooseChr and start and stop, and possibly using -sites
	-> Only read nSites: 299395 will therefore prepare next chromosome (or exit)
	-> Done reading data from chromosome will prepare next chromosome
	-> Is in multi sfs, will now read data from chr:JASDQU010010977.1
	-> hello Im the master merge part of realSFS. and I'll now do a tripple bypass to find intersect 
	-> 1) Will set iter according to chooseChr and start and stop, and possibly using -sites
	-> Only read nSites: 300823 will therefore prepare next chromosome (or exit)
	-> Done reading data from chromosome will prepare next chromosome
	-> Is in multi sfs, will now read data from chr:JASDQU010010978.1
	-> hello Im the master merge part of realSFS. and I'll now do a tripple bypass to find intersect 
	-> 1) Will set iter according to chooseChr and start and stop, and possibly using -sites
	-> Only read nSites: 300987 will therefore prepare next chromosome (or exit)
	-> Done reading data from chromosome will prepare next chromosome
	-> Is in multi sfs, will now read data from chr:JASDQU010010981.1
	-> hello Im the master merge part of realSFS. and I'll now do a tripple bypass to find intersect 
	-> 1) Will set iter according to chooseChr and start and stop, and possibly using -sites
	-> Only read nSites: 301935 will therefore prepare next chromosome (or exit)
	-> Done reading data from chromosome will prepare next chromosome
	-> Is in multi sfs, will now read data from chr:JASDQU010011012.1
	-> hello Im the master merge part of realSFS. and I'll now do a tripple bypass to find intersect 
	-> 1) Will set iter according to chooseChr and start and stop, and possibly using -sites
	-> Only read nSites: 302473 will therefore prepare next chromosome (or exit)
	-> Done reading data from chromosome will prepare next chromosome
	-> Is in multi sfs, will now read data from chr:JASDQU010011014.1
	-> hello Im the master merge part of realSFS. and I'll now do a tripple bypass to find intersect 
	-> 1) Will set iter according to chooseChr and start and stop, and possibly using -sites
	-> Only read nSites: 303757 will therefore prepare next chromosome (or exit)
	-> Done reading data from chromosome will prepare next chromosome
	-> Is in multi sfs, will now read data from chr:JASDQU010011015.1
	-> hello Im the master merge part of realSFS. and I'll now do a tripple bypass to find intersect 
	-> 1) Will set iter according to chooseChr and start and stop, and possibly using -sites
	-> Only read nSites: 304127 will therefore prepare next chromosome (or exit)
	-> Done reading data from chromosome will prepare next chromosome
	-> Is in multi sfs, will now read data from chr:JASDQU010011022.1
	-> hello Im the master merge part of realSFS. and I'll now do a tripple bypass to find intersect 
	-> 1) Will set iter according to chooseChr and start and stop, and possibly using -sites
	-> Only read nSites: 306117 will therefore prepare next chromosome (or exit)
	-> Done reading data from chromosome will prepare next chromosome
	-> Is in multi sfs, will now read data from chr:JASDQU010011027.1
	-> hello Im the master merge part of realSFS. and I'll now do a tripple bypass to find intersect 
	-> 1) Will set iter according to chooseChr and start and stop, and possibly using -sites
	-> Only read nSites: 307793 will therefore prepare next chromosome (or exit)
	-> Done reading data from chromosome will prepare next chromosome
	-> Is in multi sfs, will now read data from chr:JASDQU010011029.1
	-> hello Im the master merge part of realSFS. and I'll now do a tripple bypass to find intersect 
	-> 1) Will set iter according to chooseChr and start and stop, and possibly using -sites
	-> Only read nSites: 308559 will therefore prepare next chromosome (or exit)
	-> Done reading data from chromosome will prepare next chromosome
	-> Is in multi sfs, will now read data from chr:JASDQU010011040.1
	-> hello Im the master merge part of realSFS. and I'll now do a tripple bypass to find intersect 
	-> 1) Will set iter according to chooseChr and start and stop, and possibly using -sites
	-> Only read nSites: 309061 will therefore prepare next chromosome (or exit)
	-> Done reading data from chromosome will prepare next chromosome
	-> Is in multi sfs, will now read data from chr:JASDQU010011044.1
	-> hello Im the master merge part of realSFS. and I'll now do a tripple bypass to find intersect 
	-> 1) Will set iter according to chooseChr and start and stop, and possibly using -sites
	-> Only read nSites: 309608 will therefore prepare next chromosome (or exit)
	-> Done reading data from chromosome will prepare next chromosome
	-> Is in multi sfs, will now read data from chr:JASDQU010011045.1
	-> hello Im the master merge part of realSFS. and I'll now do a tripple bypass to find intersect 
	-> 1) Will set iter according to chooseChr and start and stop, and possibly using -sites
	-> Only read nSites: 314477 will therefore prepare next chromosome (or exit)
	-> Done reading data from chromosome will prepare next chromosome
	-> Is in multi sfs, will now read data from chr:JASDQU010011046.1
	-> hello Im the master merge part of realSFS. and I'll now do a tripple bypass to find intersect 
	-> 1) Will set iter according to chooseChr and start and stop, and possibly using -sites
	-> Only read nSites: 315023 will therefore prepare next chromosome (or exit)
	-> Done reading data from chromosome will prepare next chromosome
	-> Is in multi sfs, will now read data from chr:JASDQU010011050.1
	-> hello Im the master merge part of realSFS. and I'll now do a tripple bypass to find intersect 
	-> 1) Will set iter according to chooseChr and start and stop, and possibly using -sites
	-> Only read nSites: 315496 will therefore prepare next chromosome (or exit)
	-> Done reading data from chromosome will prepare next chromosome
	-> Is in multi sfs, will now read data from chr:JASDQU010011053.1
	-> hello Im the master merge part of realSFS. and I'll now do a tripple bypass to find intersect 
	-> 1) Will set iter according to chooseChr and start and stop, and possibly using -sites
	-> Only read nSites: 318959 will therefore prepare next chromosome (or exit)
	-> Done reading data from chromosome will prepare next chromosome
	-> Is in multi sfs, will now read data from chr:JASDQU010011054.1
	-> hello Im the master merge part of realSFS. and I'll now do a tripple bypass to find intersect 
	-> 1) Will set iter according to chooseChr and start and stop, and possibly using -sites
	-> Only read nSites: 321474 will therefore prepare next chromosome (or exit)
	-> Done reading data from chromosome will prepare next chromosome
	-> Is in multi sfs, will now read data from chr:JASDQU010011056.1
	-> hello Im the master merge part of realSFS. and I'll now do a tripple bypass to find intersect 
	-> 1) Will set iter according to chooseChr and start and stop, and possibly using -sites
	-> Only read nSites: 323015 will therefore prepare next chromosome (or exit)
	-> Done reading data from chromosome will prepare next chromosome
	-> Is in multi sfs, will now read data from chr:JASDQU010011057.1
	-> hello Im the master merge part of realSFS. and I'll now do a tripple bypass to find intersect 
	-> 1) Will set iter according to chooseChr and start and stop, and possibly using -sites
	-> Only read nSites: 323469 will therefore prepare next chromosome (or exit)
	-> Done reading data from chromosome will prepare next chromosome
	-> Is in multi sfs, will now read data from chr:JASDQU010011059.1
	-> hello Im the master merge part of realSFS. and I'll now do a tripple bypass to find intersect 
	-> 1) Will set iter according to chooseChr and start and stop, and possibly using -sites
	-> Only read nSites: 325204 will therefore prepare next chromosome (or exit)
	-> Done reading data from chromosome will prepare next chromosome
	-> Is in multi sfs, will now read data from chr:JASDQU010011067.1
	-> hello Im the master merge part of realSFS. and I'll now do a tripple bypass to find intersect 
	-> 1) Will set iter according to chooseChr and start and stop, and possibly using -sites
	-> Only read nSites: 325212 will therefore prepare next chromosome (or exit)
	-> Done reading data from chromosome will prepare next chromosome
	-> Is in multi sfs, will now read data from chr:JASDQU010011070.1
	-> hello Im the master merge part of realSFS. and I'll now do a tripple bypass to find intersect 
	-> 1) Will set iter according to chooseChr and start and stop, and possibly using -sites
	-> Only read nSites: 325779 will therefore prepare next chromosome (or exit)
	-> Done reading data from chromosome will prepare next chromosome
	-> Is in multi sfs, will now read data from chr:JASDQU010011076.1
	-> hello Im the master merge part of realSFS. and I'll now do a tripple bypass to find intersect 
	-> 1) Will set iter according to chooseChr and start and stop, and possibly using -sites
	-> Only read nSites: 326042 will therefore prepare next chromosome (or exit)
	-> Done reading data from chromosome will prepare next chromosome
	-> Is in multi sfs, will now read data from chr:JASDQU010011088.1
	-> hello Im the master merge part of realSFS. and I'll now do a tripple bypass to find intersect 
	-> 1) Will set iter according to chooseChr and start and stop, and possibly using -sites
	-> Only read nSites: 326677 will therefore prepare next chromosome (or exit)
	-> Done reading data from chromosome will prepare next chromosome
	-> Is in multi sfs, will now read data from chr:JASDQU010011090.1
	-> hello Im the master merge part of realSFS. and I'll now do a tripple bypass to find intersect 
	-> 1) Will set iter according to chooseChr and start and stop, and possibly using -sites
	-> Only read nSites: 328310 will therefore prepare next chromosome (or exit)
	-> Done reading data from chromosome will prepare next chromosome
	-> Is in multi sfs, will now read data from chr:JASDQU010011092.1
	-> hello Im the master merge part of realSFS. and I'll now do a tripple bypass to find intersect 
	-> 1) Will set iter according to chooseChr and start and stop, and possibly using -sites
	-> Only read nSites: 329613 will therefore prepare next chromosome (or exit)
	-> Done reading data from chromosome will prepare next chromosome
	-> Is in multi sfs, will now read data from chr:JASDQU010011095.1
	-> hello Im the master merge part of realSFS. and I'll now do a tripple bypass to find intersect 
	-> 1) Will set iter according to chooseChr and start and stop, and possibly using -sites
	-> Only read nSites: 329636 will therefore prepare next chromosome (or exit)
	-> Done reading data from chromosome will prepare next chromosome
	-> Is in multi sfs, will now read data from chr:JASDQU010011112.1
	-> hello Im the master merge part of realSFS. and I'll now do a tripple bypass to find intersect 
	-> 1) Will set iter according to chooseChr and start and stop, and possibly using -sites
	-> Only read nSites: 331458 will therefore prepare next chromosome (or exit)
	-> Done reading data from chromosome will prepare next chromosome
	-> Is in multi sfs, will now read data from chr:JASDQU010011115.1
	-> hello Im the master merge part of realSFS. and I'll now do a tripple bypass to find intersect 
	-> 1) Will set iter according to chooseChr and start and stop, and possibly using -sites
	-> Only read nSites: 332199 will therefore prepare next chromosome (or exit)
	-> Done reading data from chromosome will prepare next chromosome
	-> Is in multi sfs, will now read data from chr:JASDQU010011116.1
	-> hello Im the master merge part of realSFS. and I'll now do a tripple bypass to find intersect 
	-> 1) Will set iter according to chooseChr and start and stop, and possibly using -sites
	-> Only read nSites: 333596 will therefore prepare next chromosome (or exit)
	-> Done reading data from chromosome will prepare next chromosome
	-> Is in multi sfs, will now read data from chr:JASDQU010011129.1
	-> hello Im the master merge part of realSFS. and I'll now do a tripple bypass to find intersect 
	-> 1) Will set iter according to chooseChr and start and stop, and possibly using -sites
	-> Only read nSites: 334361 will therefore prepare next chromosome (or exit)
	-> Done reading data from chromosome will prepare next chromosome
	-> Is in multi sfs, will now read data from chr:JASDQU010011133.1
	-> hello Im the master merge part of realSFS. and I'll now do a tripple bypass to find intersect 
	-> 1) Will set iter according to chooseChr and start and stop, and possibly using -sites
	-> Only read nSites: 336878 will therefore prepare next chromosome (or exit)
	-> Done reading data from chromosome will prepare next chromosome
	-> Is in multi sfs, will now read data from chr:JASDQU010011134.1
	-> hello Im the master merge part of realSFS. and I'll now do a tripple bypass to find intersect 
	-> 1) Will set iter according to chooseChr and start and stop, and possibly using -sites
	-> Only read nSites: 337519 will therefore prepare next chromosome (or exit)
	-> Done reading data from chromosome will prepare next chromosome
	-> Is in multi sfs, will now read data from chr:JASDQU010011137.1
	-> hello Im the master merge part of realSFS. and I'll now do a tripple bypass to find intersect 
	-> 1) Will set iter according to chooseChr and start and stop, and possibly using -sites
	-> Only read nSites: 339130 will therefore prepare next chromosome (or exit)
	-> Done reading data from chromosome will prepare next chromosome
	-> Is in multi sfs, will now read data from chr:JASDQU010011144.1
	-> hello Im the master merge part of realSFS. and I'll now do a tripple bypass to find intersect 
	-> 1) Will set iter according to chooseChr and start and stop, and possibly using -sites
	-> Only read nSites: 341478 will therefore prepare next chromosome (or exit)
	-> Done reading data from chromosome will prepare next chromosome
	-> Is in multi sfs, will now read data from chr:JASDQU010011159.1
	-> hello Im the master merge part of realSFS. and I'll now do a tripple bypass to find intersect 
	-> 1) Will set iter according to chooseChr and start and stop, and possibly using -sites
	-> Only read nSites: 342315 will therefore prepare next chromosome (or exit)
	-> Done reading data from chromosome will prepare next chromosome
	-> Is in multi sfs, will now read data from chr:JASDQU010011162.1
	-> hello Im the master merge part of realSFS. and I'll now do a tripple bypass to find intersect 
	-> 1) Will set iter according to chooseChr and start and stop, and possibly using -sites
	-> Only read nSites: 342747 will therefore prepare next chromosome (or exit)
	-> Done reading data from chromosome will prepare next chromosome
	-> Is in multi sfs, will now read data from chr:JASDQU010011169.1
	-> hello Im the master merge part of realSFS. and I'll now do a tripple bypass to find intersect 
	-> 1) Will set iter according to chooseChr and start and stop, and possibly using -sites
	-> Only read nSites: 347534 will therefore prepare next chromosome (or exit)
	-> Done reading data from chromosome will prepare next chromosome
	-> Is in multi sfs, will now read data from chr:JASDQU010011173.1
	-> hello Im the master merge part of realSFS. and I'll now do a tripple bypass to find intersect 
	-> 1) Will set iter according to chooseChr and start and stop, and possibly using -sites
	-> Only read nSites: 348516 will therefore prepare next chromosome (or exit)
	-> Done reading data from chromosome will prepare next chromosome
	-> Is in multi sfs, will now read data from chr:JASDQU010011175.1
	-> hello Im the master merge part of realSFS. and I'll now do a tripple bypass to find intersect 
	-> 1) Will set iter according to chooseChr and start and stop, and possibly using -sites
	-> Only read nSites: 350345 will therefore prepare next chromosome (or exit)
	-> Done reading data from chromosome will prepare next chromosome
	-> Is in multi sfs, will now read data from chr:JASDQU010011177.1
	-> hello Im the master merge part of realSFS. and I'll now do a tripple bypass to find intersect 
	-> 1) Will set iter according to chooseChr and start and stop, and possibly using -sites
	-> Only read nSites: 350621 will therefore prepare next chromosome (or exit)
	-> Done reading data from chromosome will prepare next chromosome
	-> Is in multi sfs, will now read data from chr:JASDQU010011181.1
	-> hello Im the master merge part of realSFS. and I'll now do a tripple bypass to find intersect 
	-> 1) Will set iter according to chooseChr and start and stop, and possibly using -sites
	-> Only read nSites: 353673 will therefore prepare next chromosome (or exit)
	-> Done reading data from chromosome will prepare next chromosome
	-> Is in multi sfs, will now read data from chr:JASDQU010011182.1
	-> hello Im the master merge part of realSFS. and I'll now do a tripple bypass to find intersect 
	-> 1) Will set iter according to chooseChr and start and stop, and possibly using -sites
	-> Only read nSites: 354109 will therefore prepare next chromosome (or exit)
	-> Done reading data from chromosome will prepare next chromosome
	-> Is in multi sfs, will now read data from chr:JASDQU010011186.1
	-> hello Im the master merge part of realSFS. and I'll now do a tripple bypass to find intersect 
	-> 1) Will set iter according to chooseChr and start and stop, and possibly using -sites
	-> Only read nSites: 355115 will therefore prepare next chromosome (or exit)
	-> Done reading data from chromosome will prepare next chromosome
	-> Is in multi sfs, will now read data from chr:JASDQU010011206.1
	-> hello Im the master merge part of realSFS. and I'll now do a tripple bypass to find intersect 
	-> 1) Will set iter according to chooseChr and start and stop, and possibly using -sites
	-> Only read nSites: 355301 will therefore prepare next chromosome (or exit)
	-> Done reading data from chromosome will prepare next chromosome
	-> Is in multi sfs, will now read data from chr:JASDQU010011208.1
	-> hello Im the master merge part of realSFS. and I'll now do a tripple bypass to find intersect 
	-> 1) Will set iter according to chooseChr and start and stop, and possibly using -sites
	-> Only read nSites: 356952 will therefore prepare next chromosome (or exit)
	-> Done reading data from chromosome will prepare next chromosome
	-> Is in multi sfs, will now read data from chr:JASDQU010011219.1
	-> hello Im the master merge part of realSFS. and I'll now do a tripple bypass to find intersect 
	-> 1) Will set iter according to chooseChr and start and stop, and possibly using -sites
	-> Only read nSites: 356966 will therefore prepare next chromosome (or exit)
	-> Done reading data from chromosome will prepare next chromosome
	-> Is in multi sfs, will now read data from chr:JASDQU010011232.1
	-> hello Im the master merge part of realSFS. and I'll now do a tripple bypass to find intersect 
	-> 1) Will set iter according to chooseChr and start and stop, and possibly using -sites
	-> Only read nSites: 358942 will therefore prepare next chromosome (or exit)
	-> Done reading data from chromosome will prepare next chromosome
	-> Is in multi sfs, will now read data from chr:JASDQU010011238.1
	-> hello Im the master merge part of realSFS. and I'll now do a tripple bypass to find intersect 
	-> 1) Will set iter according to chooseChr and start and stop, and possibly using -sites
	-> Only read nSites: 359931 will therefore prepare next chromosome (or exit)
	-> Done reading data from chromosome will prepare next chromosome
	-> Is in multi sfs, will now read data from chr:JASDQU010011239.1
	-> hello Im the master merge part of realSFS. and I'll now do a tripple bypass to find intersect 
	-> 1) Will set iter according to chooseChr and start and stop, and possibly using -sites
	-> Only read nSites: 361319 will therefore prepare next chromosome (or exit)
	-> Done reading data from chromosome will prepare next chromosome
	-> Is in multi sfs, will now read data from chr:JASDQU010011243.1
	-> hello Im the master merge part of realSFS. and I'll now do a tripple bypass to find intersect 
	-> 1) Will set iter according to chooseChr and start and stop, and possibly using -sites
	-> Only read nSites: 362456 will therefore prepare next chromosome (or exit)
	-> Done reading data from chromosome will prepare next chromosome
	-> Is in multi sfs, will now read data from chr:JASDQU010011245.1
	-> hello Im the master merge part of realSFS. and I'll now do a tripple bypass to find intersect 
	-> 1) Will set iter according to chooseChr and start and stop, and possibly using -sites
	-> Only read nSites: 363122 will therefore prepare next chromosome (or exit)
	-> Done reading data from chromosome will prepare next chromosome
	-> Is in multi sfs, will now read data from chr:JASDQU010011246.1
	-> hello Im the master merge part of realSFS. and I'll now do a tripple bypass to find intersect 
	-> 1) Will set iter according to chooseChr and start and stop, and possibly using -sites
	-> Only read nSites: 367604 will therefore prepare next chromosome (or exit)
	-> Done reading data from chromosome will prepare next chromosome
	-> Is in multi sfs, will now read data from chr:JASDQU010011254.1
	-> hello Im the master merge part of realSFS. and I'll now do a tripple bypass to find intersect 
	-> 1) Will set iter according to chooseChr and start and stop, and possibly using -sites
	-> Only read nSites: 370091 will therefore prepare next chromosome (or exit)
	-> Done reading data from chromosome will prepare next chromosome
	-> Is in multi sfs, will now read data from chr:JASDQU010011255.1
	-> hello Im the master merge part of realSFS. and I'll now do a tripple bypass to find intersect 
	-> 1) Will set iter according to chooseChr and start and stop, and possibly using -sites
	-> Only read nSites: 371668 will therefore prepare next chromosome (or exit)
	-> Done reading data from chromosome will prepare next chromosome
	-> Is in multi sfs, will now read data from chr:JASDQU010011258.1
	-> hello Im the master merge part of realSFS. and I'll now do a tripple bypass to find intersect 
	-> 1) Will set iter according to chooseChr and start and stop, and possibly using -sites
	-> Only read nSites: 371702 will therefore prepare next chromosome (or exit)
	-> Done reading data from chromosome will prepare next chromosome
	-> Is in multi sfs, will now read data from chr:JASDQU010011265.1
	-> hello Im the master merge part of realSFS. and I'll now do a tripple bypass to find intersect 
	-> 1) Will set iter according to chooseChr and start and stop, and possibly using -sites
	-> Only read nSites: 372707 will therefore prepare next chromosome (or exit)
	-> Done reading data from chromosome will prepare next chromosome
	-> Is in multi sfs, will now read data from chr:JASDQU010011271.1
	-> hello Im the master merge part of realSFS. and I'll now do a tripple bypass to find intersect 
	-> 1) Will set iter according to chooseChr and start and stop, and possibly using -sites
	-> Only read nSites: 372851 will therefore prepare next chromosome (or exit)
	-> Done reading data from chromosome will prepare next chromosome
	-> Is in multi sfs, will now read data from chr:JASDQU010011279.1
	-> hello Im the master merge part of realSFS. and I'll now do a tripple bypass to find intersect 
	-> 1) Will set iter according to chooseChr and start and stop, and possibly using -sites
	-> Only read nSites: 373893 will therefore prepare next chromosome (or exit)
	-> Done reading data from chromosome will prepare next chromosome
	-> Is in multi sfs, will now read data from chr:JASDQU010011285.1
	-> hello Im the master merge part of realSFS. and I'll now do a tripple bypass to find intersect 
	-> 1) Will set iter according to chooseChr and start and stop, and possibly using -sites
	-> Only read nSites: 376030 will therefore prepare next chromosome (or exit)
	-> Done reading data from chromosome will prepare next chromosome
	-> Is in multi sfs, will now read data from chr:JASDQU010011289.1
	-> hello Im the master merge part of realSFS. and I'll now do a tripple bypass to find intersect 
	-> 1) Will set iter according to chooseChr and start and stop, and possibly using -sites
	-> Only read nSites: 376273 will therefore prepare next chromosome (or exit)
	-> Done reading data from chromosome will prepare next chromosome
	-> Is in multi sfs, will now read data from chr:JASDQU010011291.1
	-> hello Im the master merge part of realSFS. and I'll now do a tripple bypass to find intersect 
	-> 1) Will set iter according to chooseChr and start and stop, and possibly using -sites
	-> Only read nSites: 379019 will therefore prepare next chromosome (or exit)
	-> Done reading data from chromosome will prepare next chromosome
	-> Is in multi sfs, will now read data from chr:JASDQU010011294.1
	-> hello Im the master merge part of realSFS. and I'll now do a tripple bypass to find intersect 
	-> 1) Will set iter according to chooseChr and start and stop, and possibly using -sites
	-> Only read nSites: 381526 will therefore prepare next chromosome (or exit)
	-> Done reading data from chromosome will prepare next chromosome
	-> Is in multi sfs, will now read data from chr:JASDQU010011297.1
	-> hello Im the master merge part of realSFS. and I'll now do a tripple bypass to find intersect 
	-> 1) Will set iter according to chooseChr and start and stop, and possibly using -sites
	-> Only read nSites: 382014 will therefore prepare next chromosome (or exit)
	-> Done reading data from chromosome will prepare next chromosome
	-> Is in multi sfs, will now read data from chr:JASDQU010011299.1
	-> hello Im the master merge part of realSFS. and I'll now do a tripple bypass to find intersect 
	-> 1) Will set iter according to chooseChr and start and stop, and possibly using -sites
	-> Only read nSites: 384344 will therefore prepare next chromosome (or exit)
	-> Done reading data from chromosome will prepare next chromosome
	-> Is in multi sfs, will now read data from chr:JASDQU010011303.1
	-> hello Im the master merge part of realSFS. and I'll now do a tripple bypass to find intersect 
	-> 1) Will set iter according to chooseChr and start and stop, and possibly using -sites
	-> Only read nSites: 387877 will therefore prepare next chromosome (or exit)
	-> Done reading data from chromosome will prepare next chromosome
	-> Is in multi sfs, will now read data from chr:JASDQU010011306.1
	-> hello Im the master merge part of realSFS. and I'll now do a tripple bypass to find intersect 
	-> 1) Will set iter according to chooseChr and start and stop, and possibly using -sites
	-> Only read nSites: 388280 will therefore prepare next chromosome (or exit)
	-> Done reading data from chromosome will prepare next chromosome
	-> Is in multi sfs, will now read data from chr:JASDQU010011321.1
	-> hello Im the master merge part of realSFS. and I'll now do a tripple bypass to find intersect 
	-> 1) Will set iter according to chooseChr and start and stop, and possibly using -sites
	-> Only read nSites: 389057 will therefore prepare next chromosome (or exit)
	-> Done reading data from chromosome will prepare next chromosome
	-> Is in multi sfs, will now read data from chr:JASDQU010011325.1
	-> hello Im the master merge part of realSFS. and I'll now do a tripple bypass to find intersect 
	-> 1) Will set iter according to chooseChr and start and stop, and possibly using -sites
	-> Only read nSites: 390878 will therefore prepare next chromosome (or exit)
	-> Done reading data from chromosome will prepare next chromosome
	-> Is in multi sfs, will now read data from chr:JASDQU010011332.1
	-> hello Im the master merge part of realSFS. and I'll now do a tripple bypass to find intersect 
	-> 1) Will set iter according to chooseChr and start and stop, and possibly using -sites
	-> Only read nSites: 391619 will therefore prepare next chromosome (or exit)
	-> Done reading data from chromosome will prepare next chromosome
	-> Is in multi sfs, will now read data from chr:JASDQU010011333.1
	-> hello Im the master merge part of realSFS. and I'll now do a tripple bypass to find intersect 
	-> 1) Will set iter according to chooseChr and start and stop, and possibly using -sites
	-> Only read nSites: 394420 will therefore prepare next chromosome (or exit)
	-> Done reading data from chromosome will prepare next chromosome
	-> Is in multi sfs, will now read data from chr:JASDQU010011334.1
	-> hello Im the master merge part of realSFS. and I'll now do a tripple bypass to find intersect 
	-> 1) Will set iter according to chooseChr and start and stop, and possibly using -sites
	-> Only read nSites: 395957 will therefore prepare next chromosome (or exit)
	-> Done reading data from chromosome will prepare next chromosome
	-> Is in multi sfs, will now read data from chr:JASDQU010011340.1
	-> hello Im the master merge part of realSFS. and I'll now do a tripple bypass to find intersect 
	-> 1) Will set iter according to chooseChr and start and stop, and possibly using -sites
	-> Only read nSites: 397232 will therefore prepare next chromosome (or exit)
	-> Done reading data from chromosome will prepare next chromosome
	-> Is in multi sfs, will now read data from chr:JASDQU010011342.1
	-> hello Im the master merge part of realSFS. and I'll now do a tripple bypass to find intersect 
	-> 1) Will set iter according to chooseChr and start and stop, and possibly using -sites
	-> Only read nSites: 398899 will therefore prepare next chromosome (or exit)
	-> Done reading data from chromosome will prepare next chromosome
	-> Is in multi sfs, will now read data from chr:JASDQU010011351.1
	-> hello Im the master merge part of realSFS. and I'll now do a tripple bypass to find intersect 
	-> 1) Will set iter according to chooseChr and start and stop, and possibly using -sites
	-> Only read nSites: 398974 will therefore prepare next chromosome (or exit)
	-> Done reading data from chromosome will prepare next chromosome
	-> Is in multi sfs, will now read data from chr:JASDQU010011353.1
	-> hello Im the master merge part of realSFS. and I'll now do a tripple bypass to find intersect 
	-> 1) Will set iter according to chooseChr and start and stop, and possibly using -sites
	-> Only read nSites: 399441 will therefore prepare next chromosome (or exit)
	-> Done reading data from chromosome will prepare next chromosome
	-> Is in multi sfs, will now read data from chr:JASDQU010011372.1
	-> hello Im the master merge part of realSFS. and I'll now do a tripple bypass to find intersect 
	-> 1) Will set iter according to chooseChr and start and stop, and possibly using -sites
	-> Only read nSites: 401832 will therefore prepare next chromosome (or exit)
	-> Done reading data from chromosome will prepare next chromosome
	-> Is in multi sfs, will now read data from chr:JASDQU010011380.1
	-> hello Im the master merge part of realSFS. and I'll now do a tripple bypass to find intersect 
	-> 1) Will set iter according to chooseChr and start and stop, and possibly using -sites
	-> Only read nSites: 402441 will therefore prepare next chromosome (or exit)
	-> Done reading data from chromosome will prepare next chromosome
	-> Is in multi sfs, will now read data from chr:JASDQU010011385.1
	-> hello Im the master merge part of realSFS. and I'll now do a tripple bypass to find intersect 
	-> 1) Will set iter according to chooseChr and start and stop, and possibly using -sites
	-> Only read nSites: 403286 will therefore prepare next chromosome (or exit)
	-> Done reading data from chromosome will prepare next chromosome
	-> Is in multi sfs, will now read data from chr:JASDQU010011388.1
	-> hello Im the master merge part of realSFS. and I'll now do a tripple bypass to find intersect 
	-> 1) Will set iter according to chooseChr and start and stop, and possibly using -sites
	-> Only read nSites: 403489 will therefore prepare next chromosome (or exit)
	-> Done reading data from chromosome will prepare next chromosome
	-> Is in multi sfs, will now read data from chr:JASDQU010011396.1
	-> hello Im the master merge part of realSFS. and I'll now do a tripple bypass to find intersect 
	-> 1) Will set iter according to chooseChr and start and stop, and possibly using -sites
	-> Only read nSites: 403591 will therefore prepare next chromosome (or exit)
	-> Done reading data from chromosome will prepare next chromosome
	-> Is in multi sfs, will now read data from chr:JASDQU010011401.1
	-> hello Im the master merge part of realSFS. and I'll now do a tripple bypass to find intersect 
	-> 1) Will set iter according to chooseChr and start and stop, and possibly using -sites
	-> Only read nSites: 405536 will therefore prepare next chromosome (or exit)
	-> Done reading data from chromosome will prepare next chromosome
	-> Is in multi sfs, will now read data from chr:JASDQU010011403.1
	-> hello Im the master merge part of realSFS. and I'll now do a tripple bypass to find intersect 
	-> 1) Will set iter according to chooseChr and start and stop, and possibly using -sites
	-> Only read nSites: 406504 will therefore prepare next chromosome (or exit)
	-> Done reading data from chromosome will prepare next chromosome
	-> Is in multi sfs, will now read data from chr:JASDQU010011404.1
	-> hello Im the master merge part of realSFS. and I'll now do a tripple bypass to find intersect 
	-> 1) Will set iter according to chooseChr and start and stop, and possibly using -sites
	-> Only read nSites: 408550 will therefore prepare next chromosome (or exit)
	-> Done reading data from chromosome will prepare next chromosome
	-> Is in multi sfs, will now read data from chr:JASDQU010011405.1
	-> hello Im the master merge part of realSFS. and I'll now do a tripple bypass to find intersect 
	-> 1) Will set iter according to chooseChr and start and stop, and possibly using -sites
	-> Only read nSites: 410615 will therefore prepare next chromosome (or exit)
	-> Done reading data from chromosome will prepare next chromosome
	-> Is in multi sfs, will now read data from chr:JASDQU010011406.1
	-> hello Im the master merge part of realSFS. and I'll now do a tripple bypass to find intersect 
	-> 1) Will set iter according to chooseChr and start and stop, and possibly using -sites
	-> Only read nSites: 413490 will therefore prepare next chromosome (or exit)
	-> Done reading data from chromosome will prepare next chromosome
	-> Is in multi sfs, will now read data from chr:JASDQU010011407.1
	-> hello Im the master merge part of realSFS. and I'll now do a tripple bypass to find intersect 
	-> 1) Will set iter according to chooseChr and start and stop, and possibly using -sites
	-> Only read nSites: 414154 will therefore prepare next chromosome (or exit)
	-> Done reading data from chromosome will prepare next chromosome
	-> Is in multi sfs, will now read data from chr:JASDQU010011412.1
	-> hello Im the master merge part of realSFS. and I'll now do a tripple bypass to find intersect 
	-> 1) Will set iter according to chooseChr and start and stop, and possibly using -sites
	-> Only read nSites: 416487 will therefore prepare next chromosome (or exit)
	-> Done reading data from chromosome will prepare next chromosome
	-> Is in multi sfs, will now read data from chr:JASDQU010011415.1
	-> hello Im the master merge part of realSFS. and I'll now do a tripple bypass to find intersect 
	-> 1) Will set iter according to chooseChr and start and stop, and possibly using -sites
	-> Only read nSites: 416916 will therefore prepare next chromosome (or exit)
	-> Done reading data from chromosome will prepare next chromosome
	-> Is in multi sfs, will now read data from chr:JASDQU010011418.1
	-> hello Im the master merge part of realSFS. and I'll now do a tripple bypass to find intersect 
	-> 1) Will set iter according to chooseChr and start and stop, and possibly using -sites
	-> Only read nSites: 417630 will therefore prepare next chromosome (or exit)
	-> Done reading data from chromosome will prepare next chromosome
	-> Is in multi sfs, will now read data from chr:JASDQU010011423.1
	-> hello Im the master merge part of realSFS. and I'll now do a tripple bypass to find intersect 
	-> 1) Will set iter according to chooseChr and start and stop, and possibly using -sites
	-> Only read nSites: 418063 will therefore prepare next chromosome (or exit)
	-> Done reading data from chromosome will prepare next chromosome
	-> Is in multi sfs, will now read data from chr:JASDQU010011426.1
	-> hello Im the master merge part of realSFS. and I'll now do a tripple bypass to find intersect 
	-> 1) Will set iter according to chooseChr and start and stop, and possibly using -sites
	-> Only read nSites: 418305 will therefore prepare next chromosome (or exit)
	-> Done reading data from chromosome will prepare next chromosome
	-> Is in multi sfs, will now read data from chr:JASDQU010011434.1
	-> hello Im the master merge part of realSFS. and I'll now do a tripple bypass to find intersect 
	-> 1) Will set iter according to chooseChr and start and stop, and possibly using -sites
	-> Only read nSites: 424807 will therefore prepare next chromosome (or exit)
	-> Done reading data from chromosome will prepare next chromosome
	-> Is in multi sfs, will now read data from chr:JASDQU010011435.1
	-> hello Im the master merge part of realSFS. and I'll now do a tripple bypass to find intersect 
	-> 1) Will set iter according to chooseChr and start and stop, and possibly using -sites
	-> Only read nSites: 425138 will therefore prepare next chromosome (or exit)
	-> Done reading data from chromosome will prepare next chromosome
	-> Is in multi sfs, will now read data from chr:JASDQU010011440.1
	-> hello Im the master merge part of realSFS. and I'll now do a tripple bypass to find intersect 
	-> 1) Will set iter according to chooseChr and start and stop, and possibly using -sites
	-> Only read nSites: 427700 will therefore prepare next chromosome (or exit)
	-> Done reading data from chromosome will prepare next chromosome
	-> Is in multi sfs, will now read data from chr:JASDQU010011445.1
	-> hello Im the master merge part of realSFS. and I'll now do a tripple bypass to find intersect 
	-> 1) Will set iter according to chooseChr and start and stop, and possibly using -sites
	-> Only read nSites: 429026 will therefore prepare next chromosome (or exit)
	-> Done reading data from chromosome will prepare next chromosome
	-> Is in multi sfs, will now read data from chr:JASDQU010011451.1
	-> hello Im the master merge part of realSFS. and I'll now do a tripple bypass to find intersect 
	-> 1) Will set iter according to chooseChr and start and stop, and possibly using -sites
	-> Only read nSites: 429810 will therefore prepare next chromosome (or exit)
	-> Done reading data from chromosome will prepare next chromosome
	-> Is in multi sfs, will now read data from chr:JASDQU010011454.1
	-> hello Im the master merge part of realSFS. and I'll now do a tripple bypass to find intersect 
	-> 1) Will set iter according to chooseChr and start and stop, and possibly using -sites
	-> Only read nSites: 431953 will therefore prepare next chromosome (or exit)
	-> Done reading data from chromosome will prepare next chromosome
	-> Is in multi sfs, will now read data from chr:JASDQU010011455.1
	-> hello Im the master merge part of realSFS. and I'll now do a tripple bypass to find intersect 
	-> 1) Will set iter according to chooseChr and start and stop, and possibly using -sites
	-> Only read nSites: 433551 will therefore prepare next chromosome (or exit)
	-> Done reading data from chromosome will prepare next chromosome
	-> Is in multi sfs, will now read data from chr:JASDQU010011458.1
	-> hello Im the master merge part of realSFS. and I'll now do a tripple bypass to find intersect 
	-> 1) Will set iter according to chooseChr and start and stop, and possibly using -sites
	-> Only read nSites: 433790 will therefore prepare next chromosome (or exit)
	-> Done reading data from chromosome will prepare next chromosome
	-> Is in multi sfs, will now read data from chr:JASDQU010011476.1
	-> hello Im the master merge part of realSFS. and I'll now do a tripple bypass to find intersect 
	-> 1) Will set iter according to chooseChr and start and stop, and possibly using -sites
	-> Only read nSites: 433797 will therefore prepare next chromosome (or exit)
	-> Done reading data from chromosome will prepare next chromosome
	-> Is in multi sfs, will now read data from chr:JASDQU010011480.1
	-> hello Im the master merge part of realSFS. and I'll now do a tripple bypass to find intersect 
	-> 1) Will set iter according to chooseChr and start and stop, and possibly using -sites
	-> Only read nSites: 434531 will therefore prepare next chromosome (or exit)
	-> Done reading data from chromosome will prepare next chromosome
	-> Is in multi sfs, will now read data from chr:JASDQU010011486.1
	-> hello Im the master merge part of realSFS. and I'll now do a tripple bypass to find intersect 
	-> 1) Will set iter according to chooseChr and start and stop, and possibly using -sites
	-> Only read nSites: 435219 will therefore prepare next chromosome (or exit)
	-> Done reading data from chromosome will prepare next chromosome
	-> Is in multi sfs, will now read data from chr:JASDQU010011493.1
	-> hello Im the master merge part of realSFS. and I'll now do a tripple bypass to find intersect 
	-> 1) Will set iter according to chooseChr and start and stop, and possibly using -sites
	-> Only read nSites: 436123 will therefore prepare next chromosome (or exit)
	-> Done reading data from chromosome will prepare next chromosome
	-> Is in multi sfs, will now read data from chr:JASDQU010011495.1
	-> hello Im the master merge part of realSFS. and I'll now do a tripple bypass to find intersect 
	-> 1) Will set iter according to chooseChr and start and stop, and possibly using -sites
	-> Only read nSites: 437059 will therefore prepare next chromosome (or exit)
	-> Done reading data from chromosome will prepare next chromosome
	-> Is in multi sfs, will now read data from chr:JASDQU010011509.1
	-> hello Im the master merge part of realSFS. and I'll now do a tripple bypass to find intersect 
	-> 1) Will set iter according to chooseChr and start and stop, and possibly using -sites
	-> Only read nSites: 438853 will therefore prepare next chromosome (or exit)
	-> Done reading data from chromosome will prepare next chromosome
	-> Is in multi sfs, will now read data from chr:JASDQU010011510.1
	-> hello Im the master merge part of realSFS. and I'll now do a tripple bypass to find intersect 
	-> 1) Will set iter according to chooseChr and start and stop, and possibly using -sites
	-> Only read nSites: 439394 will therefore prepare next chromosome (or exit)
	-> Done reading data from chromosome will prepare next chromosome
	-> Is in multi sfs, will now read data from chr:JASDQU010011523.1
	-> hello Im the master merge part of realSFS. and I'll now do a tripple bypass to find intersect 
	-> 1) Will set iter according to chooseChr and start and stop, and possibly using -sites
	-> Only read nSites: 441459 will therefore prepare next chromosome (or exit)
	-> Done reading data from chromosome will prepare next chromosome
	-> Is in multi sfs, will now read data from chr:JASDQU010011527.1
	-> hello Im the master merge part of realSFS. and I'll now do a tripple bypass to find intersect 
	-> 1) Will set iter according to chooseChr and start and stop, and possibly using -sites
	-> Only read nSites: 443517 will therefore prepare next chromosome (or exit)
	-> Done reading data from chromosome will prepare next chromosome
	-> Is in multi sfs, will now read data from chr:JASDQU010011528.1
	-> hello Im the master merge part of realSFS. and I'll now do a tripple bypass to find intersect 
	-> 1) Will set iter according to chooseChr and start and stop, and possibly using -sites
	-> Only read nSites: 446362 will therefore prepare next chromosome (or exit)
	-> Done reading data from chromosome will prepare next chromosome
	-> Is in multi sfs, will now read data from chr:JASDQU010011534.1
	-> hello Im the master merge part of realSFS. and I'll now do a tripple bypass to find intersect 
	-> 1) Will set iter according to chooseChr and start and stop, and possibly using -sites
	-> Only read nSites: 446442 will therefore prepare next chromosome (or exit)
	-> Done reading data from chromosome will prepare next chromosome
	-> Is in multi sfs, will now read data from chr:JASDQU010011536.1
	-> hello Im the master merge part of realSFS. and I'll now do a tripple bypass to find intersect 
	-> 1) Will set iter according to chooseChr and start and stop, and possibly using -sites
	-> Only read nSites: 447451 will therefore prepare next chromosome (or exit)
	-> Done reading data from chromosome will prepare next chromosome
	-> Is in multi sfs, will now read data from chr:JASDQU010011538.1
	-> hello Im the master merge part of realSFS. and I'll now do a tripple bypass to find intersect 
	-> 1) Will set iter according to chooseChr and start and stop, and possibly using -sites
	-> Only read nSites: 447453 will therefore prepare next chromosome (or exit)
	-> Done reading data from chromosome will prepare next chromosome
	-> Is in multi sfs, will now read data from chr:JASDQU010011539.1
	-> hello Im the master merge part of realSFS. and I'll now do a tripple bypass to find intersect 
	-> 1) Will set iter according to chooseChr and start and stop, and possibly using -sites
	-> Only read nSites: 447782 will therefore prepare next chromosome (or exit)
	-> Done reading data from chromosome will prepare next chromosome
	-> Is in multi sfs, will now read data from chr:JASDQU010011541.1
	-> hello Im the master merge part of realSFS. and I'll now do a tripple bypass to find intersect 
	-> 1) Will set iter according to chooseChr and start and stop, and possibly using -sites
	-> Only read nSites: 448557 will therefore prepare next chromosome (or exit)
	-> Done reading data from chromosome will prepare next chromosome
	-> Is in multi sfs, will now read data from chr:JASDQU010011543.1
	-> hello Im the master merge part of realSFS. and I'll now do a tripple bypass to find intersect 
	-> 1) Will set iter according to chooseChr and start and stop, and possibly using -sites
	-> Only read nSites: 449112 will therefore prepare next chromosome (or exit)
	-> Done reading data from chromosome will prepare next chromosome
	-> Is in multi sfs, will now read data from chr:JASDQU010011547.1
	-> hello Im the master merge part of realSFS. and I'll now do a tripple bypass to find intersect 
	-> 1) Will set iter according to chooseChr and start and stop, and possibly using -sites
	-> Only read nSites: 450874 will therefore prepare next chromosome (or exit)
	-> Done reading data from chromosome will prepare next chromosome
	-> Is in multi sfs, will now read data from chr:JASDQU010011550.1
	-> hello Im the master merge part of realSFS. and I'll now do a tripple bypass to find intersect 
	-> 1) Will set iter according to chooseChr and start and stop, and possibly using -sites
	-> Only read nSites: 451798 will therefore prepare next chromosome (or exit)
	-> Done reading data from chromosome will prepare next chromosome
	-> Is in multi sfs, will now read data from chr:JASDQU010011551.1
	-> hello Im the master merge part of realSFS. and I'll now do a tripple bypass to find intersect 
	-> 1) Will set iter according to chooseChr and start and stop, and possibly using -sites
	-> Only read nSites: 452858 will therefore prepare next chromosome (or exit)
	-> Done reading data from chromosome will prepare next chromosome
	-> Is in multi sfs, will now read data from chr:JASDQU010011552.1
	-> hello Im the master merge part of realSFS. and I'll now do a tripple bypass to find intersect 
	-> 1) Will set iter according to chooseChr and start and stop, and possibly using -sites
	-> Only read nSites: 453608 will therefore prepare next chromosome (or exit)
	-> Done reading data from chromosome will prepare next chromosome
	-> Is in multi sfs, will now read data from chr:JASDQU010011555.1
	-> hello Im the master merge part of realSFS. and I'll now do a tripple bypass to find intersect 
	-> 1) Will set iter according to chooseChr and start and stop, and possibly using -sites
	-> Only read nSites: 454831 will therefore prepare next chromosome (or exit)
	-> Done reading data from chromosome will prepare next chromosome
	-> Is in multi sfs, will now read data from chr:JASDQU010011558.1
	-> hello Im the master merge part of realSFS. and I'll now do a tripple bypass to find intersect 
	-> 1) Will set iter according to chooseChr and start and stop, and possibly using -sites
	-> Only read nSites: 459671 will therefore prepare next chromosome (or exit)
	-> Done reading data from chromosome will prepare next chromosome
	-> Is in multi sfs, will now read data from chr:JASDQU010011584.1
	-> hello Im the master merge part of realSFS. and I'll now do a tripple bypass to find intersect 
	-> 1) Will set iter according to chooseChr and start and stop, and possibly using -sites
	-> Only read nSites: 460345 will therefore prepare next chromosome (or exit)
	-> Done reading data from chromosome will prepare next chromosome
	-> Is in multi sfs, will now read data from chr:JASDQU010011588.1
	-> hello Im the master merge part of realSFS. and I'll now do a tripple bypass to find intersect 
	-> 1) Will set iter according to chooseChr and start and stop, and possibly using -sites
	-> Only read nSites: 460403 will therefore prepare next chromosome (or exit)
	-> Done reading data from chromosome will prepare next chromosome
	-> Is in multi sfs, will now read data from chr:JASDQU010011593.1
	-> hello Im the master merge part of realSFS. and I'll now do a tripple bypass to find intersect 
	-> 1) Will set iter according to chooseChr and start and stop, and possibly using -sites
	-> Only read nSites: 462623 will therefore prepare next chromosome (or exit)
	-> Done reading data from chromosome will prepare next chromosome
	-> Is in multi sfs, will now read data from chr:JASDQU010011594.1
	-> hello Im the master merge part of realSFS. and I'll now do a tripple bypass to find intersect 
	-> 1) Will set iter according to chooseChr and start and stop, and possibly using -sites
	-> Only read nSites: 465195 will therefore prepare next chromosome (or exit)
	-> Done reading data from chromosome will prepare next chromosome
	-> Is in multi sfs, will now read data from chr:JASDQU010011596.1
	-> hello Im the master merge part of realSFS. and I'll now do a tripple bypass to find intersect 
	-> 1) Will set iter according to chooseChr and start and stop, and possibly using -sites
	-> Only read nSites: 465660 will therefore prepare next chromosome (or exit)
	-> Done reading data from chromosome will prepare next chromosome
	-> Is in multi sfs, will now read data from chr:JASDQU010011609.1
	-> hello Im the master merge part of realSFS. and I'll now do a tripple bypass to find intersect 
	-> 1) Will set iter according to chooseChr and start and stop, and possibly using -sites
	-> Only read nSites: 466798 will therefore prepare next chromosome (or exit)
	-> Done reading data from chromosome will prepare next chromosome
	-> Is in multi sfs, will now read data from chr:JASDQU010011622.1
	-> hello Im the master merge part of realSFS. and I'll now do a tripple bypass to find intersect 
	-> 1) Will set iter according to chooseChr and start and stop, and possibly using -sites
	-> Only read nSites: 466837 will therefore prepare next chromosome (or exit)
	-> Done reading data from chromosome will prepare next chromosome
	-> Is in multi sfs, will now read data from chr:JASDQU010011629.1
	-> hello Im the master merge part of realSFS. and I'll now do a tripple bypass to find intersect 
	-> 1) Will set iter according to chooseChr and start and stop, and possibly using -sites
	-> Only read nSites: 468595 will therefore prepare next chromosome (or exit)
	-> Done reading data from chromosome will prepare next chromosome
	-> Is in multi sfs, will now read data from chr:JASDQU010011630.1
	-> hello Im the master merge part of realSFS. and I'll now do a tripple bypass to find intersect 
	-> 1) Will set iter according to chooseChr and start and stop, and possibly using -sites
	-> Only read nSites: 469390 will therefore prepare next chromosome (or exit)
	-> Done reading data from chromosome will prepare next chromosome
	-> Is in multi sfs, will now read data from chr:JASDQU010011635.1
	-> hello Im the master merge part of realSFS. and I'll now do a tripple bypass to find intersect 
	-> 1) Will set iter according to chooseChr and start and stop, and possibly using -sites
	-> Only read nSites: 469465 will therefore prepare next chromosome (or exit)
	-> Done reading data from chromosome will prepare next chromosome
	-> Is in multi sfs, will now read data from chr:JASDQU010011638.1
	-> hello Im the master merge part of realSFS. and I'll now do a tripple bypass to find intersect 
	-> 1) Will set iter according to chooseChr and start and stop, and possibly using -sites
	-> Only read nSites: 470140 will therefore prepare next chromosome (or exit)
	-> Done reading data from chromosome will prepare next chromosome
	-> Is in multi sfs, will now read data from chr:JASDQU010011645.1
	-> hello Im the master merge part of realSFS. and I'll now do a tripple bypass to find intersect 
	-> 1) Will set iter according to chooseChr and start and stop, and possibly using -sites
	-> Only read nSites: 470856 will therefore prepare next chromosome (or exit)
	-> Done reading data from chromosome will prepare next chromosome
	-> Is in multi sfs, will now read data from chr:JASDQU010011648.1
	-> hello Im the master merge part of realSFS. and I'll now do a tripple bypass to find intersect 
	-> 1) Will set iter according to chooseChr and start and stop, and possibly using -sites
	-> Only read nSites: 472223 will therefore prepare next chromosome (or exit)
	-> Done reading data from chromosome will prepare next chromosome
	-> Is in multi sfs, will now read data from chr:JASDQU010011655.1
	-> hello Im the master merge part of realSFS. and I'll now do a tripple bypass to find intersect 
	-> 1) Will set iter according to chooseChr and start and stop, and possibly using -sites
	-> Only read nSites: 474090 will therefore prepare next chromosome (or exit)
	-> Done reading data from chromosome will prepare next chromosome
	-> Is in multi sfs, will now read data from chr:JASDQU010011658.1
	-> hello Im the master merge part of realSFS. and I'll now do a tripple bypass to find intersect 
	-> 1) Will set iter according to chooseChr and start and stop, and possibly using -sites
	-> Only read nSites: 474427 will therefore prepare next chromosome (or exit)
	-> Done reading data from chromosome will prepare next chromosome
	-> Is in multi sfs, will now read data from chr:JASDQU010011671.1
	-> hello Im the master merge part of realSFS. and I'll now do a tripple bypass to find intersect 
	-> 1) Will set iter according to chooseChr and start and stop, and possibly using -sites
	-> Only read nSites: 475143 will therefore prepare next chromosome (or exit)
	-> Done reading data from chromosome will prepare next chromosome
	-> Is in multi sfs, will now read data from chr:JASDQU010011677.1
	-> hello Im the master merge part of realSFS. and I'll now do a tripple bypass to find intersect 
	-> 1) Will set iter according to chooseChr and start and stop, and possibly using -sites
	-> Only read nSites: 475489 will therefore prepare next chromosome (or exit)
	-> Done reading data from chromosome will prepare next chromosome
	-> Is in multi sfs, will now read data from chr:JASDQU010011699.1
	-> hello Im the master merge part of realSFS. and I'll now do a tripple bypass to find intersect 
	-> 1) Will set iter according to chooseChr and start and stop, and possibly using -sites
	-> Only read nSites: 475875 will therefore prepare next chromosome (or exit)
	-> Done reading data from chromosome will prepare next chromosome
	-> Is in multi sfs, will now read data from chr:JASDQU010011710.1
	-> hello Im the master merge part of realSFS. and I'll now do a tripple bypass to find intersect 
	-> 1) Will set iter according to chooseChr and start and stop, and possibly using -sites
	-> Only read nSites: 476885 will therefore prepare next chromosome (or exit)
	-> Done reading data from chromosome will prepare next chromosome
	-> Is in multi sfs, will now read data from chr:JASDQU010011712.1
	-> hello Im the master merge part of realSFS. and I'll now do a tripple bypass to find intersect 
	-> 1) Will set iter according to chooseChr and start and stop, and possibly using -sites
	-> Only read nSites: 480298 will therefore prepare next chromosome (or exit)
	-> Done reading data from chromosome will prepare next chromosome
	-> Is in multi sfs, will now read data from chr:JASDQU010011713.1
	-> hello Im the master merge part of realSFS. and I'll now do a tripple bypass to find intersect 
	-> 1) Will set iter according to chooseChr and start and stop, and possibly using -sites
	-> Only read nSites: 484181 will therefore prepare next chromosome (or exit)
	-> Done reading data from chromosome will prepare next chromosome
	-> Is in multi sfs, will now read data from chr:JASDQU010011725.1
	-> hello Im the master merge part of realSFS. and I'll now do a tripple bypass to find intersect 
	-> 1) Will set iter according to chooseChr and start and stop, and possibly using -sites
	-> Only read nSites: 484416 will therefore prepare next chromosome (or exit)
	-> Done reading data from chromosome will prepare next chromosome
	-> Is in multi sfs, will now read data from chr:JASDQU010011728.1
	-> hello Im the master merge part of realSFS. and I'll now do a tripple bypass to find intersect 
	-> 1) Will set iter according to chooseChr and start and stop, and possibly using -sites
	-> Only read nSites: 484439 will therefore prepare next chromosome (or exit)
	-> Done reading data from chromosome will prepare next chromosome
	-> Is in multi sfs, will now read data from chr:JASDQU010011735.1
	-> hello Im the master merge part of realSFS. and I'll now do a tripple bypass to find intersect 
	-> 1) Will set iter according to chooseChr and start and stop, and possibly using -sites
	-> Only read nSites: 485316 will therefore prepare next chromosome (or exit)
	-> Done reading data from chromosome will prepare next chromosome
	-> Is in multi sfs, will now read data from chr:JASDQU010011737.1
	-> hello Im the master merge part of realSFS. and I'll now do a tripple bypass to find intersect 
	-> 1) Will set iter according to chooseChr and start and stop, and possibly using -sites
	-> Only read nSites: 486855 will therefore prepare next chromosome (or exit)
	-> Done reading data from chromosome will prepare next chromosome
	-> Is in multi sfs, will now read data from chr:JASDQU010011740.1
	-> hello Im the master merge part of realSFS. and I'll now do a tripple bypass to find intersect 
	-> 1) Will set iter according to chooseChr and start and stop, and possibly using -sites
	-> Only read nSites: 487549 will therefore prepare next chromosome (or exit)
	-> Done reading data from chromosome will prepare next chromosome
	-> Is in multi sfs, will now read data from chr:JASDQU010011741.1
	-> hello Im the master merge part of realSFS. and I'll now do a tripple bypass to find intersect 
	-> 1) Will set iter according to chooseChr and start and stop, and possibly using -sites
	-> Only read nSites: 489039 will therefore prepare next chromosome (or exit)
	-> Done reading data from chromosome will prepare next chromosome
	-> Is in multi sfs, will now read data from chr:JASDQU010011744.1
	-> hello Im the master merge part of realSFS. and I'll now do a tripple bypass to find intersect 
	-> 1) Will set iter according to chooseChr and start and stop, and possibly using -sites
	-> Only read nSites: 490715 will therefore prepare next chromosome (or exit)
	-> Done reading data from chromosome will prepare next chromosome
	-> Is in multi sfs, will now read data from chr:JASDQU010011751.1
	-> hello Im the master merge part of realSFS. and I'll now do a tripple bypass to find intersect 
	-> 1) Will set iter according to chooseChr and start and stop, and possibly using -sites
	-> Only read nSites: 491032 will therefore prepare next chromosome (or exit)
	-> Done reading data from chromosome will prepare next chromosome
	-> Is in multi sfs, will now read data from chr:JASDQU010011755.1
	-> hello Im the master merge part of realSFS. and I'll now do a tripple bypass to find intersect 
	-> 1) Will set iter according to chooseChr and start and stop, and possibly using -sites
	-> Only read nSites: 495280 will therefore prepare next chromosome (or exit)
	-> Done reading data from chromosome will prepare next chromosome
	-> Is in multi sfs, will now read data from chr:JASDQU010011759.1
	-> hello Im the master merge part of realSFS. and I'll now do a tripple bypass to find intersect 
	-> 1) Will set iter according to chooseChr and start and stop, and possibly using -sites
	-> Only read nSites: 495439 will therefore prepare next chromosome (or exit)
	-> Done reading data from chromosome will prepare next chromosome
	-> Is in multi sfs, will now read data from chr:JASDQU010011763.1
	-> hello Im the master merge part of realSFS. and I'll now do a tripple bypass to find intersect 
	-> 1) Will set iter according to chooseChr and start and stop, and possibly using -sites
	-> Only read nSites: 497715 will therefore prepare next chromosome (or exit)
	-> Done reading data from chromosome will prepare next chromosome
	-> Is in multi sfs, will now read data from chr:JASDQU010011766.1
	-> hello Im the master merge part of realSFS. and I'll now do a tripple bypass to find intersect 
	-> 1) Will set iter according to chooseChr and start and stop, and possibly using -sites
	-> Only read nSites: 502385 will therefore prepare next chromosome (or exit)
	-> Done reading data from chromosome will prepare next chromosome
	-> Is in multi sfs, will now read data from chr:JASDQU010011775.1
	-> hello Im the master merge part of realSFS. and I'll now do a tripple bypass to find intersect 
	-> 1) Will set iter according to chooseChr and start and stop, and possibly using -sites
	-> Only read nSites: 503370 will therefore prepare next chromosome (or exit)
	-> Done reading data from chromosome will prepare next chromosome
	-> Is in multi sfs, will now read data from chr:JASDQU010011779.1
	-> hello Im the master merge part of realSFS. and I'll now do a tripple bypass to find intersect 
	-> 1) Will set iter according to chooseChr and start and stop, and possibly using -sites
	-> Only read nSites: 505152 will therefore prepare next chromosome (or exit)
	-> Done reading data from chromosome will prepare next chromosome
	-> Is in multi sfs, will now read data from chr:JASDQU010011784.1
	-> hello Im the master merge part of realSFS. and I'll now do a tripple bypass to find intersect 
	-> 1) Will set iter according to chooseChr and start and stop, and possibly using -sites
	-> Only read nSites: 506931 will therefore prepare next chromosome (or exit)
	-> Done reading data from chromosome will prepare next chromosome
	-> Is in multi sfs, will now read data from chr:JASDQU010011788.1
	-> hello Im the master merge part of realSFS. and I'll now do a tripple bypass to find intersect 
	-> 1) Will set iter according to chooseChr and start and stop, and possibly using -sites
	-> Only read nSites: 507523 will therefore prepare next chromosome (or exit)
	-> Done reading data from chromosome will prepare next chromosome
	-> Is in multi sfs, will now read data from chr:JASDQU010011791.1
	-> hello Im the master merge part of realSFS. and I'll now do a tripple bypass to find intersect 
	-> 1) Will set iter according to chooseChr and start and stop, and possibly using -sites
	-> Only read nSites: 508071 will therefore prepare next chromosome (or exit)
	-> Done reading data from chromosome will prepare next chromosome
	-> Is in multi sfs, will now read data from chr:JASDQU010011792.1
	-> hello Im the master merge part of realSFS. and I'll now do a tripple bypass to find intersect 
	-> 1) Will set iter according to chooseChr and start and stop, and possibly using -sites
	-> Only read nSites: 508923 will therefore prepare next chromosome (or exit)
	-> Done reading data from chromosome will prepare next chromosome
	-> Is in multi sfs, will now read data from chr:JASDQU010011801.1
	-> hello Im the master merge part of realSFS. and I'll now do a tripple bypass to find intersect 
	-> 1) Will set iter according to chooseChr and start and stop, and possibly using -sites
	-> Only read nSites: 510583 will therefore prepare next chromosome (or exit)
	-> Done reading data from chromosome will prepare next chromosome
	-> Is in multi sfs, will now read data from chr:JASDQU010011806.1
	-> hello Im the master merge part of realSFS. and I'll now do a tripple bypass to find intersect 
	-> 1) Will set iter according to chooseChr and start and stop, and possibly using -sites
	-> Only read nSites: 510882 will therefore prepare next chromosome (or exit)
	-> Done reading data from chromosome will prepare next chromosome
	-> Is in multi sfs, will now read data from chr:JASDQU010011807.1
	-> hello Im the master merge part of realSFS. and I'll now do a tripple bypass to find intersect 
	-> 1) Will set iter according to chooseChr and start and stop, and possibly using -sites
	-> Only read nSites: 511059 will therefore prepare next chromosome (or exit)
	-> Done reading data from chromosome will prepare next chromosome
	-> Is in multi sfs, will now read data from chr:JASDQU010011811.1
	-> hello Im the master merge part of realSFS. and I'll now do a tripple bypass to find intersect 
	-> 1) Will set iter according to chooseChr and start and stop, and possibly using -sites
	-> Only read nSites: 512329 will therefore prepare next chromosome (or exit)
	-> Done reading data from chromosome will prepare next chromosome
	-> Is in multi sfs, will now read data from chr:JASDQU010011815.1
	-> hello Im the master merge part of realSFS. and I'll now do a tripple bypass to find intersect 
	-> 1) Will set iter according to chooseChr and start and stop, and possibly using -sites
	-> Only read nSites: 515471 will therefore prepare next chromosome (or exit)
	-> Done reading data from chromosome will prepare next chromosome
	-> Is in multi sfs, will now read data from chr:JASDQU010011818.1
	-> hello Im the master merge part of realSFS. and I'll now do a tripple bypass to find intersect 
	-> 1) Will set iter according to chooseChr and start and stop, and possibly using -sites
	-> Only read nSites: 517938 will therefore prepare next chromosome (or exit)
	-> Done reading data from chromosome will prepare next chromosome
	-> Is in multi sfs, will now read data from chr:JASDQU010011821.1
	-> hello Im the master merge part of realSFS. and I'll now do a tripple bypass to find intersect 
	-> 1) Will set iter according to chooseChr and start and stop, and possibly using -sites
	-> Only read nSites: 519463 will therefore prepare next chromosome (or exit)
	-> Done reading data from chromosome will prepare next chromosome
	-> Is in multi sfs, will now read data from chr:JASDQU010011822.1
	-> hello Im the master merge part of realSFS. and I'll now do a tripple bypass to find intersect 
	-> 1) Will set iter according to chooseChr and start and stop, and possibly using -sites
	-> Only read nSites: 519929 will therefore prepare next chromosome (or exit)
	-> Done reading data from chromosome will prepare next chromosome
	-> Is in multi sfs, will now read data from chr:JASDQU010011842.1
	-> hello Im the master merge part of realSFS. and I'll now do a tripple bypass to find intersect 
	-> 1) Will set iter according to chooseChr and start and stop, and possibly using -sites
	-> Only read nSites: 521530 will therefore prepare next chromosome (or exit)
	-> Done reading data from chromosome will prepare next chromosome
	-> Is in multi sfs, will now read data from chr:JASDQU010011845.1
	-> hello Im the master merge part of realSFS. and I'll now do a tripple bypass to find intersect 
	-> 1) Will set iter according to chooseChr and start and stop, and possibly using -sites
	-> Only read nSites: 523122 will therefore prepare next chromosome (or exit)
	-> Done reading data from chromosome will prepare next chromosome
	-> Is in multi sfs, will now read data from chr:JASDQU010011849.1
	-> hello Im the master merge part of realSFS. and I'll now do a tripple bypass to find intersect 
	-> 1) Will set iter according to chooseChr and start and stop, and possibly using -sites
	-> Only read nSites: 525220 will therefore prepare next chromosome (or exit)
	-> Done reading data from chromosome will prepare next chromosome
	-> Is in multi sfs, will now read data from chr:JASDQU010011850.1
	-> hello Im the master merge part of realSFS. and I'll now do a tripple bypass to find intersect 
	-> 1) Will set iter according to chooseChr and start and stop, and possibly using -sites
	-> Only read nSites: 526473 will therefore prepare next chromosome (or exit)
	-> Done reading data from chromosome will prepare next chromosome
	-> Is in multi sfs, will now read data from chr:JASDQU010011854.1
	-> hello Im the master merge part of realSFS. and I'll now do a tripple bypass to find intersect 
	-> 1) Will set iter according to chooseChr and start and stop, and possibly using -sites
	-> Only read nSites: 528070 will therefore prepare next chromosome (or exit)
	-> Done reading data from chromosome will prepare next chromosome
	-> Is in multi sfs, will now read data from chr:JASDQU010011859.1
	-> hello Im the master merge part of realSFS. and I'll now do a tripple bypass to find intersect 
	-> 1) Will set iter according to chooseChr and start and stop, and possibly using -sites
	-> Only read nSites: 528392 will therefore prepare next chromosome (or exit)
	-> Done reading data from chromosome will prepare next chromosome
	-> Is in multi sfs, will now read data from chr:JASDQU010011862.1
	-> hello Im the master merge part of realSFS. and I'll now do a tripple bypass to find intersect 
	-> 1) Will set iter according to chooseChr and start and stop, and possibly using -sites
	-> Only read nSites: 528931 will therefore prepare next chromosome (or exit)
	-> Done reading data from chromosome will prepare next chromosome
	-> Is in multi sfs, will now read data from chr:JASDQU010011868.1
	-> hello Im the master merge part of realSFS. and I'll now do a tripple bypass to find intersect 
	-> 1) Will set iter according to chooseChr and start and stop, and possibly using -sites
	-> Only read nSites: 530324 will therefore prepare next chromosome (or exit)
	-> Done reading data from chromosome will prepare next chromosome
	-> Is in multi sfs, will now read data from chr:JASDQU010011881.1
	-> hello Im the master merge part of realSFS. and I'll now do a tripple bypass to find intersect 
	-> 1) Will set iter according to chooseChr and start and stop, and possibly using -sites
	-> Only read nSites: 530761 will therefore prepare next chromosome (or exit)
	-> Done reading data from chromosome will prepare next chromosome
	-> Is in multi sfs, will now read data from chr:JASDQU010011893.1
	-> hello Im the master merge part of realSFS. and I'll now do a tripple bypass to find intersect 
	-> 1) Will set iter according to chooseChr and start and stop, and possibly using -sites
	-> Only read nSites: 533893 will therefore prepare next chromosome (or exit)
	-> Done reading data from chromosome will prepare next chromosome
	-> Is in multi sfs, will now read data from chr:JASDQU010011895.1
	-> hello Im the master merge part of realSFS. and I'll now do a tripple bypass to find intersect 
	-> 1) Will set iter according to chooseChr and start and stop, and possibly using -sites
	-> Only read nSites: 534415 will therefore prepare next chromosome (or exit)
	-> Done reading data from chromosome will prepare next chromosome
	-> Is in multi sfs, will now read data from chr:JASDQU010011906.1
	-> hello Im the master merge part of realSFS. and I'll now do a tripple bypass to find intersect 
	-> 1) Will set iter according to chooseChr and start and stop, and possibly using -sites
	-> Only read nSites: 538643 will therefore prepare next chromosome (or exit)
	-> Done reading data from chromosome will prepare next chromosome
	-> Is in multi sfs, will now read data from chr:JASDQU010011908.1
	-> hello Im the master merge part of realSFS. and I'll now do a tripple bypass to find intersect 
	-> 1) Will set iter according to chooseChr and start and stop, and possibly using -sites
	-> Only read nSites: 538831 will therefore prepare next chromosome (or exit)
	-> Done reading data from chromosome will prepare next chromosome
	-> Is in multi sfs, will now read data from chr:JASDQU010011911.1
	-> hello Im the master merge part of realSFS. and I'll now do a tripple bypass to find intersect 
	-> 1) Will set iter according to chooseChr and start and stop, and possibly using -sites
	-> Only read nSites: 540765 will therefore prepare next chromosome (or exit)
	-> Done reading data from chromosome will prepare next chromosome
	-> Is in multi sfs, will now read data from chr:JASDQU010011922.1
	-> hello Im the master merge part of realSFS. and I'll now do a tripple bypass to find intersect 
	-> 1) Will set iter according to chooseChr and start and stop, and possibly using -sites
	-> Only read nSites: 542738 will therefore prepare next chromosome (or exit)
	-> Done reading data from chromosome will prepare next chromosome
	-> Is in multi sfs, will now read data from chr:JASDQU010011928.1
	-> hello Im the master merge part of realSFS. and I'll now do a tripple bypass to find intersect 
	-> 1) Will set iter according to chooseChr and start and stop, and possibly using -sites
	-> Only read nSites: 544003 will therefore prepare next chromosome (or exit)
	-> Done reading data from chromosome will prepare next chromosome
	-> Is in multi sfs, will now read data from chr:JASDQU010011939.1
	-> hello Im the master merge part of realSFS. and I'll now do a tripple bypass to find intersect 
	-> 1) Will set iter according to chooseChr and start and stop, and possibly using -sites
	-> Only read nSites: 545512 will therefore prepare next chromosome (or exit)
	-> Done reading data from chromosome will prepare next chromosome
	-> Is in multi sfs, will now read data from chr:JASDQU010011940.1
	-> hello Im the master merge part of realSFS. and I'll now do a tripple bypass to find intersect 
	-> 1) Will set iter according to chooseChr and start and stop, and possibly using -sites
	-> Only read nSites: 546172 will therefore prepare next chromosome (or exit)
	-> Done reading data from chromosome will prepare next chromosome
	-> Is in multi sfs, will now read data from chr:JASDQU010011941.1
	-> hello Im the master merge part of realSFS. and I'll now do a tripple bypass to find intersect 
	-> 1) Will set iter according to chooseChr and start and stop, and possibly using -sites
	-> Only read nSites: 548087 will therefore prepare next chromosome (or exit)
	-> Done reading data from chromosome will prepare next chromosome
	-> Is in multi sfs, will now read data from chr:JASDQU010011945.1
	-> hello Im the master merge part of realSFS. and I'll now do a tripple bypass to find intersect 
	-> 1) Will set iter according to chooseChr and start and stop, and possibly using -sites
	-> Only read nSites: 548192 will therefore prepare next chromosome (or exit)
	-> Done reading data from chromosome will prepare next chromosome
	-> Is in multi sfs, will now read data from chr:JASDQU010011946.1
	-> hello Im the master merge part of realSFS. and I'll now do a tripple bypass to find intersect 
	-> 1) Will set iter according to chooseChr and start and stop, and possibly using -sites
	-> Only read nSites: 550217 will therefore prepare next chromosome (or exit)
	-> Done reading data from chromosome will prepare next chromosome
	-> Is in multi sfs, will now read data from chr:JASDQU010011954.1
	-> hello Im the master merge part of realSFS. and I'll now do a tripple bypass to find intersect 
	-> 1) Will set iter according to chooseChr and start and stop, and possibly using -sites
	-> Only read nSites: 551045 will therefore prepare next chromosome (or exit)
	-> Done reading data from chromosome will prepare next chromosome
	-> Is in multi sfs, will now read data from chr:JASDQU010011983.1
	-> hello Im the master merge part of realSFS. and I'll now do a tripple bypass to find intersect 
	-> 1) Will set iter according to chooseChr and start and stop, and possibly using -sites
	-> Only read nSites: 552137 will therefore prepare next chromosome (or exit)
	-> Done reading data from chromosome will prepare next chromosome
	-> Is in multi sfs, will now read data from chr:JASDQU010011984.1
	-> hello Im the master merge part of realSFS. and I'll now do a tripple bypass to find intersect 
	-> 1) Will set iter according to chooseChr and start and stop, and possibly using -sites
	-> Only read nSites: 552255 will therefore prepare next chromosome (or exit)
	-> Done reading data from chromosome will prepare next chromosome
	-> Is in multi sfs, will now read data from chr:JASDQU010011990.1
	-> hello Im the master merge part of realSFS. and I'll now do a tripple bypass to find intersect 
	-> 1) Will set iter according to chooseChr and start and stop, and possibly using -sites
	-> Only read nSites: 553622 will therefore prepare next chromosome (or exit)
	-> Done reading data from chromosome will prepare next chromosome
	-> Is in multi sfs, will now read data from chr:JASDQU010011991.1
	-> hello Im the master merge part of realSFS. and I'll now do a tripple bypass to find intersect 
	-> 1) Will set iter according to chooseChr and start and stop, and possibly using -sites
	-> Only read nSites: 554108 will therefore prepare next chromosome (or exit)
	-> Done reading data from chromosome will prepare next chromosome
	-> Is in multi sfs, will now read data from chr:JASDQU010012001.1
	-> hello Im the master merge part of realSFS. and I'll now do a tripple bypass to find intersect 
	-> 1) Will set iter according to chooseChr and start and stop, and possibly using -sites
	-> Only read nSites: 554429 will therefore prepare next chromosome (or exit)
	-> Done reading data from chromosome will prepare next chromosome
	-> Is in multi sfs, will now read data from chr:JASDQU010012009.1
	-> hello Im the master merge part of realSFS. and I'll now do a tripple bypass to find intersect 
	-> 1) Will set iter according to chooseChr and start and stop, and possibly using -sites
	-> Only read nSites: 554869 will therefore prepare next chromosome (or exit)
	-> Done reading data from chromosome will prepare next chromosome
	-> Is in multi sfs, will now read data from chr:JASDQU010012012.1
	-> hello Im the master merge part of realSFS. and I'll now do a tripple bypass to find intersect 
	-> 1) Will set iter according to chooseChr and start and stop, and possibly using -sites
	-> Only read nSites: 555145 will therefore prepare next chromosome (or exit)
	-> Done reading data from chromosome will prepare next chromosome
	-> Is in multi sfs, will now read data from chr:JASDQU010012019.1
	-> hello Im the master merge part of realSFS. and I'll now do a tripple bypass to find intersect 
	-> 1) Will set iter according to chooseChr and start and stop, and possibly using -sites
	-> Only read nSites: 555432 will therefore prepare next chromosome (or exit)
	-> Done reading data from chromosome will prepare next chromosome
	-> Is in multi sfs, will now read data from chr:JASDQU010012023.1
	-> hello Im the master merge part of realSFS. and I'll now do a tripple bypass to find intersect 
	-> 1) Will set iter according to chooseChr and start and stop, and possibly using -sites
	-> Only read nSites: 555847 will therefore prepare next chromosome (or exit)
	-> Done reading data from chromosome will prepare next chromosome
	-> Is in multi sfs, will now read data from chr:JASDQU010012029.1
	-> hello Im the master merge part of realSFS. and I'll now do a tripple bypass to find intersect 
	-> 1) Will set iter according to chooseChr and start and stop, and possibly using -sites
	-> Only read nSites: 556573 will therefore prepare next chromosome (or exit)
	-> Done reading data from chromosome will prepare next chromosome
	-> Is in multi sfs, will now read data from chr:JASDQU010012033.1
	-> hello Im the master merge part of realSFS. and I'll now do a tripple bypass to find intersect 
	-> 1) Will set iter according to chooseChr and start and stop, and possibly using -sites
	-> Only read nSites: 557225 will therefore prepare next chromosome (or exit)
	-> Done reading data from chromosome will prepare next chromosome
	-> Is in multi sfs, will now read data from chr:JASDQU010012037.1
	-> hello Im the master merge part of realSFS. and I'll now do a tripple bypass to find intersect 
	-> 1) Will set iter according to chooseChr and start and stop, and possibly using -sites
	-> Only read nSites: 559780 will therefore prepare next chromosome (or exit)
	-> Done reading data from chromosome will prepare next chromosome
	-> Is in multi sfs, will now read data from chr:JASDQU010012045.1
	-> hello Im the master merge part of realSFS. and I'll now do a tripple bypass to find intersect 
	-> 1) Will set iter according to chooseChr and start and stop, and possibly using -sites
	-> Only read nSites: 560048 will therefore prepare next chromosome (or exit)
	-> Done reading data from chromosome will prepare next chromosome
	-> Is in multi sfs, will now read data from chr:JASDQU010012057.1
	-> hello Im the master merge part of realSFS. and I'll now do a tripple bypass to find intersect 
	-> 1) Will set iter according to chooseChr and start and stop, and possibly using -sites
	-> Only read nSites: 560838 will therefore prepare next chromosome (or exit)
	-> Done reading data from chromosome will prepare next chromosome
	-> Is in multi sfs, will now read data from chr:JASDQU010012060.1
	-> hello Im the master merge part of realSFS. and I'll now do a tripple bypass to find intersect 
	-> 1) Will set iter according to chooseChr and start and stop, and possibly using -sites
	-> Only read nSites: 562036 will therefore prepare next chromosome (or exit)
	-> Done reading data from chromosome will prepare next chromosome
	-> Is in multi sfs, will now read data from chr:JASDQU010012067.1
	-> hello Im the master merge part of realSFS. and I'll now do a tripple bypass to find intersect 
	-> 1) Will set iter according to chooseChr and start and stop, and possibly using -sites
	-> Only read nSites: 565700 will therefore prepare next chromosome (or exit)
	-> Done reading data from chromosome will prepare next chromosome
	-> Is in multi sfs, will now read data from chr:JASDQU010012086.1
	-> hello Im the master merge part of realSFS. and I'll now do a tripple bypass to find intersect 
	-> 1) Will set iter according to chooseChr and start and stop, and possibly using -sites
	-> Only read nSites: 570182 will therefore prepare next chromosome (or exit)
	-> Done reading data from chromosome will prepare next chromosome
	-> Is in multi sfs, will now read data from chr:JASDQU010012089.1
	-> hello Im the master merge part of realSFS. and I'll now do a tripple bypass to find intersect 
	-> 1) Will set iter according to chooseChr and start and stop, and possibly using -sites
	-> Only read nSites: 570327 will therefore prepare next chromosome (or exit)
	-> Done reading data from chromosome will prepare next chromosome
	-> Is in multi sfs, will now read data from chr:JASDQU010012091.1
	-> hello Im the master merge part of realSFS. and I'll now do a tripple bypass to find intersect 
	-> 1) Will set iter according to chooseChr and start and stop, and possibly using -sites
	-> Only read nSites: 571844 will therefore prepare next chromosome (or exit)
	-> Done reading data from chromosome will prepare next chromosome
	-> Is in multi sfs, will now read data from chr:JASDQU010012100.1
	-> hello Im the master merge part of realSFS. and I'll now do a tripple bypass to find intersect 
	-> 1) Will set iter according to chooseChr and start and stop, and possibly using -sites
	-> Only read nSites: 572944 will therefore prepare next chromosome (or exit)
	-> Done reading data from chromosome will prepare next chromosome
	-> Is in multi sfs, will now read data from chr:JASDQU010012102.1
	-> hello Im the master merge part of realSFS. and I'll now do a tripple bypass to find intersect 
	-> 1) Will set iter according to chooseChr and start and stop, and possibly using -sites
	-> Only read nSites: 573518 will therefore prepare next chromosome (or exit)
	-> Done reading data from chromosome will prepare next chromosome
	-> Is in multi sfs, will now read data from chr:JASDQU010012103.1
	-> hello Im the master merge part of realSFS. and I'll now do a tripple bypass to find intersect 
	-> 1) Will set iter according to chooseChr and start and stop, and possibly using -sites
	-> Only read nSites: 575465 will therefore prepare next chromosome (or exit)
	-> Done reading data from chromosome will prepare next chromosome
	-> Is in multi sfs, will now read data from chr:JASDQU010012106.1
	-> hello Im the master merge part of realSFS. and I'll now do a tripple bypass to find intersect 
	-> 1) Will set iter according to chooseChr and start and stop, and possibly using -sites
	-> Only read nSites: 575775 will therefore prepare next chromosome (or exit)
	-> Done reading data from chromosome will prepare next chromosome
	-> Is in multi sfs, will now read data from chr:JASDQU010012111.1
	-> hello Im the master merge part of realSFS. and I'll now do a tripple bypass to find intersect 
	-> 1) Will set iter according to chooseChr and start and stop, and possibly using -sites
	-> Only read nSites: 575783 will therefore prepare next chromosome (or exit)
	-> Done reading data from chromosome will prepare next chromosome
	-> Is in multi sfs, will now read data from chr:JASDQU010012134.1
	-> hello Im the master merge part of realSFS. and I'll now do a tripple bypass to find intersect 
	-> 1) Will set iter according to chooseChr and start and stop, and possibly using -sites
	-> Only read nSites: 576666 will therefore prepare next chromosome (or exit)
	-> Done reading data from chromosome will prepare next chromosome
	-> Is in multi sfs, will now read data from chr:JASDQU010012144.1
	-> hello Im the master merge part of realSFS. and I'll now do a tripple bypass to find intersect 
	-> 1) Will set iter according to chooseChr and start and stop, and possibly using -sites
	-> Only read nSites: 577838 will therefore prepare next chromosome (or exit)
	-> Done reading data from chromosome will prepare next chromosome
	-> Is in multi sfs, will now read data from chr:JASDQU010012161.1
	-> hello Im the master merge part of realSFS. and I'll now do a tripple bypass to find intersect 
	-> 1) Will set iter according to chooseChr and start and stop, and possibly using -sites
	-> Only read nSites: 578018 will therefore prepare next chromosome (or exit)
	-> Done reading data from chromosome will prepare next chromosome
	-> Is in multi sfs, will now read data from chr:JASDQU010012163.1
	-> hello Im the master merge part of realSFS. and I'll now do a tripple bypass to find intersect 
	-> 1) Will set iter according to chooseChr and start and stop, and possibly using -sites
	-> Only read nSites: 578190 will therefore prepare next chromosome (or exit)
	-> Done reading data from chromosome will prepare next chromosome
	-> Is in multi sfs, will now read data from chr:JASDQU010012175.1
	-> hello Im the master merge part of realSFS. and I'll now do a tripple bypass to find intersect 
	-> 1) Will set iter according to chooseChr and start and stop, and possibly using -sites
	-> Only read nSites: 581792 will therefore prepare next chromosome (or exit)
	-> Done reading data from chromosome will prepare next chromosome
	-> Is in multi sfs, will now read data from chr:JASDQU010012178.1
	-> hello Im the master merge part of realSFS. and I'll now do a tripple bypass to find intersect 
	-> 1) Will set iter according to chooseChr and start and stop, and possibly using -sites
	-> Only read nSites: 585681 will therefore prepare next chromosome (or exit)
	-> Done reading data from chromosome will prepare next chromosome
	-> Is in multi sfs, will now read data from chr:JASDQU010012190.1
	-> hello Im the master merge part of realSFS. and I'll now do a tripple bypass to find intersect 
	-> 1) Will set iter according to chooseChr and start and stop, and possibly using -sites
	-> Only read nSites: 585785 will therefore prepare next chromosome (or exit)
	-> Done reading data from chromosome will prepare next chromosome
	-> Is in multi sfs, will now read data from chr:JASDQU010012204.1
	-> hello Im the master merge part of realSFS. and I'll now do a tripple bypass to find intersect 
	-> 1) Will set iter according to chooseChr and start and stop, and possibly using -sites
	-> Only read nSites: 587255 will therefore prepare next chromosome (or exit)
	-> Done reading data from chromosome will prepare next chromosome
	-> Is in multi sfs, will now read data from chr:JASDQU010012208.1
	-> hello Im the master merge part of realSFS. and I'll now do a tripple bypass to find intersect 
	-> 1) Will set iter according to chooseChr and start and stop, and possibly using -sites
	-> Only read nSites: 590956 will therefore prepare next chromosome (or exit)
	-> Done reading data from chromosome will prepare next chromosome
	-> Is in multi sfs, will now read data from chr:JASDQU010012209.1
	-> hello Im the master merge part of realSFS. and I'll now do a tripple bypass to find intersect 
	-> 1) Will set iter according to chooseChr and start and stop, and possibly using -sites
	-> Only read nSites: 593366 will therefore prepare next chromosome (or exit)
	-> Done reading data from chromosome will prepare next chromosome
	-> Is in multi sfs, will now read data from chr:JASDQU010012213.1
	-> hello Im the master merge part of realSFS. and I'll now do a tripple bypass to find intersect 
	-> 1) Will set iter according to chooseChr and start and stop, and possibly using -sites
	-> Only read nSites: 594228 will therefore prepare next chromosome (or exit)
	-> Done reading data from chromosome will prepare next chromosome
	-> Is in multi sfs, will now read data from chr:JASDQU010012216.1
	-> hello Im the master merge part of realSFS. and I'll now do a tripple bypass to find intersect 
	-> 1) Will set iter according to chooseChr and start and stop, and possibly using -sites
	-> Only read nSites: 594902 will therefore prepare next chromosome (or exit)
	-> Done reading data from chromosome will prepare next chromosome
	-> Is in multi sfs, will now read data from chr:JASDQU010012224.1
	-> hello Im the master merge part of realSFS. and I'll now do a tripple bypass to find intersect 
	-> 1) Will set iter according to chooseChr and start and stop, and possibly using -sites
	-> Only read nSites: 596670 will therefore prepare next chromosome (or exit)
	-> Done reading data from chromosome will prepare next chromosome
	-> Is in multi sfs, will now read data from chr:JASDQU010012228.1
	-> hello Im the master merge part of realSFS. and I'll now do a tripple bypass to find intersect 
	-> 1) Will set iter according to chooseChr and start and stop, and possibly using -sites
	-> Only read nSites: 597134 will therefore prepare next chromosome (or exit)
	-> Done reading data from chromosome will prepare next chromosome
	-> Is in multi sfs, will now read data from chr:JASDQU010012231.1
	-> hello Im the master merge part of realSFS. and I'll now do a tripple bypass to find intersect 
	-> 1) Will set iter according to chooseChr and start and stop, and possibly using -sites
	-> Only read nSites: 598757 will therefore prepare next chromosome (or exit)
	-> Done reading data from chromosome will prepare next chromosome
	-> Is in multi sfs, will now read data from chr:JASDQU010012235.1
	-> hello Im the master merge part of realSFS. and I'll now do a tripple bypass to find intersect 
	-> 1) Will set iter according to chooseChr and start and stop, and possibly using -sites
	-> Only read nSites: 598939 will therefore prepare next chromosome (or exit)
	-> Done reading data from chromosome will prepare next chromosome
	-> Is in multi sfs, will now read data from chr:JASDQU010012237.1
	-> hello Im the master merge part of realSFS. and I'll now do a tripple bypass to find intersect 
	-> 1) Will set iter according to chooseChr and start and stop, and possibly using -sites
	-> Only read nSites: 599036 will therefore prepare next chromosome (or exit)
	-> Done reading data from chromosome will prepare next chromosome
	-> Is in multi sfs, will now read data from chr:JASDQU010012238.1
	-> hello Im the master merge part of realSFS. and I'll now do a tripple bypass to find intersect 
	-> 1) Will set iter according to chooseChr and start and stop, and possibly using -sites
	-> Only read nSites: 599268 will therefore prepare next chromosome (or exit)
	-> Done reading data from chromosome will prepare next chromosome
	-> Is in multi sfs, will now read data from chr:JASDQU010012244.1
	-> hello Im the master merge part of realSFS. and I'll now do a tripple bypass to find intersect 
	-> 1) Will set iter according to chooseChr and start and stop, and possibly using -sites
	-> Only read nSites: 600150 will therefore prepare next chromosome (or exit)
	-> Done reading data from chromosome will prepare next chromosome
	-> Is in multi sfs, will now read data from chr:JASDQU010012246.1
	-> hello Im the master merge part of realSFS. and I'll now do a tripple bypass to find intersect 
	-> 1) Will set iter according to chooseChr and start and stop, and possibly using -sites
	-> Only read nSites: 600912 will therefore prepare next chromosome (or exit)
	-> Done reading data from chromosome will prepare next chromosome
	-> Is in multi sfs, will now read data from chr:JASDQU010012247.1
	-> hello Im the master merge part of realSFS. and I'll now do a tripple bypass to find intersect 
	-> 1) Will set iter according to chooseChr and start and stop, and possibly using -sites
	-> Only read nSites: 602114 will therefore prepare next chromosome (or exit)
	-> Done reading data from chromosome will prepare next chromosome
	-> Is in multi sfs, will now read data from chr:JASDQU010012263.1
	-> hello Im the master merge part of realSFS. and I'll now do a tripple bypass to find intersect 
	-> 1) Will set iter according to chooseChr and start and stop, and possibly using -sites
	-> Only read nSites: 602621 will therefore prepare next chromosome (or exit)
	-> Done reading data from chromosome will prepare next chromosome
	-> Is in multi sfs, will now read data from chr:JASDQU010012267.1
	-> hello Im the master merge part of realSFS. and I'll now do a tripple bypass to find intersect 
	-> 1) Will set iter according to chooseChr and start and stop, and possibly using -sites
	-> Only read nSites: 603767 will therefore prepare next chromosome (or exit)
	-> Done reading data from chromosome will prepare next chromosome
	-> Is in multi sfs, will now read data from chr:JASDQU010012272.1
	-> hello Im the master merge part of realSFS. and I'll now do a tripple bypass to find intersect 
	-> 1) Will set iter according to chooseChr and start and stop, and possibly using -sites
	-> Only read nSites: 605386 will therefore prepare next chromosome (or exit)
	-> Done reading data from chromosome will prepare next chromosome
	-> Is in multi sfs, will now read data from chr:JASDQU010012274.1
	-> hello Im the master merge part of realSFS. and I'll now do a tripple bypass to find intersect 
	-> 1) Will set iter according to chooseChr and start and stop, and possibly using -sites
	-> Only read nSites: 606003 will therefore prepare next chromosome (or exit)
	-> Done reading data from chromosome will prepare next chromosome
	-> Is in multi sfs, will now read data from chr:JASDQU010012276.1
	-> hello Im the master merge part of realSFS. and I'll now do a tripple bypass to find intersect 
	-> 1) Will set iter according to chooseChr and start and stop, and possibly using -sites
	-> Only read nSites: 606459 will therefore prepare next chromosome (or exit)
	-> Done reading data from chromosome will prepare next chromosome
	-> Is in multi sfs, will now read data from chr:JASDQU010012284.1
	-> hello Im the master merge part of realSFS. and I'll now do a tripple bypass to find intersect 
	-> 1) Will set iter according to chooseChr and start and stop, and possibly using -sites
	-> Only read nSites: 607141 will therefore prepare next chromosome (or exit)
	-> Done reading data from chromosome will prepare next chromosome
	-> Is in multi sfs, will now read data from chr:JASDQU010012293.1
	-> hello Im the master merge part of realSFS. and I'll now do a tripple bypass to find intersect 
	-> 1) Will set iter according to chooseChr and start and stop, and possibly using -sites
	-> Only read nSites: 607144 will therefore prepare next chromosome (or exit)
	-> Done reading data from chromosome will prepare next chromosome
	-> Is in multi sfs, will now read data from chr:JASDQU010012294.1
	-> hello Im the master merge part of realSFS. and I'll now do a tripple bypass to find intersect 
	-> 1) Will set iter according to chooseChr and start and stop, and possibly using -sites
	-> Only read nSites: 613285 will therefore prepare next chromosome (or exit)
	-> Done reading data from chromosome will prepare next chromosome
	-> Is in multi sfs, will now read data from chr:JASDQU010012295.1
	-> hello Im the master merge part of realSFS. and I'll now do a tripple bypass to find intersect 
	-> 1) Will set iter according to chooseChr and start and stop, and possibly using -sites
	-> Only read nSites: 616385 will therefore prepare next chromosome (or exit)
	-> Done reading data from chromosome will prepare next chromosome
	-> Is in multi sfs, will now read data from chr:JASDQU010012297.1
	-> hello Im the master merge part of realSFS. and I'll now do a tripple bypass to find intersect 
	-> 1) Will set iter according to chooseChr and start and stop, and possibly using -sites
	-> Only read nSites: 617999 will therefore prepare next chromosome (or exit)
	-> Done reading data from chromosome will prepare next chromosome
	-> Is in multi sfs, will now read data from chr:JASDQU010012298.1
	-> hello Im the master merge part of realSFS. and I'll now do a tripple bypass to find intersect 
	-> 1) Will set iter according to chooseChr and start and stop, and possibly using -sites
	-> Only read nSites: 618958 will therefore prepare next chromosome (or exit)
	-> Done reading data from chromosome will prepare next chromosome
	-> Is in multi sfs, will now read data from chr:JASDQU010012301.1
	-> hello Im the master merge part of realSFS. and I'll now do a tripple bypass to find intersect 
	-> 1) Will set iter according to chooseChr and start and stop, and possibly using -sites
	-> Only read nSites: 622872 will therefore prepare next chromosome (or exit)
	-> Done reading data from chromosome will prepare next chromosome
	-> Is in multi sfs, will now read data from chr:JASDQU010012306.1
	-> hello Im the master merge part of realSFS. and I'll now do a tripple bypass to find intersect 
	-> 1) Will set iter according to chooseChr and start and stop, and possibly using -sites
	-> Only read nSites: 624165 will therefore prepare next chromosome (or exit)
	-> Done reading data from chromosome will prepare next chromosome
	-> Is in multi sfs, will now read data from chr:JASDQU010012313.1
	-> hello Im the master merge part of realSFS. and I'll now do a tripple bypass to find intersect 
	-> 1) Will set iter according to chooseChr and start and stop, and possibly using -sites
	-> Only read nSites: 625954 will therefore prepare next chromosome (or exit)
	-> Done reading data from chromosome will prepare next chromosome
	-> Is in multi sfs, will now read data from chr:JASDQU010012315.1
	-> hello Im the master merge part of realSFS. and I'll now do a tripple bypass to find intersect 
	-> 1) Will set iter according to chooseChr and start and stop, and possibly using -sites
	-> Only read nSites: 626518 will therefore prepare next chromosome (or exit)
	-> Done reading data from chromosome will prepare next chromosome
	-> Is in multi sfs, will now read data from chr:JASDQU010012317.1
	-> hello Im the master merge part of realSFS. and I'll now do a tripple bypass to find intersect 
	-> 1) Will set iter according to chooseChr and start and stop, and possibly using -sites
	-> Only read nSites: 626900 will therefore prepare next chromosome (or exit)
	-> Done reading data from chromosome will prepare next chromosome
	-> Is in multi sfs, will now read data from chr:JASDQU010012318.1
	-> hello Im the master merge part of realSFS. and I'll now do a tripple bypass to find intersect 
	-> 1) Will set iter according to chooseChr and start and stop, and possibly using -sites
	-> Only read nSites: 628822 will therefore prepare next chromosome (or exit)
	-> Done reading data from chromosome will prepare next chromosome
	-> Is in multi sfs, will now read data from chr:JASDQU010012320.1
	-> hello Im the master merge part of realSFS. and I'll now do a tripple bypass to find intersect 
	-> 1) Will set iter according to chooseChr and start and stop, and possibly using -sites
	-> Only read nSites: 632005 will therefore prepare next chromosome (or exit)
	-> Done reading data from chromosome will prepare next chromosome
	-> Is in multi sfs, will now read data from chr:JASDQU010012323.1
	-> hello Im the master merge part of realSFS. and I'll now do a tripple bypass to find intersect 
	-> 1) Will set iter according to chooseChr and start and stop, and possibly using -sites
	-> Only read nSites: 632278 will therefore prepare next chromosome (or exit)
	-> Done reading data from chromosome will prepare next chromosome
	-> Is in multi sfs, will now read data from chr:JASDQU010012325.1
	-> hello Im the master merge part of realSFS. and I'll now do a tripple bypass to find intersect 
	-> 1) Will set iter according to chooseChr and start and stop, and possibly using -sites
	-> Only read nSites: 632524 will therefore prepare next chromosome (or exit)
	-> Done reading data from chromosome will prepare next chromosome
	-> Is in multi sfs, will now read data from chr:JASDQU010012330.1
	-> hello Im the master merge part of realSFS. and I'll now do a tripple bypass to find intersect 
	-> 1) Will set iter according to chooseChr and start and stop, and possibly using -sites
	-> Only read nSites: 636610 will therefore prepare next chromosome (or exit)
	-> Done reading data from chromosome will prepare next chromosome
	-> Is in multi sfs, will now read data from chr:JASDQU010012341.1
	-> hello Im the master merge part of realSFS. and I'll now do a tripple bypass to find intersect 
	-> 1) Will set iter according to chooseChr and start and stop, and possibly using -sites
	-> Only read nSites: 637962 will therefore prepare next chromosome (or exit)
	-> Done reading data from chromosome will prepare next chromosome
	-> Is in multi sfs, will now read data from chr:JASDQU010012357.1
	-> hello Im the master merge part of realSFS. and I'll now do a tripple bypass to find intersect 
	-> 1) Will set iter according to chooseChr and start and stop, and possibly using -sites
	-> Only read nSites: 638291 will therefore prepare next chromosome (or exit)
	-> Done reading data from chromosome will prepare next chromosome
	-> Is in multi sfs, will now read data from chr:JASDQU010012358.1
	-> hello Im the master merge part of realSFS. and I'll now do a tripple bypass to find intersect 
	-> 1) Will set iter according to chooseChr and start and stop, and possibly using -sites
	-> Only read nSites: 638862 will therefore prepare next chromosome (or exit)
	-> Done reading data from chromosome will prepare next chromosome
	-> Is in multi sfs, will now read data from chr:JASDQU010012361.1
	-> hello Im the master merge part of realSFS. and I'll now do a tripple bypass to find intersect 
	-> 1) Will set iter according to chooseChr and start and stop, and possibly using -sites
	-> Only read nSites: 639310 will therefore prepare next chromosome (or exit)
	-> Done reading data from chromosome will prepare next chromosome
	-> Is in multi sfs, will now read data from chr:JASDQU010012368.1
	-> hello Im the master merge part of realSFS. and I'll now do a tripple bypass to find intersect 
	-> 1) Will set iter according to chooseChr and start and stop, and possibly using -sites
	-> Only read nSites: 640947 will therefore prepare next chromosome (or exit)
	-> Done reading data from chromosome will prepare next chromosome
	-> Is in multi sfs, will now read data from chr:JASDQU010012369.1
	-> hello Im the master merge part of realSFS. and I'll now do a tripple bypass to find intersect 
	-> 1) Will set iter according to chooseChr and start and stop, and possibly using -sites
	-> Only read nSites: 643834 will therefore prepare next chromosome (or exit)
	-> Done reading data from chromosome will prepare next chromosome
	-> Is in multi sfs, will now read data from chr:JASDQU010012370.1
	-> hello Im the master merge part of realSFS. and I'll now do a tripple bypass to find intersect 
	-> 1) Will set iter according to chooseChr and start and stop, and possibly using -sites
	-> Only read nSites: 644058 will therefore prepare next chromosome (or exit)
	-> Done reading data from chromosome will prepare next chromosome
	-> Is in multi sfs, will now read data from chr:JASDQU010012371.1
	-> hello Im the master merge part of realSFS. and I'll now do a tripple bypass to find intersect 
	-> 1) Will set iter according to chooseChr and start and stop, and possibly using -sites
	-> Only read nSites: 644777 will therefore prepare next chromosome (or exit)
	-> Done reading data from chromosome will prepare next chromosome
	-> Is in multi sfs, will now read data from chr:JASDQU010012373.1
	-> hello Im the master merge part of realSFS. and I'll now do a tripple bypass to find intersect 
	-> 1) Will set iter according to chooseChr and start and stop, and possibly using -sites
	-> Only read nSites: 646502 will therefore prepare next chromosome (or exit)
	-> Done reading data from chromosome will prepare next chromosome
	-> Is in multi sfs, will now read data from chr:JASDQU010012374.1
	-> hello Im the master merge part of realSFS. and I'll now do a tripple bypass to find intersect 
	-> 1) Will set iter according to chooseChr and start and stop, and possibly using -sites
	-> Only read nSites: 647775 will therefore prepare next chromosome (or exit)
	-> Done reading data from chromosome will prepare next chromosome
	-> Is in multi sfs, will now read data from chr:JASDQU010012375.1
	-> hello Im the master merge part of realSFS. and I'll now do a tripple bypass to find intersect 
	-> 1) Will set iter according to chooseChr and start and stop, and possibly using -sites
	-> Only read nSites: 648496 will therefore prepare next chromosome (or exit)
	-> Done reading data from chromosome will prepare next chromosome
	-> Is in multi sfs, will now read data from chr:JASDQU010012376.1
	-> hello Im the master merge part of realSFS. and I'll now do a tripple bypass to find intersect 
	-> 1) Will set iter according to chooseChr and start and stop, and possibly using -sites
	-> Only read nSites: 654181 will therefore prepare next chromosome (or exit)
	-> Done reading data from chromosome will prepare next chromosome
	-> Is in multi sfs, will now read data from chr:JASDQU010012378.1
	-> hello Im the master merge part of realSFS. and I'll now do a tripple bypass to find intersect 
	-> 1) Will set iter according to chooseChr and start and stop, and possibly using -sites
	-> Only read nSites: 655338 will therefore prepare next chromosome (or exit)
	-> Done reading data from chromosome will prepare next chromosome
	-> Is in multi sfs, will now read data from chr:JASDQU010012379.1
	-> hello Im the master merge part of realSFS. and I'll now do a tripple bypass to find intersect 
	-> 1) Will set iter according to chooseChr and start and stop, and possibly using -sites
	-> Only read nSites: 655501 will therefore prepare next chromosome (or exit)
	-> Done reading data from chromosome will prepare next chromosome
	-> Is in multi sfs, will now read data from chr:JASDQU010012383.1
	-> hello Im the master merge part of realSFS. and I'll now do a tripple bypass to find intersect 
	-> 1) Will set iter according to chooseChr and start and stop, and possibly using -sites
	-> Only read nSites: 656482 will therefore prepare next chromosome (or exit)
	-> Done reading data from chromosome will prepare next chromosome
	-> Is in multi sfs, will now read data from chr:JASDQU010012394.1
	-> hello Im the master merge part of realSFS. and I'll now do a tripple bypass to find intersect 
	-> 1) Will set iter according to chooseChr and start and stop, and possibly using -sites
	-> Only read nSites: 656886 will therefore prepare next chromosome (or exit)
	-> Done reading data from chromosome will prepare next chromosome
	-> Is in multi sfs, will now read data from chr:JASDQU010012400.1
	-> hello Im the master merge part of realSFS. and I'll now do a tripple bypass to find intersect 
	-> 1) Will set iter according to chooseChr and start and stop, and possibly using -sites
	-> Only read nSites: 657368 will therefore prepare next chromosome (or exit)
	-> Done reading data from chromosome will prepare next chromosome
	-> Is in multi sfs, will now read data from chr:JASDQU010012402.1
	-> hello Im the master merge part of realSFS. and I'll now do a tripple bypass to find intersect 
	-> 1) Will set iter according to chooseChr and start and stop, and possibly using -sites
	-> Only read nSites: 661721 will therefore prepare next chromosome (or exit)
	-> Done reading data from chromosome will prepare next chromosome
	-> Is in multi sfs, will now read data from chr:JASDQU010012403.1
	-> hello Im the master merge part of realSFS. and I'll now do a tripple bypass to find intersect 
	-> 1) Will set iter according to chooseChr and start and stop, and possibly using -sites
	-> Only read nSites: 663372 will therefore prepare next chromosome (or exit)
	-> Done reading data from chromosome will prepare next chromosome
	-> Is in multi sfs, will now read data from chr:JASDQU010012404.1
	-> hello Im the master merge part of realSFS. and I'll now do a tripple bypass to find intersect 
	-> 1) Will set iter according to chooseChr and start and stop, and possibly using -sites
	-> Only read nSites: 664680 will therefore prepare next chromosome (or exit)
	-> Done reading data from chromosome will prepare next chromosome
	-> Is in multi sfs, will now read data from chr:JASDQU010012407.1
	-> hello Im the master merge part of realSFS. and I'll now do a tripple bypass to find intersect 
	-> 1) Will set iter according to chooseChr and start and stop, and possibly using -sites
	-> Only read nSites: 665621 will therefore prepare next chromosome (or exit)
	-> Done reading data from chromosome will prepare next chromosome
	-> Is in multi sfs, will now read data from chr:JASDQU010012410.1
	-> hello Im the master merge part of realSFS. and I'll now do a tripple bypass to find intersect 
	-> 1) Will set iter according to chooseChr and start and stop, and possibly using -sites
	-> Only read nSites: 666427 will therefore prepare next chromosome (or exit)
	-> Done reading data from chromosome will prepare next chromosome
	-> Is in multi sfs, will now read data from chr:JASDQU010012412.1
	-> hello Im the master merge part of realSFS. and I'll now do a tripple bypass to find intersect 
	-> 1) Will set iter according to chooseChr and start and stop, and possibly using -sites
	-> Only read nSites: 666429 will therefore prepare next chromosome (or exit)
	-> Done reading data from chromosome will prepare next chromosome
	-> Is in multi sfs, will now read data from chr:JASDQU010012418.1
	-> hello Im the master merge part of realSFS. and I'll now do a tripple bypass to find intersect 
	-> 1) Will set iter according to chooseChr and start and stop, and possibly using -sites
	-> Only read nSites: 667061 will therefore prepare next chromosome (or exit)
	-> Done reading data from chromosome will prepare next chromosome
	-> Is in multi sfs, will now read data from chr:JASDQU010012422.1
	-> hello Im the master merge part of realSFS. and I'll now do a tripple bypass to find intersect 
	-> 1) Will set iter according to chooseChr and start and stop, and possibly using -sites
	-> Only read nSites: 667437 will therefore prepare next chromosome (or exit)
	-> Done reading data from chromosome will prepare next chromosome
	-> Is in multi sfs, will now read data from chr:JASDQU010012424.1
	-> hello Im the master merge part of realSFS. and I'll now do a tripple bypass to find intersect 
	-> 1) Will set iter according to chooseChr and start and stop, and possibly using -sites
	-> Only read nSites: 668751 will therefore prepare next chromosome (or exit)
	-> Done reading data from chromosome will prepare next chromosome
	-> Is in multi sfs, will now read data from chr:JASDQU010012430.1
	-> hello Im the master merge part of realSFS. and I'll now do a tripple bypass to find intersect 
	-> 1) Will set iter according to chooseChr and start and stop, and possibly using -sites
	-> Only read nSites: 670229 will therefore prepare next chromosome (or exit)
	-> Done reading data from chromosome will prepare next chromosome
	-> Is in multi sfs, will now read data from chr:JASDQU010012433.1
	-> hello Im the master merge part of realSFS. and I'll now do a tripple bypass to find intersect 
	-> 1) Will set iter according to chooseChr and start and stop, and possibly using -sites
	-> Only read nSites: 672998 will therefore prepare next chromosome (or exit)
	-> Done reading data from chromosome will prepare next chromosome
	-> Is in multi sfs, will now read data from chr:JASDQU010012436.1
	-> hello Im the master merge part of realSFS. and I'll now do a tripple bypass to find intersect 
	-> 1) Will set iter according to chooseChr and start and stop, and possibly using -sites
	-> Only read nSites: 679226 will therefore prepare next chromosome (or exit)
	-> Done reading data from chromosome will prepare next chromosome
	-> Is in multi sfs, will now read data from chr:JASDQU010012438.1
	-> hello Im the master merge part of realSFS. and I'll now do a tripple bypass to find intersect 
	-> 1) Will set iter according to chooseChr and start and stop, and possibly using -sites
	-> Only read nSites: 679475 will therefore prepare next chromosome (or exit)
	-> Done reading data from chromosome will prepare next chromosome
	-> Is in multi sfs, will now read data from chr:JASDQU010012439.1
	-> hello Im the master merge part of realSFS. and I'll now do a tripple bypass to find intersect 
	-> 1) Will set iter according to chooseChr and start and stop, and possibly using -sites
	-> Only read nSites: 679611 will therefore prepare next chromosome (or exit)
	-> Done reading data from chromosome will prepare next chromosome
	-> Is in multi sfs, will now read data from chr:JASDQU010012448.1
	-> hello Im the master merge part of realSFS. and I'll now do a tripple bypass to find intersect 
	-> 1) Will set iter according to chooseChr and start and stop, and possibly using -sites
	-> Only read nSites: 682124 will therefore prepare next chromosome (or exit)
	-> Done reading data from chromosome will prepare next chromosome
	-> Is in multi sfs, will now read data from chr:JASDQU010012453.1
	-> hello Im the master merge part of realSFS. and I'll now do a tripple bypass to find intersect 
	-> 1) Will set iter according to chooseChr and start and stop, and possibly using -sites
	-> Only read nSites: 682815 will therefore prepare next chromosome (or exit)
	-> Done reading data from chromosome will prepare next chromosome
	-> Is in multi sfs, will now read data from chr:JASDQU010012455.1
	-> hello Im the master merge part of realSFS. and I'll now do a tripple bypass to find intersect 
	-> 1) Will set iter according to chooseChr and start and stop, and possibly using -sites
	-> Only read nSites: 682910 will therefore prepare next chromosome (or exit)
	-> Done reading data from chromosome will prepare next chromosome
	-> Is in multi sfs, will now read data from chr:JASDQU010012456.1
	-> hello Im the master merge part of realSFS. and I'll now do a tripple bypass to find intersect 
	-> 1) Will set iter according to chooseChr and start and stop, and possibly using -sites
	-> Only read nSites: 683585 will therefore prepare next chromosome (or exit)
	-> Done reading data from chromosome will prepare next chromosome
	-> Is in multi sfs, will now read data from chr:JASDQU010012459.1
	-> hello Im the master merge part of realSFS. and I'll now do a tripple bypass to find intersect 
	-> 1) Will set iter according to chooseChr and start and stop, and possibly using -sites
	-> Only read nSites: 686293 will therefore prepare next chromosome (or exit)
	-> Done reading data from chromosome will prepare next chromosome
	-> Is in multi sfs, will now read data from chr:JASDQU010012462.1
	-> hello Im the master merge part of realSFS. and I'll now do a tripple bypass to find intersect 
	-> 1) Will set iter according to chooseChr and start and stop, and possibly using -sites
	-> Only read nSites: 686580 will therefore prepare next chromosome (or exit)
	-> Done reading data from chromosome will prepare next chromosome
	-> Is in multi sfs, will now read data from chr:JASDQU010012463.1
	-> hello Im the master merge part of realSFS. and I'll now do a tripple bypass to find intersect 
	-> 1) Will set iter according to chooseChr and start and stop, and possibly using -sites
	-> Only read nSites: 686897 will therefore prepare next chromosome (or exit)
	-> Done reading data from chromosome will prepare next chromosome
	-> Is in multi sfs, will now read data from chr:JASDQU010012464.1
	-> hello Im the master merge part of realSFS. and I'll now do a tripple bypass to find intersect 
	-> 1) Will set iter according to chooseChr and start and stop, and possibly using -sites
	-> Only read nSites: 688293 will therefore prepare next chromosome (or exit)
	-> Done reading data from chromosome will prepare next chromosome
	-> Is in multi sfs, will now read data from chr:JASDQU010012465.1
	-> hello Im the master merge part of realSFS. and I'll now do a tripple bypass to find intersect 
	-> 1) Will set iter according to chooseChr and start and stop, and possibly using -sites
	-> Only read nSites: 689607 will therefore prepare next chromosome (or exit)
	-> Done reading data from chromosome will prepare next chromosome
	-> Is in multi sfs, will now read data from chr:JASDQU010012468.1
	-> hello Im the master merge part of realSFS. and I'll now do a tripple bypass to find intersect 
	-> 1) Will set iter according to chooseChr and start and stop, and possibly using -sites
	-> Only read nSites: 692095 will therefore prepare next chromosome (or exit)
	-> Done reading data from chromosome will prepare next chromosome
	-> Is in multi sfs, will now read data from chr:JASDQU010012476.1
	-> hello Im the master merge part of realSFS. and I'll now do a tripple bypass to find intersect 
	-> 1) Will set iter according to chooseChr and start and stop, and possibly using -sites
	-> Only read nSites: 693591 will therefore prepare next chromosome (or exit)
	-> Done reading data from chromosome will prepare next chromosome
	-> Is in multi sfs, will now read data from chr:JASDQU010012477.1
	-> hello Im the master merge part of realSFS. and I'll now do a tripple bypass to find intersect 
	-> 1) Will set iter according to chooseChr and start and stop, and possibly using -sites
	-> Only read nSites: 697837 will therefore prepare next chromosome (or exit)
	-> Done reading data from chromosome will prepare next chromosome
	-> Is in multi sfs, will now read data from chr:JASDQU010012480.1
	-> hello Im the master merge part of realSFS. and I'll now do a tripple bypass to find intersect 
	-> 1) Will set iter according to chooseChr and start and stop, and possibly using -sites
	-> Only read nSites: 698459 will therefore prepare next chromosome (or exit)
	-> Done reading data from chromosome will prepare next chromosome
	-> Is in multi sfs, will now read data from chr:JASDQU010012481.1
	-> hello Im the master merge part of realSFS. and I'll now do a tripple bypass to find intersect 
	-> 1) Will set iter according to chooseChr and start and stop, and possibly using -sites
	-> Only read nSites: 699886 will therefore prepare next chromosome (or exit)
	-> Done reading data from chromosome will prepare next chromosome
	-> Is in multi sfs, will now read data from chr:JASDQU010012494.1
	-> hello Im the master merge part of realSFS. and I'll now do a tripple bypass to find intersect 
	-> 1) Will set iter according to chooseChr and start and stop, and possibly using -sites
	-> Only read nSites: 700979 will therefore prepare next chromosome (or exit)
	-> Done reading data from chromosome will prepare next chromosome
	-> Is in multi sfs, will now read data from chr:JASDQU010012496.1
	-> hello Im the master merge part of realSFS. and I'll now do a tripple bypass to find intersect 
	-> 1) Will set iter according to chooseChr and start and stop, and possibly using -sites
	-> Only read nSites: 702825 will therefore prepare next chromosome (or exit)
	-> Done reading data from chromosome will prepare next chromosome
	-> Is in multi sfs, will now read data from chr:JASDQU010012504.1
	-> hello Im the master merge part of realSFS. and I'll now do a tripple bypass to find intersect 
	-> 1) Will set iter according to chooseChr and start and stop, and possibly using -sites
	-> Only read nSites: 706352 will therefore prepare next chromosome (or exit)
	-> Done reading data from chromosome will prepare next chromosome
	-> Is in multi sfs, will now read data from chr:JASDQU010012505.1
	-> hello Im the master merge part of realSFS. and I'll now do a tripple bypass to find intersect 
	-> 1) Will set iter according to chooseChr and start and stop, and possibly using -sites
	-> Only read nSites: 707182 will therefore prepare next chromosome (or exit)
	-> Done reading data from chromosome will prepare next chromosome
	-> Is in multi sfs, will now read data from chr:JASDQU010012519.1
	-> hello Im the master merge part of realSFS. and I'll now do a tripple bypass to find intersect 
	-> 1) Will set iter according to chooseChr and start and stop, and possibly using -sites
	-> Only read nSites: 709548 will therefore prepare next chromosome (or exit)
	-> Done reading data from chromosome will prepare next chromosome
	-> Is in multi sfs, will now read data from chr:JASDQU010012523.1
	-> hello Im the master merge part of realSFS. and I'll now do a tripple bypass to find intersect 
	-> 1) Will set iter according to chooseChr and start and stop, and possibly using -sites
	-> Only read nSites: 710433 will therefore prepare next chromosome (or exit)
	-> Done reading data from chromosome will prepare next chromosome
	-> Is in multi sfs, will now read data from chr:JASDQU010012531.1
	-> hello Im the master merge part of realSFS. and I'll now do a tripple bypass to find intersect 
	-> 1) Will set iter according to chooseChr and start and stop, and possibly using -sites
	-> Only read nSites: 711999 will therefore prepare next chromosome (or exit)
	-> Done reading data from chromosome will prepare next chromosome
	-> Is in multi sfs, will now read data from chr:JASDQU010012534.1
	-> hello Im the master merge part of realSFS. and I'll now do a tripple bypass to find intersect 
	-> 1) Will set iter according to chooseChr and start and stop, and possibly using -sites
	-> Only read nSites: 715335 will therefore prepare next chromosome (or exit)
	-> Done reading data from chromosome will prepare next chromosome
	-> Is in multi sfs, will now read data from chr:JASDQU010012536.1
	-> hello Im the master merge part of realSFS. and I'll now do a tripple bypass to find intersect 
	-> 1) Will set iter according to chooseChr and start and stop, and possibly using -sites
	-> Only read nSites: 715590 will therefore prepare next chromosome (or exit)
	-> Done reading data from chromosome will prepare next chromosome
	-> Is in multi sfs, will now read data from chr:JASDQU010012537.1
	-> hello Im the master merge part of realSFS. and I'll now do a tripple bypass to find intersect 
	-> 1) Will set iter according to chooseChr and start and stop, and possibly using -sites
	-> Only read nSites: 717589 will therefore prepare next chromosome (or exit)
	-> Done reading data from chromosome will prepare next chromosome
	-> Is in multi sfs, will now read data from chr:JASDQU010012541.1
	-> hello Im the master merge part of realSFS. and I'll now do a tripple bypass to find intersect 
	-> 1) Will set iter according to chooseChr and start and stop, and possibly using -sites
	-> Only read nSites: 718727 will therefore prepare next chromosome (or exit)
	-> Done reading data from chromosome will prepare next chromosome
	-> Is in multi sfs, will now read data from chr:JASDQU010012547.1
	-> hello Im the master merge part of realSFS. and I'll now do a tripple bypass to find intersect 
	-> 1) Will set iter according to chooseChr and start and stop, and possibly using -sites
	-> Only read nSites: 718992 will therefore prepare next chromosome (or exit)
	-> Done reading data from chromosome will prepare next chromosome
	-> Is in multi sfs, will now read data from chr:JASDQU010012548.1
	-> hello Im the master merge part of realSFS. and I'll now do a tripple bypass to find intersect 
	-> 1) Will set iter according to chooseChr and start and stop, and possibly using -sites
	-> Only read nSites: 720170 will therefore prepare next chromosome (or exit)
	-> Done reading data from chromosome will prepare next chromosome
	-> Is in multi sfs, will now read data from chr:JASDQU010012553.1
	-> hello Im the master merge part of realSFS. and I'll now do a tripple bypass to find intersect 
	-> 1) Will set iter according to chooseChr and start and stop, and possibly using -sites
	-> Only read nSites: 720323 will therefore prepare next chromosome (or exit)
	-> Done reading data from chromosome will prepare next chromosome
	-> Is in multi sfs, will now read data from chr:JASDQU010012559.1
	-> hello Im the master merge part of realSFS. and I'll now do a tripple bypass to find intersect 
	-> 1) Will set iter according to chooseChr and start and stop, and possibly using -sites
	-> Only read nSites: 721746 will therefore prepare next chromosome (or exit)
	-> Done reading data from chromosome will prepare next chromosome
	-> Is in multi sfs, will now read data from chr:JASDQU010012563.1
	-> hello Im the master merge part of realSFS. and I'll now do a tripple bypass to find intersect 
	-> 1) Will set iter according to chooseChr and start and stop, and possibly using -sites
	-> Only read nSites: 722514 will therefore prepare next chromosome (or exit)
	-> Done reading data from chromosome will prepare next chromosome
	-> Is in multi sfs, will now read data from chr:JASDQU010012567.1
	-> hello Im the master merge part of realSFS. and I'll now do a tripple bypass to find intersect 
	-> 1) Will set iter according to chooseChr and start and stop, and possibly using -sites
	-> Only read nSites: 723036 will therefore prepare next chromosome (or exit)
	-> Done reading data from chromosome will prepare next chromosome
	-> Is in multi sfs, will now read data from chr:JASDQU010012571.1
	-> hello Im the master merge part of realSFS. and I'll now do a tripple bypass to find intersect 
	-> 1) Will set iter according to chooseChr and start and stop, and possibly using -sites
	-> Only read nSites: 723608 will therefore prepare next chromosome (or exit)
	-> Done reading data from chromosome will prepare next chromosome
	-> Is in multi sfs, will now read data from chr:JASDQU010012578.1
	-> hello Im the master merge part of realSFS. and I'll now do a tripple bypass to find intersect 
	-> 1) Will set iter according to chooseChr and start and stop, and possibly using -sites
	-> Only read nSites: 724063 will therefore prepare next chromosome (or exit)
	-> Done reading data from chromosome will prepare next chromosome
	-> Is in multi sfs, will now read data from chr:JASDQU010012579.1
	-> hello Im the master merge part of realSFS. and I'll now do a tripple bypass to find intersect 
	-> 1) Will set iter according to chooseChr and start and stop, and possibly using -sites
	-> Only read nSites: 725200 will therefore prepare next chromosome (or exit)
	-> Done reading data from chromosome will prepare next chromosome
	-> Is in multi sfs, will now read data from chr:JASDQU010012611.1
	-> hello Im the master merge part of realSFS. and I'll now do a tripple bypass to find intersect 
	-> 1) Will set iter according to chooseChr and start and stop, and possibly using -sites
	-> Only read nSites: 726826 will therefore prepare next chromosome (or exit)
	-> Done reading data from chromosome will prepare next chromosome
	-> Is in multi sfs, will now read data from chr:JASDQU010012626.1
	-> hello Im the master merge part of realSFS. and I'll now do a tripple bypass to find intersect 
	-> 1) Will set iter according to chooseChr and start and stop, and possibly using -sites
	-> Only read nSites: 733438 will therefore prepare next chromosome (or exit)
	-> Done reading data from chromosome will prepare next chromosome
	-> Is in multi sfs, will now read data from chr:JASDQU010012637.1
	-> hello Im the master merge part of realSFS. and I'll now do a tripple bypass to find intersect 
	-> 1) Will set iter according to chooseChr and start and stop, and possibly using -sites
	-> Only read nSites: 734259 will therefore prepare next chromosome (or exit)
	-> Done reading data from chromosome will prepare next chromosome
	-> Is in multi sfs, will now read data from chr:JASDQU010012641.1
	-> hello Im the master merge part of realSFS. and I'll now do a tripple bypass to find intersect 
	-> 1) Will set iter according to chooseChr and start and stop, and possibly using -sites
	-> Only read nSites: 734545 will therefore prepare next chromosome (or exit)
	-> Done reading data from chromosome will prepare next chromosome
	-> Is in multi sfs, will now read data from chr:JASDQU010012643.1
	-> hello Im the master merge part of realSFS. and I'll now do a tripple bypass to find intersect 
	-> 1) Will set iter according to chooseChr and start and stop, and possibly using -sites
	-> Only read nSites: 735828 will therefore prepare next chromosome (or exit)
	-> Done reading data from chromosome will prepare next chromosome
	-> Is in multi sfs, will now read data from chr:JASDQU010012658.1
	-> hello Im the master merge part of realSFS. and I'll now do a tripple bypass to find intersect 
	-> 1) Will set iter according to chooseChr and start and stop, and possibly using -sites
	-> Only read nSites: 736943 will therefore prepare next chromosome (or exit)
	-> Done reading data from chromosome will prepare next chromosome
	-> Is in multi sfs, will now read data from chr:JASDQU010012661.1
	-> hello Im the master merge part of realSFS. and I'll now do a tripple bypass to find intersect 
	-> 1) Will set iter according to chooseChr and start and stop, and possibly using -sites
	-> Only read nSites: 738067 will therefore prepare next chromosome (or exit)
	-> Done reading data from chromosome will prepare next chromosome
	-> Is in multi sfs, will now read data from chr:JASDQU010012662.1
	-> hello Im the master merge part of realSFS. and I'll now do a tripple bypass to find intersect 
	-> 1) Will set iter according to chooseChr and start and stop, and possibly using -sites
	-> Only read nSites: 739047 will therefore prepare next chromosome (or exit)
	-> Done reading data from chromosome will prepare next chromosome
	-> Is in multi sfs, will now read data from chr:JASDQU010012663.1
	-> hello Im the master merge part of realSFS. and I'll now do a tripple bypass to find intersect 
	-> 1) Will set iter according to chooseChr and start and stop, and possibly using -sites
	-> Only read nSites: 740277 will therefore prepare next chromosome (or exit)
	-> Done reading data from chromosome will prepare next chromosome
	-> Is in multi sfs, will now read data from chr:JASDQU010012669.1
	-> hello Im the master merge part of realSFS. and I'll now do a tripple bypass to find intersect 
	-> 1) Will set iter according to chooseChr and start and stop, and possibly using -sites
	-> Only read nSites: 742034 will therefore prepare next chromosome (or exit)
	-> Done reading data from chromosome will prepare next chromosome
	-> Is in multi sfs, will now read data from chr:JASDQU010012676.1
	-> hello Im the master merge part of realSFS. and I'll now do a tripple bypass to find intersect 
	-> 1) Will set iter according to chooseChr and start and stop, and possibly using -sites
	-> Only read nSites: 744136 will therefore prepare next chromosome (or exit)
	-> Done reading data from chromosome will prepare next chromosome
	-> Is in multi sfs, will now read data from chr:JASDQU010012677.1
	-> hello Im the master merge part of realSFS. and I'll now do a tripple bypass to find intersect 
	-> 1) Will set iter according to chooseChr and start and stop, and possibly using -sites
	-> Only read nSites: 744598 will therefore prepare next chromosome (or exit)
	-> Done reading data from chromosome will prepare next chromosome
	-> Is in multi sfs, will now read data from chr:JASDQU010012679.1
	-> hello Im the master merge part of realSFS. and I'll now do a tripple bypass to find intersect 
	-> 1) Will set iter according to chooseChr and start and stop, and possibly using -sites
	-> Only read nSites: 745031 will therefore prepare next chromosome (or exit)
	-> Done reading data from chromosome will prepare next chromosome
	-> Is in multi sfs, will now read data from chr:JASDQU010012682.1
	-> hello Im the master merge part of realSFS. and I'll now do a tripple bypass to find intersect 
	-> 1) Will set iter according to chooseChr and start and stop, and possibly using -sites
	-> Only read nSites: 746109 will therefore prepare next chromosome (or exit)
	-> Done reading data from chromosome will prepare next chromosome
	-> Is in multi sfs, will now read data from chr:JASDQU010012685.1
	-> hello Im the master merge part of realSFS. and I'll now do a tripple bypass to find intersect 
	-> 1) Will set iter according to chooseChr and start and stop, and possibly using -sites
	-> Only read nSites: 746764 will therefore prepare next chromosome (or exit)
	-> Done reading data from chromosome will prepare next chromosome
	-> Is in multi sfs, will now read data from chr:JASDQU010012687.1
	-> hello Im the master merge part of realSFS. and I'll now do a tripple bypass to find intersect 
	-> 1) Will set iter according to chooseChr and start and stop, and possibly using -sites
	-> Only read nSites: 751575 will therefore prepare next chromosome (or exit)
	-> Done reading data from chromosome will prepare next chromosome
	-> Is in multi sfs, will now read data from chr:JASDQU010012692.1
	-> hello Im the master merge part of realSFS. and I'll now do a tripple bypass to find intersect 
	-> 1) Will set iter according to chooseChr and start and stop, and possibly using -sites
	-> Only read nSites: 751727 will therefore prepare next chromosome (or exit)
	-> Done reading data from chromosome will prepare next chromosome
	-> Is in multi sfs, will now read data from chr:JASDQU010012693.1
	-> hello Im the master merge part of realSFS. and I'll now do a tripple bypass to find intersect 
	-> 1) Will set iter according to chooseChr and start and stop, and possibly using -sites
	-> Only read nSites: 751874 will therefore prepare next chromosome (or exit)
	-> Done reading data from chromosome will prepare next chromosome
	-> Is in multi sfs, will now read data from chr:JASDQU010012701.1
	-> hello Im the master merge part of realSFS. and I'll now do a tripple bypass to find intersect 
	-> 1) Will set iter according to chooseChr and start and stop, and possibly using -sites
	-> Only read nSites: 753127 will therefore prepare next chromosome (or exit)
	-> Done reading data from chromosome will prepare next chromosome
	-> Is in multi sfs, will now read data from chr:JASDQU010012707.1
	-> hello Im the master merge part of realSFS. and I'll now do a tripple bypass to find intersect 
	-> 1) Will set iter according to chooseChr and start and stop, and possibly using -sites
	-> Only read nSites: 754106 will therefore prepare next chromosome (or exit)
	-> Done reading data from chromosome will prepare next chromosome
	-> Is in multi sfs, will now read data from chr:JASDQU010012708.1
	-> hello Im the master merge part of realSFS. and I'll now do a tripple bypass to find intersect 
	-> 1) Will set iter according to chooseChr and start and stop, and possibly using -sites
	-> Only read nSites: 754991 will therefore prepare next chromosome (or exit)
	-> Done reading data from chromosome will prepare next chromosome
	-> Is in multi sfs, will now read data from chr:JASDQU010012710.1
	-> hello Im the master merge part of realSFS. and I'll now do a tripple bypass to find intersect 
	-> 1) Will set iter according to chooseChr and start and stop, and possibly using -sites
	-> Only read nSites: 755810 will therefore prepare next chromosome (or exit)
	-> Done reading data from chromosome will prepare next chromosome
	-> Is in multi sfs, will now read data from chr:JASDQU010012717.1
	-> hello Im the master merge part of realSFS. and I'll now do a tripple bypass to find intersect 
	-> 1) Will set iter according to chooseChr and start and stop, and possibly using -sites
	-> Only read nSites: 756860 will therefore prepare next chromosome (or exit)
	-> Done reading data from chromosome will prepare next chromosome
	-> Is in multi sfs, will now read data from chr:JASDQU010012723.1
	-> hello Im the master merge part of realSFS. and I'll now do a tripple bypass to find intersect 
	-> 1) Will set iter according to chooseChr and start and stop, and possibly using -sites
	-> Only read nSites: 757880 will therefore prepare next chromosome (or exit)
	-> Done reading data from chromosome will prepare next chromosome
	-> Is in multi sfs, will now read data from chr:JASDQU010012741.1
	-> hello Im the master merge part of realSFS. and I'll now do a tripple bypass to find intersect 
	-> 1) Will set iter according to chooseChr and start and stop, and possibly using -sites
	-> Only read nSites: 758760 will therefore prepare next chromosome (or exit)
	-> Done reading data from chromosome will prepare next chromosome
	-> Is in multi sfs, will now read data from chr:JASDQU010012747.1
	-> hello Im the master merge part of realSFS. and I'll now do a tripple bypass to find intersect 
	-> 1) Will set iter according to chooseChr and start and stop, and possibly using -sites
	-> Only read nSites: 759156 will therefore prepare next chromosome (or exit)
	-> Done reading data from chromosome will prepare next chromosome
	-> Is in multi sfs, will now read data from chr:JASDQU010012753.1
	-> hello Im the master merge part of realSFS. and I'll now do a tripple bypass to find intersect 
	-> 1) Will set iter according to chooseChr and start and stop, and possibly using -sites
	-> Only read nSites: 760448 will therefore prepare next chromosome (or exit)
	-> Done reading data from chromosome will prepare next chromosome
	-> Is in multi sfs, will now read data from chr:JASDQU010012758.1
	-> hello Im the master merge part of realSFS. and I'll now do a tripple bypass to find intersect 
	-> 1) Will set iter according to chooseChr and start and stop, and possibly using -sites
	-> Only read nSites: 763488 will therefore prepare next chromosome (or exit)
	-> Done reading data from chromosome will prepare next chromosome
	-> Is in multi sfs, will now read data from chr:JASDQU010012762.1
	-> hello Im the master merge part of realSFS. and I'll now do a tripple bypass to find intersect 
	-> 1) Will set iter according to chooseChr and start and stop, and possibly using -sites
	-> Only read nSites: 766428 will therefore prepare next chromosome (or exit)
	-> Done reading data from chromosome will prepare next chromosome
	-> Is in multi sfs, will now read data from chr:JASDQU010012775.1
	-> hello Im the master merge part of realSFS. and I'll now do a tripple bypass to find intersect 
	-> 1) Will set iter according to chooseChr and start and stop, and possibly using -sites
	-> Only read nSites: 766988 will therefore prepare next chromosome (or exit)
	-> Done reading data from chromosome will prepare next chromosome
	-> Is in multi sfs, will now read data from chr:JASDQU010012781.1
	-> hello Im the master merge part of realSFS. and I'll now do a tripple bypass to find intersect 
	-> 1) Will set iter according to chooseChr and start and stop, and possibly using -sites
	-> Only read nSites: 768025 will therefore prepare next chromosome (or exit)
	-> Done reading data from chromosome will prepare next chromosome
	-> Is in multi sfs, will now read data from chr:JASDQU010012782.1
	-> hello Im the master merge part of realSFS. and I'll now do a tripple bypass to find intersect 
	-> 1) Will set iter according to chooseChr and start and stop, and possibly using -sites
	-> Only read nSites: 769481 will therefore prepare next chromosome (or exit)
	-> Done reading data from chromosome will prepare next chromosome
	-> Is in multi sfs, will now read data from chr:JASDQU010012783.1
	-> hello Im the master merge part of realSFS. and I'll now do a tripple bypass to find intersect 
	-> 1) Will set iter according to chooseChr and start and stop, and possibly using -sites
	-> Only read nSites: 770362 will therefore prepare next chromosome (or exit)
	-> Done reading data from chromosome will prepare next chromosome
	-> Is in multi sfs, will now read data from chr:JASDQU010012785.1
	-> hello Im the master merge part of realSFS. and I'll now do a tripple bypass to find intersect 
	-> 1) Will set iter according to chooseChr and start and stop, and possibly using -sites
	-> Only read nSites: 772517 will therefore prepare next chromosome (or exit)
	-> Done reading data from chromosome will prepare next chromosome
	-> Is in multi sfs, will now read data from chr:JASDQU010012792.1
	-> hello Im the master merge part of realSFS. and I'll now do a tripple bypass to find intersect 
	-> 1) Will set iter according to chooseChr and start and stop, and possibly using -sites
	-> Only read nSites: 777540 will therefore prepare next chromosome (or exit)
	-> Done reading data from chromosome will prepare next chromosome
	-> Is in multi sfs, will now read data from chr:JASDQU010012806.1
	-> hello Im the master merge part of realSFS. and I'll now do a tripple bypass to find intersect 
	-> 1) Will set iter according to chooseChr and start and stop, and possibly using -sites
	-> Only read nSites: 778959 will therefore prepare next chromosome (or exit)
	-> Done reading data from chromosome will prepare next chromosome
	-> Is in multi sfs, will now read data from chr:JASDQU010012808.1
	-> hello Im the master merge part of realSFS. and I'll now do a tripple bypass to find intersect 
	-> 1) Will set iter according to chooseChr and start and stop, and possibly using -sites
	-> Only read nSites: 780331 will therefore prepare next chromosome (or exit)
	-> Done reading data from chromosome will prepare next chromosome
	-> Is in multi sfs, will now read data from chr:JASDQU010012809.1
	-> hello Im the master merge part of realSFS. and I'll now do a tripple bypass to find intersect 
	-> 1) Will set iter according to chooseChr and start and stop, and possibly using -sites
	-> Only read nSites: 780842 will therefore prepare next chromosome (or exit)
	-> Done reading data from chromosome will prepare next chromosome
	-> Is in multi sfs, will now read data from chr:JASDQU010012815.1
	-> hello Im the master merge part of realSFS. and I'll now do a tripple bypass to find intersect 
	-> 1) Will set iter according to chooseChr and start and stop, and possibly using -sites
	-> Only read nSites: 783175 will therefore prepare next chromosome (or exit)
	-> Done reading data from chromosome will prepare next chromosome
	-> Is in multi sfs, will now read data from chr:JASDQU010012831.1
	-> hello Im the master merge part of realSFS. and I'll now do a tripple bypass to find intersect 
	-> 1) Will set iter according to chooseChr and start and stop, and possibly using -sites
	-> Only read nSites: 783311 will therefore prepare next chromosome (or exit)
	-> Done reading data from chromosome will prepare next chromosome
	-> Is in multi sfs, will now read data from chr:JASDQU010012834.1
	-> hello Im the master merge part of realSFS. and I'll now do a tripple bypass to find intersect 
	-> 1) Will set iter according to chooseChr and start and stop, and possibly using -sites
	-> Only read nSites: 783568 will therefore prepare next chromosome (or exit)
	-> Done reading data from chromosome will prepare next chromosome
	-> Is in multi sfs, will now read data from chr:JASDQU010012836.1
	-> hello Im the master merge part of realSFS. and I'll now do a tripple bypass to find intersect 
	-> 1) Will set iter according to chooseChr and start and stop, and possibly using -sites
	-> Only read nSites: 784112 will therefore prepare next chromosome (or exit)
	-> Done reading data from chromosome will prepare next chromosome
	-> Is in multi sfs, will now read data from chr:JASDQU010012840.1
	-> hello Im the master merge part of realSFS. and I'll now do a tripple bypass to find intersect 
	-> 1) Will set iter according to chooseChr and start and stop, and possibly using -sites
	-> Only read nSites: 791992 will therefore prepare next chromosome (or exit)
	-> Done reading data from chromosome will prepare next chromosome
	-> Is in multi sfs, will now read data from chr:JASDQU010012843.1
	-> hello Im the master merge part of realSFS. and I'll now do a tripple bypass to find intersect 
	-> 1) Will set iter according to chooseChr and start and stop, and possibly using -sites
	-> Only read nSites: 793151 will therefore prepare next chromosome (or exit)
	-> Done reading data from chromosome will prepare next chromosome
	-> Is in multi sfs, will now read data from chr:JASDQU010012845.1
	-> hello Im the master merge part of realSFS. and I'll now do a tripple bypass to find intersect 
	-> 1) Will set iter according to chooseChr and start and stop, and possibly using -sites
	-> Only read nSites: 793764 will therefore prepare next chromosome (or exit)
	-> Done reading data from chromosome will prepare next chromosome
	-> Is in multi sfs, will now read data from chr:JASDQU010012848.1
	-> hello Im the master merge part of realSFS. and I'll now do a tripple bypass to find intersect 
	-> 1) Will set iter according to chooseChr and start and stop, and possibly using -sites
	-> Only read nSites: 795837 will therefore prepare next chromosome (or exit)
	-> Done reading data from chromosome will prepare next chromosome
	-> Is in multi sfs, will now read data from chr:JASDQU010012850.1
	-> hello Im the master merge part of realSFS. and I'll now do a tripple bypass to find intersect 
	-> 1) Will set iter according to chooseChr and start and stop, and possibly using -sites
	-> Only read nSites: 798645 will therefore prepare next chromosome (or exit)
	-> Done reading data from chromosome will prepare next chromosome
	-> Is in multi sfs, will now read data from chr:JASDQU010012851.1
	-> hello Im the master merge part of realSFS. and I'll now do a tripple bypass to find intersect 
	-> 1) Will set iter according to chooseChr and start and stop, and possibly using -sites
	-> Only read nSites: 799260 will therefore prepare next chromosome (or exit)
	-> Done reading data from chromosome will prepare next chromosome
	-> Is in multi sfs, will now read data from chr:JASDQU010012855.1
	-> hello Im the master merge part of realSFS. and I'll now do a tripple bypass to find intersect 
	-> 1) Will set iter according to chooseChr and start and stop, and possibly using -sites
	-> Only read nSites: 800646 will therefore prepare next chromosome (or exit)
	-> Done reading data from chromosome will prepare next chromosome
	-> Is in multi sfs, will now read data from chr:JASDQU010012861.1
	-> hello Im the master merge part of realSFS. and I'll now do a tripple bypass to find intersect 
	-> 1) Will set iter according to chooseChr and start and stop, and possibly using -sites
	-> Only read nSites: 801230 will therefore prepare next chromosome (or exit)
	-> Done reading data from chromosome will prepare next chromosome
	-> Is in multi sfs, will now read data from chr:JASDQU010012866.1
	-> hello Im the master merge part of realSFS. and I'll now do a tripple bypass to find intersect 
	-> 1) Will set iter according to chooseChr and start and stop, and possibly using -sites
	-> Only read nSites: 806412 will therefore prepare next chromosome (or exit)
	-> Done reading data from chromosome will prepare next chromosome
	-> Is in multi sfs, will now read data from chr:JASDQU010012869.1
	-> hello Im the master merge part of realSFS. and I'll now do a tripple bypass to find intersect 
	-> 1) Will set iter according to chooseChr and start and stop, and possibly using -sites
	-> Only read nSites: 807222 will therefore prepare next chromosome (or exit)
	-> Done reading data from chromosome will prepare next chromosome
	-> Is in multi sfs, will now read data from chr:JASDQU010012875.1
	-> hello Im the master merge part of realSFS. and I'll now do a tripple bypass to find intersect 
	-> 1) Will set iter according to chooseChr and start and stop, and possibly using -sites
	-> Only read nSites: 808373 will therefore prepare next chromosome (or exit)
	-> Done reading data from chromosome will prepare next chromosome
	-> Is in multi sfs, will now read data from chr:JASDQU010012901.1
	-> hello Im the master merge part of realSFS. and I'll now do a tripple bypass to find intersect 
	-> 1) Will set iter according to chooseChr and start and stop, and possibly using -sites
	-> Only read nSites: 810474 will therefore prepare next chromosome (or exit)
	-> Done reading data from chromosome will prepare next chromosome
	-> Is in multi sfs, will now read data from chr:JASDQU010012903.1
	-> hello Im the master merge part of realSFS. and I'll now do a tripple bypass to find intersect 
	-> 1) Will set iter according to chooseChr and start and stop, and possibly using -sites
	-> Only read nSites: 811092 will therefore prepare next chromosome (or exit)
	-> Done reading data from chromosome will prepare next chromosome
	-> Is in multi sfs, will now read data from chr:JASDQU010012909.1
	-> hello Im the master merge part of realSFS. and I'll now do a tripple bypass to find intersect 
	-> 1) Will set iter according to chooseChr and start and stop, and possibly using -sites
	-> Only read nSites: 812332 will therefore prepare next chromosome (or exit)
	-> Done reading data from chromosome will prepare next chromosome
	-> Is in multi sfs, will now read data from chr:JASDQU010012914.1
	-> hello Im the master merge part of realSFS. and I'll now do a tripple bypass to find intersect 
	-> 1) Will set iter according to chooseChr and start and stop, and possibly using -sites
	-> Only read nSites: 813337 will therefore prepare next chromosome (or exit)
	-> Done reading data from chromosome will prepare next chromosome
	-> Is in multi sfs, will now read data from chr:JASDQU010012930.1
	-> hello Im the master merge part of realSFS. and I'll now do a tripple bypass to find intersect 
	-> 1) Will set iter according to chooseChr and start and stop, and possibly using -sites
	-> Only read nSites: 814189 will therefore prepare next chromosome (or exit)
	-> Done reading data from chromosome will prepare next chromosome
	-> Is in multi sfs, will now read data from chr:JASDQU010012934.1
	-> hello Im the master merge part of realSFS. and I'll now do a tripple bypass to find intersect 
	-> 1) Will set iter according to chooseChr and start and stop, and possibly using -sites
	-> Only read nSites: 816057 will therefore prepare next chromosome (or exit)
	-> Done reading data from chromosome will prepare next chromosome
	-> Is in multi sfs, will now read data from chr:JASDQU010012938.1
	-> hello Im the master merge part of realSFS. and I'll now do a tripple bypass to find intersect 
	-> 1) Will set iter according to chooseChr and start and stop, and possibly using -sites
	-> Only read nSites: 818277 will therefore prepare next chromosome (or exit)
	-> Done reading data from chromosome will prepare next chromosome
	-> Is in multi sfs, will now read data from chr:JASDQU010012940.1
	-> hello Im the master merge part of realSFS. and I'll now do a tripple bypass to find intersect 
	-> 1) Will set iter according to chooseChr and start and stop, and possibly using -sites
	-> Only read nSites: 820786 will therefore prepare next chromosome (or exit)
	-> Done reading data from chromosome will prepare next chromosome
	-> Is in multi sfs, will now read data from chr:JASDQU010012943.1
	-> hello Im the master merge part of realSFS. and I'll now do a tripple bypass to find intersect 
	-> 1) Will set iter according to chooseChr and start and stop, and possibly using -sites
	-> Only read nSites: 822625 will therefore prepare next chromosome (or exit)
	-> Done reading data from chromosome will prepare next chromosome
	-> Is in multi sfs, will now read data from chr:JASDQU010012960.1
	-> hello Im the master merge part of realSFS. and I'll now do a tripple bypass to find intersect 
	-> 1) Will set iter according to chooseChr and start and stop, and possibly using -sites
	-> Only read nSites: 822906 will therefore prepare next chromosome (or exit)
	-> Done reading data from chromosome will prepare next chromosome
	-> Is in multi sfs, will now read data from chr:JASDQU010012962.1
	-> hello Im the master merge part of realSFS. and I'll now do a tripple bypass to find intersect 
	-> 1) Will set iter according to chooseChr and start and stop, and possibly using -sites
	-> Only read nSites: 823217 will therefore prepare next chromosome (or exit)
	-> Done reading data from chromosome will prepare next chromosome
	-> Is in multi sfs, will now read data from chr:JASDQU010012973.1
	-> hello Im the master merge part of realSFS. and I'll now do a tripple bypass to find intersect 
	-> 1) Will set iter according to chooseChr and start and stop, and possibly using -sites
	-> Only read nSites: 823396 will therefore prepare next chromosome (or exit)
	-> Done reading data from chromosome will prepare next chromosome
	-> Is in multi sfs, will now read data from chr:JASDQU010012977.1
	-> hello Im the master merge part of realSFS. and I'll now do a tripple bypass to find intersect 
	-> 1) Will set iter according to chooseChr and start and stop, and possibly using -sites
	-> Only read nSites: 823712 will therefore prepare next chromosome (or exit)
	-> Done reading data from chromosome will prepare next chromosome
	-> Is in multi sfs, will now read data from chr:JASDQU010012982.1
	-> hello Im the master merge part of realSFS. and I'll now do a tripple bypass to find intersect 
	-> 1) Will set iter according to chooseChr and start and stop, and possibly using -sites
	-> Only read nSites: 823732 will therefore prepare next chromosome (or exit)
	-> Done reading data from chromosome will prepare next chromosome
	-> Is in multi sfs, will now read data from chr:JASDQU010012986.1
	-> hello Im the master merge part of realSFS. and I'll now do a tripple bypass to find intersect 
	-> 1) Will set iter according to chooseChr and start and stop, and possibly using -sites
	-> Only read nSites: 824251 will therefore prepare next chromosome (or exit)
	-> Done reading data from chromosome will prepare next chromosome
	-> Is in multi sfs, will now read data from chr:JASDQU010012989.1
	-> hello Im the master merge part of realSFS. and I'll now do a tripple bypass to find intersect 
	-> 1) Will set iter according to chooseChr and start and stop, and possibly using -sites
	-> Only read nSites: 825199 will therefore prepare next chromosome (or exit)
	-> Done reading data from chromosome will prepare next chromosome
	-> Is in multi sfs, will now read data from chr:JASDQU010013000.1
	-> hello Im the master merge part of realSFS. and I'll now do a tripple bypass to find intersect 
	-> 1) Will set iter according to chooseChr and start and stop, and possibly using -sites
	-> Only read nSites: 828063 will therefore prepare next chromosome (or exit)
	-> Done reading data from chromosome will prepare next chromosome
	-> Is in multi sfs, will now read data from chr:JASDQU010013007.1
	-> hello Im the master merge part of realSFS. and I'll now do a tripple bypass to find intersect 
	-> 1) Will set iter according to chooseChr and start and stop, and possibly using -sites
	-> Only read nSites: 828166 will therefore prepare next chromosome (or exit)
	-> Done reading data from chromosome will prepare next chromosome
	-> Is in multi sfs, will now read data from chr:JASDQU010013015.1
	-> hello Im the master merge part of realSFS. and I'll now do a tripple bypass to find intersect 
	-> 1) Will set iter according to chooseChr and start and stop, and possibly using -sites
	-> Only read nSites: 829644 will therefore prepare next chromosome (or exit)
	-> Done reading data from chromosome will prepare next chromosome
	-> Is in multi sfs, will now read data from chr:JASDQU010013016.1
	-> hello Im the master merge part of realSFS. and I'll now do a tripple bypass to find intersect 
	-> 1) Will set iter according to chooseChr and start and stop, and possibly using -sites
	-> Only read nSites: 829699 will therefore prepare next chromosome (or exit)
	-> Done reading data from chromosome will prepare next chromosome
	-> Is in multi sfs, will now read data from chr:JASDQU010013017.1
	-> hello Im the master merge part of realSFS. and I'll now do a tripple bypass to find intersect 
	-> 1) Will set iter according to chooseChr and start and stop, and possibly using -sites
	-> Only read nSites: 831322 will therefore prepare next chromosome (or exit)
	-> Done reading data from chromosome will prepare next chromosome
	-> Is in multi sfs, will now read data from chr:JASDQU010013018.1
	-> hello Im the master merge part of realSFS. and I'll now do a tripple bypass to find intersect 
	-> 1) Will set iter according to chooseChr and start and stop, and possibly using -sites
	-> Only read nSites: 832084 will therefore prepare next chromosome (or exit)
	-> Done reading data from chromosome will prepare next chromosome
	-> Is in multi sfs, will now read data from chr:JASDQU010013024.1
	-> hello Im the master merge part of realSFS. and I'll now do a tripple bypass to find intersect 
	-> 1) Will set iter according to chooseChr and start and stop, and possibly using -sites
	-> Only read nSites: 832300 will therefore prepare next chromosome (or exit)
	-> Done reading data from chromosome will prepare next chromosome
	-> Is in multi sfs, will now read data from chr:JASDQU010013026.1
	-> hello Im the master merge part of realSFS. and I'll now do a tripple bypass to find intersect 
	-> 1) Will set iter according to chooseChr and start and stop, and possibly using -sites
	-> Only read nSites: 832396 will therefore prepare next chromosome (or exit)
	-> Done reading data from chromosome will prepare next chromosome
	-> Is in multi sfs, will now read data from chr:JASDQU010013028.1
	-> hello Im the master merge part of realSFS. and I'll now do a tripple bypass to find intersect 
	-> 1) Will set iter according to chooseChr and start and stop, and possibly using -sites
	-> Only read nSites: 833459 will therefore prepare next chromosome (or exit)
	-> Done reading data from chromosome will prepare next chromosome
	-> Is in multi sfs, will now read data from chr:JASDQU010013033.1
	-> hello Im the master merge part of realSFS. and I'll now do a tripple bypass to find intersect 
	-> 1) Will set iter according to chooseChr and start and stop, and possibly using -sites
	-> Only read nSites: 833942 will therefore prepare next chromosome (or exit)
	-> Done reading data from chromosome will prepare next chromosome
	-> Is in multi sfs, will now read data from chr:JASDQU010013037.1
	-> hello Im the master merge part of realSFS. and I'll now do a tripple bypass to find intersect 
	-> 1) Will set iter according to chooseChr and start and stop, and possibly using -sites
	-> Only read nSites: 834982 will therefore prepare next chromosome (or exit)
	-> Done reading data from chromosome will prepare next chromosome
	-> Is in multi sfs, will now read data from chr:JASDQU010013038.1
	-> hello Im the master merge part of realSFS. and I'll now do a tripple bypass to find intersect 
	-> 1) Will set iter according to chooseChr and start and stop, and possibly using -sites
	-> Only read nSites: 835219 will therefore prepare next chromosome (or exit)
	-> Done reading data from chromosome will prepare next chromosome
	-> Is in multi sfs, will now read data from chr:JASDQU010013045.1
	-> hello Im the master merge part of realSFS. and I'll now do a tripple bypass to find intersect 
	-> 1) Will set iter according to chooseChr and start and stop, and possibly using -sites
	-> Only read nSites: 839854 will therefore prepare next chromosome (or exit)
	-> Done reading data from chromosome will prepare next chromosome
	-> Is in multi sfs, will now read data from chr:JASDQU010013048.1
	-> hello Im the master merge part of realSFS. and I'll now do a tripple bypass to find intersect 
	-> 1) Will set iter according to chooseChr and start and stop, and possibly using -sites
	-> Only read nSites: 839970 will therefore prepare next chromosome (or exit)
	-> Done reading data from chromosome will prepare next chromosome
	-> Is in multi sfs, will now read data from chr:JASDQU010013050.1
	-> hello Im the master merge part of realSFS. and I'll now do a tripple bypass to find intersect 
	-> 1) Will set iter according to chooseChr and start and stop, and possibly using -sites
	-> Only read nSites: 840312 will therefore prepare next chromosome (or exit)
	-> Done reading data from chromosome will prepare next chromosome
	-> Is in multi sfs, will now read data from chr:JASDQU010013055.1
	-> hello Im the master merge part of realSFS. and I'll now do a tripple bypass to find intersect 
	-> 1) Will set iter according to chooseChr and start and stop, and possibly using -sites
	-> Only read nSites: 840563 will therefore prepare next chromosome (or exit)
	-> Done reading data from chromosome will prepare next chromosome
	-> Is in multi sfs, will now read data from chr:JASDQU010013077.1
	-> hello Im the master merge part of realSFS. and I'll now do a tripple bypass to find intersect 
	-> 1) Will set iter according to chooseChr and start and stop, and possibly using -sites
	-> Only read nSites: 841406 will therefore prepare next chromosome (or exit)
	-> Done reading data from chromosome will prepare next chromosome
	-> Is in multi sfs, will now read data from chr:JASDQU010013080.1
	-> hello Im the master merge part of realSFS. and I'll now do a tripple bypass to find intersect 
	-> 1) Will set iter according to chooseChr and start and stop, and possibly using -sites
	-> Only read nSites: 844669 will therefore prepare next chromosome (or exit)
	-> Done reading data from chromosome will prepare next chromosome
	-> Is in multi sfs, will now read data from chr:JASDQU010013085.1
	-> hello Im the master merge part of realSFS. and I'll now do a tripple bypass to find intersect 
	-> 1) Will set iter according to chooseChr and start and stop, and possibly using -sites
	-> Only read nSites: 845055 will therefore prepare next chromosome (or exit)
	-> Done reading data from chromosome will prepare next chromosome
	-> Is in multi sfs, will now read data from chr:JASDQU010013087.1
	-> hello Im the master merge part of realSFS. and I'll now do a tripple bypass to find intersect 
	-> 1) Will set iter according to chooseChr and start and stop, and possibly using -sites
	-> Only read nSites: 847064 will therefore prepare next chromosome (or exit)
	-> Done reading data from chromosome will prepare next chromosome
	-> Is in multi sfs, will now read data from chr:JASDQU010013090.1
	-> hello Im the master merge part of realSFS. and I'll now do a tripple bypass to find intersect 
	-> 1) Will set iter according to chooseChr and start and stop, and possibly using -sites
	-> Only read nSites: 848837 will therefore prepare next chromosome (or exit)
	-> Done reading data from chromosome will prepare next chromosome
	-> Is in multi sfs, will now read data from chr:JASDQU010013098.1
	-> hello Im the master merge part of realSFS. and I'll now do a tripple bypass to find intersect 
	-> 1) Will set iter according to chooseChr and start and stop, and possibly using -sites
	-> Only read nSites: 851536 will therefore prepare next chromosome (or exit)
	-> Done reading data from chromosome will prepare next chromosome
	-> Is in multi sfs, will now read data from chr:JASDQU010013107.1
	-> hello Im the master merge part of realSFS. and I'll now do a tripple bypass to find intersect 
	-> 1) Will set iter according to chooseChr and start and stop, and possibly using -sites
	-> Only read nSites: 853132 will therefore prepare next chromosome (or exit)
	-> Done reading data from chromosome will prepare next chromosome
	-> Is in multi sfs, will now read data from chr:JASDQU010013110.1
	-> hello Im the master merge part of realSFS. and I'll now do a tripple bypass to find intersect 
	-> 1) Will set iter according to chooseChr and start and stop, and possibly using -sites
	-> Only read nSites: 853489 will therefore prepare next chromosome (or exit)
	-> Done reading data from chromosome will prepare next chromosome
	-> Is in multi sfs, will now read data from chr:JASDQU010013118.1
	-> hello Im the master merge part of realSFS. and I'll now do a tripple bypass to find intersect 
	-> 1) Will set iter according to chooseChr and start and stop, and possibly using -sites
	-> Only read nSites: 853528 will therefore prepare next chromosome (or exit)
	-> Done reading data from chromosome will prepare next chromosome
	-> Is in multi sfs, will now read data from chr:JASDQU010013127.1
	-> hello Im the master merge part of realSFS. and I'll now do a tripple bypass to find intersect 
	-> 1) Will set iter according to chooseChr and start and stop, and possibly using -sites
	-> Only read nSites: 854275 will therefore prepare next chromosome (or exit)
	-> Done reading data from chromosome will prepare next chromosome
	-> Is in multi sfs, will now read data from chr:JASDQU010013133.1
	-> hello Im the master merge part of realSFS. and I'll now do a tripple bypass to find intersect 
	-> 1) Will set iter according to chooseChr and start and stop, and possibly using -sites
	-> Only read nSites: 855289 will therefore prepare next chromosome (or exit)
	-> Done reading data from chromosome will prepare next chromosome
	-> Is in multi sfs, will now read data from chr:JASDQU010013139.1
	-> hello Im the master merge part of realSFS. and I'll now do a tripple bypass to find intersect 
	-> 1) Will set iter according to chooseChr and start and stop, and possibly using -sites
	-> Only read nSites: 855301 will therefore prepare next chromosome (or exit)
	-> Done reading data from chromosome will prepare next chromosome
	-> Is in multi sfs, will now read data from chr:JASDQU010013147.1
	-> hello Im the master merge part of realSFS. and I'll now do a tripple bypass to find intersect 
	-> 1) Will set iter according to chooseChr and start and stop, and possibly using -sites
	-> Only read nSites: 855869 will therefore prepare next chromosome (or exit)
	-> Done reading data from chromosome will prepare next chromosome
	-> Is in multi sfs, will now read data from chr:JASDQU010013151.1
	-> hello Im the master merge part of realSFS. and I'll now do a tripple bypass to find intersect 
	-> 1) Will set iter according to chooseChr and start and stop, and possibly using -sites
	-> Only read nSites: 859531 will therefore prepare next chromosome (or exit)
	-> Done reading data from chromosome will prepare next chromosome
	-> Is in multi sfs, will now read data from chr:JASDQU010013162.1
	-> hello Im the master merge part of realSFS. and I'll now do a tripple bypass to find intersect 
	-> 1) Will set iter according to chooseChr and start and stop, and possibly using -sites
	-> Only read nSites: 860441 will therefore prepare next chromosome (or exit)
	-> Done reading data from chromosome will prepare next chromosome
	-> Is in multi sfs, will now read data from chr:JASDQU010013164.1
	-> hello Im the master merge part of realSFS. and I'll now do a tripple bypass to find intersect 
	-> 1) Will set iter according to chooseChr and start and stop, and possibly using -sites
	-> Only read nSites: 862462 will therefore prepare next chromosome (or exit)
	-> Done reading data from chromosome will prepare next chromosome
	-> Is in multi sfs, will now read data from chr:JASDQU010013165.1
	-> hello Im the master merge part of realSFS. and I'll now do a tripple bypass to find intersect 
	-> 1) Will set iter according to chooseChr and start and stop, and possibly using -sites
	-> Only read nSites: 864063 will therefore prepare next chromosome (or exit)
	-> Done reading data from chromosome will prepare next chromosome
	-> Is in multi sfs, will now read data from chr:JASDQU010013168.1
	-> hello Im the master merge part of realSFS. and I'll now do a tripple bypass to find intersect 
	-> 1) Will set iter according to chooseChr and start and stop, and possibly using -sites
	-> Only read nSites: 865524 will therefore prepare next chromosome (or exit)
	-> Done reading data from chromosome will prepare next chromosome
	-> Is in multi sfs, will now read data from chr:JASDQU010013173.1
	-> hello Im the master merge part of realSFS. and I'll now do a tripple bypass to find intersect 
	-> 1) Will set iter according to chooseChr and start and stop, and possibly using -sites
	-> Only read nSites: 867873 will therefore prepare next chromosome (or exit)
	-> Done reading data from chromosome will prepare next chromosome
	-> Is in multi sfs, will now read data from chr:JASDQU010013177.1
	-> hello Im the master merge part of realSFS. and I'll now do a tripple bypass to find intersect 
	-> 1) Will set iter according to chooseChr and start and stop, and possibly using -sites
	-> Only read nSites: 871090 will therefore prepare next chromosome (or exit)
	-> Done reading data from chromosome will prepare next chromosome
	-> Is in multi sfs, will now read data from chr:JASDQU010013180.1
	-> hello Im the master merge part of realSFS. and I'll now do a tripple bypass to find intersect 
	-> 1) Will set iter according to chooseChr and start and stop, and possibly using -sites
	-> Only read nSites: 872181 will therefore prepare next chromosome (or exit)
	-> Done reading data from chromosome will prepare next chromosome
	-> Is in multi sfs, will now read data from chr:JASDQU010013183.1
	-> hello Im the master merge part of realSFS. and I'll now do a tripple bypass to find intersect 
	-> 1) Will set iter according to chooseChr and start and stop, and possibly using -sites
	-> Only read nSites: 872358 will therefore prepare next chromosome (or exit)
	-> Done reading data from chromosome will prepare next chromosome
	-> Is in multi sfs, will now read data from chr:JASDQU010013186.1
	-> hello Im the master merge part of realSFS. and I'll now do a tripple bypass to find intersect 
	-> 1) Will set iter according to chooseChr and start and stop, and possibly using -sites
	-> Only read nSites: 873471 will therefore prepare next chromosome (or exit)
	-> Done reading data from chromosome will prepare next chromosome
	-> Is in multi sfs, will now read data from chr:JASDQU010013190.1
	-> hello Im the master merge part of realSFS. and I'll now do a tripple bypass to find intersect 
	-> 1) Will set iter according to chooseChr and start and stop, and possibly using -sites
	-> Only read nSites: 874095 will therefore prepare next chromosome (or exit)
	-> Done reading data from chromosome will prepare next chromosome
	-> Is in multi sfs, will now read data from chr:JASDQU010013192.1
	-> hello Im the master merge part of realSFS. and I'll now do a tripple bypass to find intersect 
	-> 1) Will set iter according to chooseChr and start and stop, and possibly using -sites
	-> Only read nSites: 874839 will therefore prepare next chromosome (or exit)
	-> Done reading data from chromosome will prepare next chromosome
	-> Is in multi sfs, will now read data from chr:JASDQU010013201.1
	-> hello Im the master merge part of realSFS. and I'll now do a tripple bypass to find intersect 
	-> 1) Will set iter according to chooseChr and start and stop, and possibly using -sites
	-> Only read nSites: 876325 will therefore prepare next chromosome (or exit)
	-> Done reading data from chromosome will prepare next chromosome
	-> Is in multi sfs, will now read data from chr:JASDQU010013202.1
	-> hello Im the master merge part of realSFS. and I'll now do a tripple bypass to find intersect 
	-> 1) Will set iter according to chooseChr and start and stop, and possibly using -sites
	-> Only read nSites: 877377 will therefore prepare next chromosome (or exit)
	-> Done reading data from chromosome will prepare next chromosome
	-> Is in multi sfs, will now read data from chr:JASDQU010013205.1
	-> hello Im the master merge part of realSFS. and I'll now do a tripple bypass to find intersect 
	-> 1) Will set iter according to chooseChr and start and stop, and possibly using -sites
	-> Only read nSites: 877731 will therefore prepare next chromosome (or exit)
	-> Done reading data from chromosome will prepare next chromosome
	-> Is in multi sfs, will now read data from chr:JASDQU010013212.1
	-> hello Im the master merge part of realSFS. and I'll now do a tripple bypass to find intersect 
	-> 1) Will set iter according to chooseChr and start and stop, and possibly using -sites
	-> Only read nSites: 878545 will therefore prepare next chromosome (or exit)
	-> Done reading data from chromosome will prepare next chromosome
	-> Is in multi sfs, will now read data from chr:JASDQU010013221.1
	-> hello Im the master merge part of realSFS. and I'll now do a tripple bypass to find intersect 
	-> 1) Will set iter according to chooseChr and start and stop, and possibly using -sites
	-> Only read nSites: 879969 will therefore prepare next chromosome (or exit)
	-> Done reading data from chromosome will prepare next chromosome
	-> Is in multi sfs, will now read data from chr:JASDQU010013223.1
	-> hello Im the master merge part of realSFS. and I'll now do a tripple bypass to find intersect 
	-> 1) Will set iter according to chooseChr and start and stop, and possibly using -sites
	-> Only read nSites: 880187 will therefore prepare next chromosome (or exit)
	-> Done reading data from chromosome will prepare next chromosome
	-> Is in multi sfs, will now read data from chr:JASDQU010013226.1
	-> hello Im the master merge part of realSFS. and I'll now do a tripple bypass to find intersect 
	-> 1) Will set iter according to chooseChr and start and stop, and possibly using -sites
	-> Only read nSites: 881467 will therefore prepare next chromosome (or exit)
	-> Done reading data from chromosome will prepare next chromosome
	-> Is in multi sfs, will now read data from chr:JASDQU010013231.1
	-> hello Im the master merge part of realSFS. and I'll now do a tripple bypass to find intersect 
	-> 1) Will set iter according to chooseChr and start and stop, and possibly using -sites
	-> Only read nSites: 882446 will therefore prepare next chromosome (or exit)
	-> Done reading data from chromosome will prepare next chromosome
	-> Is in multi sfs, will now read data from chr:JASDQU010013232.1
	-> hello Im the master merge part of realSFS. and I'll now do a tripple bypass to find intersect 
	-> 1) Will set iter according to chooseChr and start and stop, and possibly using -sites
	-> Only read nSites: 888825 will therefore prepare next chromosome (or exit)
	-> Done reading data from chromosome will prepare next chromosome
	-> Is in multi sfs, will now read data from chr:JASDQU010013243.1
	-> hello Im the master merge part of realSFS. and I'll now do a tripple bypass to find intersect 
	-> 1) Will set iter according to chooseChr and start and stop, and possibly using -sites
	-> Only read nSites: 889405 will therefore prepare next chromosome (or exit)
	-> Done reading data from chromosome will prepare next chromosome
	-> Is in multi sfs, will now read data from chr:JASDQU010013244.1
	-> hello Im the master merge part of realSFS. and I'll now do a tripple bypass to find intersect 
	-> 1) Will set iter according to chooseChr and start and stop, and possibly using -sites
	-> Only read nSites: 890326 will therefore prepare next chromosome (or exit)
	-> Done reading data from chromosome will prepare next chromosome
	-> Is in multi sfs, will now read data from chr:JASDQU010013252.1
	-> hello Im the master merge part of realSFS. and I'll now do a tripple bypass to find intersect 
	-> 1) Will set iter according to chooseChr and start and stop, and possibly using -sites
	-> Only read nSites: 890836 will therefore prepare next chromosome (or exit)
	-> Done reading data from chromosome will prepare next chromosome
	-> Is in multi sfs, will now read data from chr:JASDQU010013253.1
	-> hello Im the master merge part of realSFS. and I'll now do a tripple bypass to find intersect 
	-> 1) Will set iter according to chooseChr and start and stop, and possibly using -sites
	-> Only read nSites: 892571 will therefore prepare next chromosome (or exit)
	-> Done reading data from chromosome will prepare next chromosome
	-> Is in multi sfs, will now read data from chr:JASDQU010013256.1
	-> hello Im the master merge part of realSFS. and I'll now do a tripple bypass to find intersect 
	-> 1) Will set iter according to chooseChr and start and stop, and possibly using -sites
	-> Only read nSites: 894038 will therefore prepare next chromosome (or exit)
	-> Done reading data from chromosome will prepare next chromosome
	-> Is in multi sfs, will now read data from chr:JASDQU010013259.1
	-> hello Im the master merge part of realSFS. and I'll now do a tripple bypass to find intersect 
	-> 1) Will set iter according to chooseChr and start and stop, and possibly using -sites
	-> Only read nSites: 894651 will therefore prepare next chromosome (or exit)
	-> Done reading data from chromosome will prepare next chromosome
	-> Is in multi sfs, will now read data from chr:JASDQU010013264.1
	-> hello Im the master merge part of realSFS. and I'll now do a tripple bypass to find intersect 
	-> 1) Will set iter according to chooseChr and start and stop, and possibly using -sites
	-> Only read nSites: 896171 will therefore prepare next chromosome (or exit)
	-> Done reading data from chromosome will prepare next chromosome
	-> Is in multi sfs, will now read data from chr:JASDQU010013265.1
	-> hello Im the master merge part of realSFS. and I'll now do a tripple bypass to find intersect 
	-> 1) Will set iter according to chooseChr and start and stop, and possibly using -sites
	-> Only read nSites: 896409 will therefore prepare next chromosome (or exit)
	-> Done reading data from chromosome will prepare next chromosome
	-> Is in multi sfs, will now read data from chr:JASDQU010013268.1
	-> hello Im the master merge part of realSFS. and I'll now do a tripple bypass to find intersect 
	-> 1) Will set iter according to chooseChr and start and stop, and possibly using -sites
	-> Only read nSites: 896893 will therefore prepare next chromosome (or exit)
	-> Done reading data from chromosome will prepare next chromosome
	-> Is in multi sfs, will now read data from chr:JASDQU010013271.1
	-> hello Im the master merge part of realSFS. and I'll now do a tripple bypass to find intersect 
	-> 1) Will set iter according to chooseChr and start and stop, and possibly using -sites
	-> Only read nSites: 899723 will therefore prepare next chromosome (or exit)
	-> Done reading data from chromosome will prepare next chromosome
	-> Is in multi sfs, will now read data from chr:JASDQU010013272.1
	-> hello Im the master merge part of realSFS. and I'll now do a tripple bypass to find intersect 
	-> 1) Will set iter according to chooseChr and start and stop, and possibly using -sites
	-> Only read nSites: 902220 will therefore prepare next chromosome (or exit)
	-> Done reading data from chromosome will prepare next chromosome
	-> Is in multi sfs, will now read data from chr:JASDQU010013274.1
	-> hello Im the master merge part of realSFS. and I'll now do a tripple bypass to find intersect 
	-> 1) Will set iter according to chooseChr and start and stop, and possibly using -sites
	-> Only read nSites: 903827 will therefore prepare next chromosome (or exit)
	-> Done reading data from chromosome will prepare next chromosome
	-> Is in multi sfs, will now read data from chr:JASDQU010013278.1
	-> hello Im the master merge part of realSFS. and I'll now do a tripple bypass to find intersect 
	-> 1) Will set iter according to chooseChr and start and stop, and possibly using -sites
	-> Only read nSites: 904386 will therefore prepare next chromosome (or exit)
	-> Done reading data from chromosome will prepare next chromosome
	-> Is in multi sfs, will now read data from chr:JASDQU010013282.1
	-> hello Im the master merge part of realSFS. and I'll now do a tripple bypass to find intersect 
	-> 1) Will set iter according to chooseChr and start and stop, and possibly using -sites
	-> Only read nSites: 907039 will therefore prepare next chromosome (or exit)
	-> Done reading data from chromosome will prepare next chromosome
	-> Is in multi sfs, will now read data from chr:JASDQU010013285.1
	-> hello Im the master merge part of realSFS. and I'll now do a tripple bypass to find intersect 
	-> 1) Will set iter according to chooseChr and start and stop, and possibly using -sites
	-> Only read nSites: 909897 will therefore prepare next chromosome (or exit)
	-> Done reading data from chromosome will prepare next chromosome
	-> Is in multi sfs, will now read data from chr:JASDQU010013294.1
	-> hello Im the master merge part of realSFS. and I'll now do a tripple bypass to find intersect 
	-> 1) Will set iter according to chooseChr and start and stop, and possibly using -sites
	-> Only read nSites: 910947 will therefore prepare next chromosome (or exit)
	-> Done reading data from chromosome will prepare next chromosome
	-> Is in multi sfs, will now read data from chr:JASDQU010013295.1
	-> hello Im the master merge part of realSFS. and I'll now do a tripple bypass to find intersect 
	-> 1) Will set iter according to chooseChr and start and stop, and possibly using -sites
	-> Only read nSites: 910975 will therefore prepare next chromosome (or exit)
	-> Done reading data from chromosome will prepare next chromosome
	-> Is in multi sfs, will now read data from chr:JASDQU010013303.1
	-> hello Im the master merge part of realSFS. and I'll now do a tripple bypass to find intersect 
	-> 1) Will set iter according to chooseChr and start and stop, and possibly using -sites
	-> Only read nSites: 911485 will therefore prepare next chromosome (or exit)
	-> Done reading data from chromosome will prepare next chromosome
	-> Is in multi sfs, will now read data from chr:JASDQU010013311.1
	-> hello Im the master merge part of realSFS. and I'll now do a tripple bypass to find intersect 
	-> 1) Will set iter according to chooseChr and start and stop, and possibly using -sites
	-> Only read nSites: 912434 will therefore prepare next chromosome (or exit)
	-> Done reading data from chromosome will prepare next chromosome
	-> Is in multi sfs, will now read data from chr:JASDQU010013315.1
	-> hello Im the master merge part of realSFS. and I'll now do a tripple bypass to find intersect 
	-> 1) Will set iter according to chooseChr and start and stop, and possibly using -sites
	-> Only read nSites: 913305 will therefore prepare next chromosome (or exit)
	-> Done reading data from chromosome will prepare next chromosome
	-> Is in multi sfs, will now read data from chr:JASDQU010013316.1
	-> hello Im the master merge part of realSFS. and I'll now do a tripple bypass to find intersect 
	-> 1) Will set iter according to chooseChr and start and stop, and possibly using -sites
	-> Only read nSites: 913342 will therefore prepare next chromosome (or exit)
	-> Done reading data from chromosome will prepare next chromosome
	-> Is in multi sfs, will now read data from chr:JASDQU010013319.1
	-> hello Im the master merge part of realSFS. and I'll now do a tripple bypass to find intersect 
	-> 1) Will set iter according to chooseChr and start and stop, and possibly using -sites
	-> Only read nSites: 914153 will therefore prepare next chromosome (or exit)
	-> Done reading data from chromosome will prepare next chromosome
	-> Is in multi sfs, will now read data from chr:JASDQU010013321.1
	-> hello Im the master merge part of realSFS. and I'll now do a tripple bypass to find intersect 
	-> 1) Will set iter according to chooseChr and start and stop, and possibly using -sites
	-> Only read nSites: 915404 will therefore prepare next chromosome (or exit)
	-> Done reading data from chromosome will prepare next chromosome
	-> Is in multi sfs, will now read data from chr:JASDQU010013326.1
	-> hello Im the master merge part of realSFS. and I'll now do a tripple bypass to find intersect 
	-> 1) Will set iter according to chooseChr and start and stop, and possibly using -sites
	-> Only read nSites: 917408 will therefore prepare next chromosome (or exit)
	-> Done reading data from chromosome will prepare next chromosome
	-> Is in multi sfs, will now read data from chr:JASDQU010013330.1
	-> hello Im the master merge part of realSFS. and I'll now do a tripple bypass to find intersect 
	-> 1) Will set iter according to chooseChr and start and stop, and possibly using -sites
	-> Only read nSites: 918980 will therefore prepare next chromosome (or exit)
	-> Done reading data from chromosome will prepare next chromosome
	-> Is in multi sfs, will now read data from chr:JASDQU010013332.1
	-> hello Im the master merge part of realSFS. and I'll now do a tripple bypass to find intersect 
	-> 1) Will set iter according to chooseChr and start and stop, and possibly using -sites
	-> Only read nSites: 920191 will therefore prepare next chromosome (or exit)
	-> Done reading data from chromosome will prepare next chromosome
	-> Is in multi sfs, will now read data from chr:JASDQU010013333.1
	-> hello Im the master merge part of realSFS. and I'll now do a tripple bypass to find intersect 
	-> 1) Will set iter according to chooseChr and start and stop, and possibly using -sites
	-> Only read nSites: 920769 will therefore prepare next chromosome (or exit)
	-> Done reading data from chromosome will prepare next chromosome
	-> Is in multi sfs, will now read data from chr:JASDQU010013346.1
	-> hello Im the master merge part of realSFS. and I'll now do a tripple bypass to find intersect 
	-> 1) Will set iter according to chooseChr and start and stop, and possibly using -sites
	-> Only read nSites: 920803 will therefore prepare next chromosome (or exit)
	-> Done reading data from chromosome will prepare next chromosome
	-> Is in multi sfs, will now read data from chr:JASDQU010013353.1
	-> hello Im the master merge part of realSFS. and I'll now do a tripple bypass to find intersect 
	-> 1) Will set iter according to chooseChr and start and stop, and possibly using -sites
	-> Only read nSites: 922762 will therefore prepare next chromosome (or exit)
	-> Done reading data from chromosome will prepare next chromosome
	-> Is in multi sfs, will now read data from chr:JASDQU010013357.1
	-> hello Im the master merge part of realSFS. and I'll now do a tripple bypass to find intersect 
	-> 1) Will set iter according to chooseChr and start and stop, and possibly using -sites
	-> Only read nSites: 923425 will therefore prepare next chromosome (or exit)
	-> Done reading data from chromosome will prepare next chromosome
	-> Is in multi sfs, will now read data from chr:JASDQU010013360.1
	-> hello Im the master merge part of realSFS. and I'll now do a tripple bypass to find intersect 
	-> 1) Will set iter according to chooseChr and start and stop, and possibly using -sites
	-> Only read nSites: 923902 will therefore prepare next chromosome (or exit)
	-> Done reading data from chromosome will prepare next chromosome
	-> Is in multi sfs, will now read data from chr:JASDQU010013361.1
	-> hello Im the master merge part of realSFS. and I'll now do a tripple bypass to find intersect 
	-> 1) Will set iter according to chooseChr and start and stop, and possibly using -sites
	-> Only read nSites: 925770 will therefore prepare next chromosome (or exit)
	-> Done reading data from chromosome will prepare next chromosome
	-> Is in multi sfs, will now read data from chr:JASDQU010013370.1
	-> hello Im the master merge part of realSFS. and I'll now do a tripple bypass to find intersect 
	-> 1) Will set iter according to chooseChr and start and stop, and possibly using -sites
	-> Only read nSites: 927490 will therefore prepare next chromosome (or exit)
	-> Done reading data from chromosome will prepare next chromosome
	-> Is in multi sfs, will now read data from chr:JASDQU010013376.1
	-> hello Im the master merge part of realSFS. and I'll now do a tripple bypass to find intersect 
	-> 1) Will set iter according to chooseChr and start and stop, and possibly using -sites
	-> Only read nSites: 929550 will therefore prepare next chromosome (or exit)
	-> Done reading data from chromosome will prepare next chromosome
	-> Is in multi sfs, will now read data from chr:JASDQU010013380.1
	-> hello Im the master merge part of realSFS. and I'll now do a tripple bypass to find intersect 
	-> 1) Will set iter according to chooseChr and start and stop, and possibly using -sites
	-> Only read nSites: 932218 will therefore prepare next chromosome (or exit)
	-> Done reading data from chromosome will prepare next chromosome
	-> Is in multi sfs, will now read data from chr:JASDQU010013389.1
	-> hello Im the master merge part of realSFS. and I'll now do a tripple bypass to find intersect 
	-> 1) Will set iter according to chooseChr and start and stop, and possibly using -sites
	-> Only read nSites: 932351 will therefore prepare next chromosome (or exit)
	-> Done reading data from chromosome will prepare next chromosome
	-> Is in multi sfs, will now read data from chr:JASDQU010013398.1
	-> hello Im the master merge part of realSFS. and I'll now do a tripple bypass to find intersect 
	-> 1) Will set iter according to chooseChr and start and stop, and possibly using -sites
	-> Only read nSites: 932935 will therefore prepare next chromosome (or exit)
	-> Done reading data from chromosome will prepare next chromosome
	-> Is in multi sfs, will now read data from chr:JASDQU010013400.1
	-> hello Im the master merge part of realSFS. and I'll now do a tripple bypass to find intersect 
	-> 1) Will set iter according to chooseChr and start and stop, and possibly using -sites
	-> Only read nSites: 933560 will therefore prepare next chromosome (or exit)
	-> Done reading data from chromosome will prepare next chromosome
	-> Is in multi sfs, will now read data from chr:JASDQU010013404.1
	-> hello Im the master merge part of realSFS. and I'll now do a tripple bypass to find intersect 
	-> 1) Will set iter according to chooseChr and start and stop, and possibly using -sites
	-> Only read nSites: 933768 will therefore prepare next chromosome (or exit)
	-> Done reading data from chromosome will prepare next chromosome
	-> Is in multi sfs, will now read data from chr:JASDQU010013405.1
	-> hello Im the master merge part of realSFS. and I'll now do a tripple bypass to find intersect 
	-> 1) Will set iter according to chooseChr and start and stop, and possibly using -sites
	-> Only read nSites: 934124 will therefore prepare next chromosome (or exit)
	-> Done reading data from chromosome will prepare next chromosome
	-> Is in multi sfs, will now read data from chr:JASDQU010013410.1
	-> hello Im the master merge part of realSFS. and I'll now do a tripple bypass to find intersect 
	-> 1) Will set iter according to chooseChr and start and stop, and possibly using -sites
	-> Only read nSites: 934766 will therefore prepare next chromosome (or exit)
	-> Done reading data from chromosome will prepare next chromosome
	-> Is in multi sfs, will now read data from chr:JASDQU010013411.1
	-> hello Im the master merge part of realSFS. and I'll now do a tripple bypass to find intersect 
	-> 1) Will set iter according to chooseChr and start and stop, and possibly using -sites
	-> Only read nSites: 936928 will therefore prepare next chromosome (or exit)
	-> Done reading data from chromosome will prepare next chromosome
	-> Is in multi sfs, will now read data from chr:JASDQU010013415.1
	-> hello Im the master merge part of realSFS. and I'll now do a tripple bypass to find intersect 
	-> 1) Will set iter according to chooseChr and start and stop, and possibly using -sites
	-> Only read nSites: 937520 will therefore prepare next chromosome (or exit)
	-> Done reading data from chromosome will prepare next chromosome
	-> Is in multi sfs, will now read data from chr:JASDQU010013418.1
	-> hello Im the master merge part of realSFS. and I'll now do a tripple bypass to find intersect 
	-> 1) Will set iter according to chooseChr and start and stop, and possibly using -sites
	-> Only read nSites: 938550 will therefore prepare next chromosome (or exit)
	-> Done reading data from chromosome will prepare next chromosome
	-> Is in multi sfs, will now read data from chr:JASDQU010013421.1
	-> hello Im the master merge part of realSFS. and I'll now do a tripple bypass to find intersect 
	-> 1) Will set iter according to chooseChr and start and stop, and possibly using -sites
	-> Only read nSites: 939127 will therefore prepare next chromosome (or exit)
	-> Done reading data from chromosome will prepare next chromosome
	-> Is in multi sfs, will now read data from chr:JASDQU010013422.1
	-> hello Im the master merge part of realSFS. and I'll now do a tripple bypass to find intersect 
	-> 1) Will set iter according to chooseChr and start and stop, and possibly using -sites
	-> Only read nSites: 939507 will therefore prepare next chromosome (or exit)
	-> Done reading data from chromosome will prepare next chromosome
	-> Is in multi sfs, will now read data from chr:JASDQU010013423.1
	-> hello Im the master merge part of realSFS. and I'll now do a tripple bypass to find intersect 
	-> 1) Will set iter according to chooseChr and start and stop, and possibly using -sites
	-> Only read nSites: 940729 will therefore prepare next chromosome (or exit)
	-> Done reading data from chromosome will prepare next chromosome
	-> Is in multi sfs, will now read data from chr:JASDQU010013436.1
	-> hello Im the master merge part of realSFS. and I'll now do a tripple bypass to find intersect 
	-> 1) Will set iter according to chooseChr and start and stop, and possibly using -sites
	-> Only read nSites: 940964 will therefore prepare next chromosome (or exit)
	-> Done reading data from chromosome will prepare next chromosome
	-> Is in multi sfs, will now read data from chr:JASDQU010013441.1
	-> hello Im the master merge part of realSFS. and I'll now do a tripple bypass to find intersect 
	-> 1) Will set iter according to chooseChr and start and stop, and possibly using -sites
	-> Only read nSites: 942346 will therefore prepare next chromosome (or exit)
	-> Done reading data from chromosome will prepare next chromosome
	-> Is in multi sfs, will now read data from chr:JASDQU010013443.1
	-> hello Im the master merge part of realSFS. and I'll now do a tripple bypass to find intersect 
	-> 1) Will set iter according to chooseChr and start and stop, and possibly using -sites
	-> Only read nSites: 943140 will therefore prepare next chromosome (or exit)
	-> Done reading data from chromosome will prepare next chromosome
	-> Is in multi sfs, will now read data from chr:JASDQU010013444.1
	-> hello Im the master merge part of realSFS. and I'll now do a tripple bypass to find intersect 
	-> 1) Will set iter according to chooseChr and start and stop, and possibly using -sites
	-> Only read nSites: 943167 will therefore prepare next chromosome (or exit)
	-> Done reading data from chromosome will prepare next chromosome
	-> Is in multi sfs, will now read data from chr:JASDQU010013446.1
	-> hello Im the master merge part of realSFS. and I'll now do a tripple bypass to find intersect 
	-> 1) Will set iter according to chooseChr and start and stop, and possibly using -sites
	-> Only read nSites: 943472 will therefore prepare next chromosome (or exit)
	-> Done reading data from chromosome will prepare next chromosome
	-> Is in multi sfs, will now read data from chr:JASDQU010013452.1
	-> hello Im the master merge part of realSFS. and I'll now do a tripple bypass to find intersect 
	-> 1) Will set iter according to chooseChr and start and stop, and possibly using -sites
	-> Only read nSites: 943745 will therefore prepare next chromosome (or exit)
	-> Done reading data from chromosome will prepare next chromosome
	-> Is in multi sfs, will now read data from chr:JASDQU010013456.1
	-> hello Im the master merge part of realSFS. and I'll now do a tripple bypass to find intersect 
	-> 1) Will set iter according to chooseChr and start and stop, and possibly using -sites
	-> Only read nSites: 946224 will therefore prepare next chromosome (or exit)
	-> Done reading data from chromosome will prepare next chromosome
	-> Is in multi sfs, will now read data from chr:JASDQU010013459.1
	-> hello Im the master merge part of realSFS. and I'll now do a tripple bypass to find intersect 
	-> 1) Will set iter according to chooseChr and start and stop, and possibly using -sites
	-> Only read nSites: 946863 will therefore prepare next chromosome (or exit)
	-> Done reading data from chromosome will prepare next chromosome
	-> Is in multi sfs, will now read data from chr:JASDQU010013467.1
	-> hello Im the master merge part of realSFS. and I'll now do a tripple bypass to find intersect 
	-> 1) Will set iter according to chooseChr and start and stop, and possibly using -sites
	-> Only read nSites: 947376 will therefore prepare next chromosome (or exit)
	-> Done reading data from chromosome will prepare next chromosome
	-> Is in multi sfs, will now read data from chr:JASDQU010013474.1
	-> hello Im the master merge part of realSFS. and I'll now do a tripple bypass to find intersect 
	-> 1) Will set iter according to chooseChr and start and stop, and possibly using -sites
	-> Only read nSites: 947860 will therefore prepare next chromosome (or exit)
	-> Done reading data from chromosome will prepare next chromosome
	-> Is in multi sfs, will now read data from chr:JASDQU010013477.1
	-> hello Im the master merge part of realSFS. and I'll now do a tripple bypass to find intersect 
	-> 1) Will set iter according to chooseChr and start and stop, and possibly using -sites
	-> Only read nSites: 953148 will therefore prepare next chromosome (or exit)
	-> Done reading data from chromosome will prepare next chromosome
	-> Is in multi sfs, will now read data from chr:JASDQU010013484.1
	-> hello Im the master merge part of realSFS. and I'll now do a tripple bypass to find intersect 
	-> 1) Will set iter according to chooseChr and start and stop, and possibly using -sites
	-> Only read nSites: 953581 will therefore prepare next chromosome (or exit)
	-> Done reading data from chromosome will prepare next chromosome
	-> Is in multi sfs, will now read data from chr:JASDQU010013498.1
	-> hello Im the master merge part of realSFS. and I'll now do a tripple bypass to find intersect 
	-> 1) Will set iter according to chooseChr and start and stop, and possibly using -sites
	-> Only read nSites: 955633 will therefore prepare next chromosome (or exit)
	-> Done reading data from chromosome will prepare next chromosome
	-> Is in multi sfs, will now read data from chr:JASDQU010013499.1
	-> hello Im the master merge part of realSFS. and I'll now do a tripple bypass to find intersect 
	-> 1) Will set iter according to chooseChr and start and stop, and possibly using -sites
	-> Only read nSites: 955713 will therefore prepare next chromosome (or exit)
	-> Done reading data from chromosome will prepare next chromosome
	-> Is in multi sfs, will now read data from chr:JASDQU010013500.1
	-> hello Im the master merge part of realSFS. and I'll now do a tripple bypass to find intersect 
	-> 1) Will set iter according to chooseChr and start and stop, and possibly using -sites
	-> Only read nSites: 956751 will therefore prepare next chromosome (or exit)
	-> Done reading data from chromosome will prepare next chromosome
	-> Is in multi sfs, will now read data from chr:JASDQU010013504.1
	-> hello Im the master merge part of realSFS. and I'll now do a tripple bypass to find intersect 
	-> 1) Will set iter according to chooseChr and start and stop, and possibly using -sites
	-> Only read nSites: 959938 will therefore prepare next chromosome (or exit)
	-> Done reading data from chromosome will prepare next chromosome
	-> Is in multi sfs, will now read data from chr:JASDQU010013510.1
	-> hello Im the master merge part of realSFS. and I'll now do a tripple bypass to find intersect 
	-> 1) Will set iter according to chooseChr and start and stop, and possibly using -sites
	-> Only read nSites: 960536 will therefore prepare next chromosome (or exit)
	-> Done reading data from chromosome will prepare next chromosome
	-> Is in multi sfs, will now read data from chr:JASDQU010013515.1
	-> hello Im the master merge part of realSFS. and I'll now do a tripple bypass to find intersect 
	-> 1) Will set iter according to chooseChr and start and stop, and possibly using -sites
	-> Only read nSites: 962803 will therefore prepare next chromosome (or exit)
	-> Done reading data from chromosome will prepare next chromosome
	-> Is in multi sfs, will now read data from chr:JASDQU010013525.1
	-> hello Im the master merge part of realSFS. and I'll now do a tripple bypass to find intersect 
	-> 1) Will set iter according to chooseChr and start and stop, and possibly using -sites
	-> Only read nSites: 963643 will therefore prepare next chromosome (or exit)
	-> Done reading data from chromosome will prepare next chromosome
	-> Is in multi sfs, will now read data from chr:JASDQU010013536.1
	-> hello Im the master merge part of realSFS. and I'll now do a tripple bypass to find intersect 
	-> 1) Will set iter according to chooseChr and start and stop, and possibly using -sites
	-> Only read nSites: 964970 will therefore prepare next chromosome (or exit)
	-> Done reading data from chromosome will prepare next chromosome
	-> Is in multi sfs, will now read data from chr:JASDQU010013537.1
	-> hello Im the master merge part of realSFS. and I'll now do a tripple bypass to find intersect 
	-> 1) Will set iter according to chooseChr and start and stop, and possibly using -sites
	-> Only read nSites: 966111 will therefore prepare next chromosome (or exit)
	-> Done reading data from chromosome will prepare next chromosome
	-> Is in multi sfs, will now read data from chr:JASDQU010013542.1
	-> hello Im the master merge part of realSFS. and I'll now do a tripple bypass to find intersect 
	-> 1) Will set iter according to chooseChr and start and stop, and possibly using -sites
	-> Only read nSites: 967217 will therefore prepare next chromosome (or exit)
	-> Done reading data from chromosome will prepare next chromosome
	-> Is in multi sfs, will now read data from chr:JASDQU010013546.1
	-> hello Im the master merge part of realSFS. and I'll now do a tripple bypass to find intersect 
	-> 1) Will set iter according to chooseChr and start and stop, and possibly using -sites
	-> Only read nSites: 967732 will therefore prepare next chromosome (or exit)
	-> Done reading data from chromosome will prepare next chromosome
	-> Is in multi sfs, will now read data from chr:JASDQU010013547.1
	-> hello Im the master merge part of realSFS. and I'll now do a tripple bypass to find intersect 
	-> 1) Will set iter according to chooseChr and start and stop, and possibly using -sites
	-> Only read nSites: 968019 will therefore prepare next chromosome (or exit)
	-> Done reading data from chromosome will prepare next chromosome
	-> Is in multi sfs, will now read data from chr:JASDQU010013551.1
	-> hello Im the master merge part of realSFS. and I'll now do a tripple bypass to find intersect 
	-> 1) Will set iter according to chooseChr and start and stop, and possibly using -sites
	-> Only read nSites: 969165 will therefore prepare next chromosome (or exit)
	-> Done reading data from chromosome will prepare next chromosome
	-> Is in multi sfs, will now read data from chr:JASDQU010013570.1
	-> hello Im the master merge part of realSFS. and I'll now do a tripple bypass to find intersect 
	-> 1) Will set iter according to chooseChr and start and stop, and possibly using -sites
	-> Only read nSites: 970664 will therefore prepare next chromosome (or exit)
	-> Done reading data from chromosome will prepare next chromosome
	-> Is in multi sfs, will now read data from chr:JASDQU010013573.1
	-> hello Im the master merge part of realSFS. and I'll now do a tripple bypass to find intersect 
	-> 1) Will set iter according to chooseChr and start and stop, and possibly using -sites
	-> Only read nSites: 973723 will therefore prepare next chromosome (or exit)
	-> Done reading data from chromosome will prepare next chromosome
	-> Is in multi sfs, will now read data from chr:JASDQU010013577.1
	-> hello Im the master merge part of realSFS. and I'll now do a tripple bypass to find intersect 
	-> 1) Will set iter according to chooseChr and start and stop, and possibly using -sites
	-> Only read nSites: 974937 will therefore prepare next chromosome (or exit)
	-> Done reading data from chromosome will prepare next chromosome
	-> Is in multi sfs, will now read data from chr:JASDQU010013582.1
	-> hello Im the master merge part of realSFS. and I'll now do a tripple bypass to find intersect 
	-> 1) Will set iter according to chooseChr and start and stop, and possibly using -sites
	-> Only read nSites: 975481 will therefore prepare next chromosome (or exit)
	-> Done reading data from chromosome will prepare next chromosome
	-> Is in multi sfs, will now read data from chr:JASDQU010013585.1
	-> hello Im the master merge part of realSFS. and I'll now do a tripple bypass to find intersect 
	-> 1) Will set iter according to chooseChr and start and stop, and possibly using -sites
	-> Only read nSites: 976301 will therefore prepare next chromosome (or exit)
	-> Done reading data from chromosome will prepare next chromosome
	-> Is in multi sfs, will now read data from chr:JASDQU010013587.1
	-> hello Im the master merge part of realSFS. and I'll now do a tripple bypass to find intersect 
	-> 1) Will set iter according to chooseChr and start and stop, and possibly using -sites
	-> Only read nSites: 976591 will therefore prepare next chromosome (or exit)
	-> Done reading data from chromosome will prepare next chromosome
	-> Is in multi sfs, will now read data from chr:JASDQU010013590.1
	-> hello Im the master merge part of realSFS. and I'll now do a tripple bypass to find intersect 
	-> 1) Will set iter according to chooseChr and start and stop, and possibly using -sites
	-> Only read nSites: 977041 will therefore prepare next chromosome (or exit)
	-> Done reading data from chromosome will prepare next chromosome
	-> Is in multi sfs, will now read data from chr:JASDQU010013593.1
	-> hello Im the master merge part of realSFS. and I'll now do a tripple bypass to find intersect 
	-> 1) Will set iter according to chooseChr and start and stop, and possibly using -sites
	-> Only read nSites: 978366 will therefore prepare next chromosome (or exit)
	-> Done reading data from chromosome will prepare next chromosome
	-> Is in multi sfs, will now read data from chr:JASDQU010013604.1
	-> hello Im the master merge part of realSFS. and I'll now do a tripple bypass to find intersect 
	-> 1) Will set iter according to chooseChr and start and stop, and possibly using -sites
	-> Only read nSites: 979609 will therefore prepare next chromosome (or exit)
	-> Done reading data from chromosome will prepare next chromosome
	-> Is in multi sfs, will now read data from chr:JASDQU010013607.1
	-> hello Im the master merge part of realSFS. and I'll now do a tripple bypass to find intersect 
	-> 1) Will set iter according to chooseChr and start and stop, and possibly using -sites
	-> Only read nSites: 980275 will therefore prepare next chromosome (or exit)
	-> Done reading data from chromosome will prepare next chromosome
	-> Is in multi sfs, will now read data from chr:JASDQU010013608.1
	-> hello Im the master merge part of realSFS. and I'll now do a tripple bypass to find intersect 
	-> 1) Will set iter according to chooseChr and start and stop, and possibly using -sites
	-> Only read nSites: 981867 will therefore prepare next chromosome (or exit)
	-> Done reading data from chromosome will prepare next chromosome
	-> Is in multi sfs, will now read data from chr:JASDQU010013627.1
	-> hello Im the master merge part of realSFS. and I'll now do a tripple bypass to find intersect 
	-> 1) Will set iter according to chooseChr and start and stop, and possibly using -sites
	-> Only read nSites: 983722 will therefore prepare next chromosome (or exit)
	-> Done reading data from chromosome will prepare next chromosome
	-> Is in multi sfs, will now read data from chr:JASDQU010013629.1
	-> hello Im the master merge part of realSFS. and I'll now do a tripple bypass to find intersect 
	-> 1) Will set iter according to chooseChr and start and stop, and possibly using -sites
	-> Only read nSites: 985016 will therefore prepare next chromosome (or exit)
	-> Done reading data from chromosome will prepare next chromosome
	-> Is in multi sfs, will now read data from chr:JASDQU010013634.1
	-> hello Im the master merge part of realSFS. and I'll now do a tripple bypass to find intersect 
	-> 1) Will set iter according to chooseChr and start and stop, and possibly using -sites
	-> Only read nSites: 986598 will therefore prepare next chromosome (or exit)
	-> Done reading data from chromosome will prepare next chromosome
	-> Is in multi sfs, will now read data from chr:JASDQU010013640.1
	-> hello Im the master merge part of realSFS. and I'll now do a tripple bypass to find intersect 
	-> 1) Will set iter according to chooseChr and start and stop, and possibly using -sites
	-> Only read nSites: 988152 will therefore prepare next chromosome (or exit)
	-> Done reading data from chromosome will prepare next chromosome
	-> Is in multi sfs, will now read data from chr:JASDQU010013654.1
	-> hello Im the master merge part of realSFS. and I'll now do a tripple bypass to find intersect 
	-> 1) Will set iter according to chooseChr and start and stop, and possibly using -sites
	-> Only read nSites: 990109 will therefore prepare next chromosome (or exit)
	-> Done reading data from chromosome will prepare next chromosome
	-> Is in multi sfs, will now read data from chr:JASDQU010013657.1
	-> hello Im the master merge part of realSFS. and I'll now do a tripple bypass to find intersect 
	-> 1) Will set iter according to chooseChr and start and stop, and possibly using -sites
	-> Only read nSites: 990218 will therefore prepare next chromosome (or exit)
	-> Done reading data from chromosome will prepare next chromosome
	-> Is in multi sfs, will now read data from chr:JASDQU010013660.1
	-> hello Im the master merge part of realSFS. and I'll now do a tripple bypass to find intersect 
	-> 1) Will set iter according to chooseChr and start and stop, and possibly using -sites
	-> Only read nSites: 992888 will therefore prepare next chromosome (or exit)
	-> Done reading data from chromosome will prepare next chromosome
	-> Is in multi sfs, will now read data from chr:JASDQU010013667.1
	-> hello Im the master merge part of realSFS. and I'll now do a tripple bypass to find intersect 
	-> 1) Will set iter according to chooseChr and start and stop, and possibly using -sites
	-> Only read nSites: 995322 will therefore prepare next chromosome (or exit)
	-> Done reading data from chromosome will prepare next chromosome
	-> Is in multi sfs, will now read data from chr:JASDQU010013668.1
	-> hello Im the master merge part of realSFS. and I'll now do a tripple bypass to find intersect 
	-> 1) Will set iter according to chooseChr and start and stop, and possibly using -sites
	-> Only read nSites: 996200 will therefore prepare next chromosome (or exit)
	-> Done reading data from chromosome will prepare next chromosome
	-> Is in multi sfs, will now read data from chr:JASDQU010013674.1
	-> hello Im the master merge part of realSFS. and I'll now do a tripple bypass to find intersect 
	-> 1) Will set iter according to chooseChr and start and stop, and possibly using -sites
	-> Only read nSites: 997674 will therefore prepare next chromosome (or exit)
	-> Done reading data from chromosome will prepare next chromosome
	-> Is in multi sfs, will now read data from chr:JASDQU010013690.1
	-> hello Im the master merge part of realSFS. and I'll now do a tripple bypass to find intersect 
	-> 1) Will set iter according to chooseChr and start and stop, and possibly using -sites
	-> Only read nSites: 999673 will therefore prepare next chromosome (or exit)
	-> Done reading data from chromosome will prepare next chromosome
	-> Is in multi sfs, will now read data from chr:JASDQU010013693.1
	-> hello Im the master merge part of realSFS. and I'll now do a tripple bypass to find intersect 
	-> 1) Will set iter according to chooseChr and start and stop, and possibly using -sites
	-> Only read nSites: 1003125 will therefore prepare next chromosome (or exit)
	-> Done reading data from chromosome will prepare next chromosome
	-> Is in multi sfs, will now read data from chr:JASDQU010013698.1
	-> hello Im the master merge part of realSFS. and I'll now do a tripple bypass to find intersect 
	-> 1) Will set iter according to chooseChr and start and stop, and possibly using -sites
	-> Only read nSites: 1004267 will therefore prepare next chromosome (or exit)
	-> Done reading data from chromosome will prepare next chromosome
	-> Is in multi sfs, will now read data from chr:JASDQU010013707.1
	-> hello Im the master merge part of realSFS. and I'll now do a tripple bypass to find intersect 
	-> 1) Will set iter according to chooseChr and start and stop, and possibly using -sites
	-> Only read nSites: 1005095 will therefore prepare next chromosome (or exit)
	-> Done reading data from chromosome will prepare next chromosome
	-> Is in multi sfs, will now read data from chr:JASDQU010013712.1
	-> hello Im the master merge part of realSFS. and I'll now do a tripple bypass to find intersect 
	-> 1) Will set iter according to chooseChr and start and stop, and possibly using -sites
	-> Only read nSites: 1006109 will therefore prepare next chromosome (or exit)
	-> Done reading data from chromosome will prepare next chromosome
	-> Is in multi sfs, will now read data from chr:JASDQU010013719.1
	-> hello Im the master merge part of realSFS. and I'll now do a tripple bypass to find intersect 
	-> 1) Will set iter according to chooseChr and start and stop, and possibly using -sites
	-> Only read nSites: 1010052 will therefore prepare next chromosome (or exit)
	-> Done reading data from chromosome will prepare next chromosome
	-> Is in multi sfs, will now read data from chr:JASDQU010013720.1
	-> hello Im the master merge part of realSFS. and I'll now do a tripple bypass to find intersect 
	-> 1) Will set iter according to chooseChr and start and stop, and possibly using -sites
	-> Only read nSites: 1012966 will therefore prepare next chromosome (or exit)
	-> Done reading data from chromosome will prepare next chromosome
	-> Is in multi sfs, will now read data from chr:JASDQU010013726.1
	-> hello Im the master merge part of realSFS. and I'll now do a tripple bypass to find intersect 
	-> 1) Will set iter according to chooseChr and start and stop, and possibly using -sites
	-> Only read nSites: 1015985 will therefore prepare next chromosome (or exit)
	-> Done reading data from chromosome will prepare next chromosome
	-> Is in multi sfs, will now read data from chr:JASDQU010013735.1
	-> hello Im the master merge part of realSFS. and I'll now do a tripple bypass to find intersect 
	-> 1) Will set iter according to chooseChr and start and stop, and possibly using -sites
	-> Only read nSites: 1016806 will therefore prepare next chromosome (or exit)
	-> Done reading data from chromosome will prepare next chromosome
	-> Is in multi sfs, will now read data from chr:JASDQU010013740.1
	-> hello Im the master merge part of realSFS. and I'll now do a tripple bypass to find intersect 
	-> 1) Will set iter according to chooseChr and start and stop, and possibly using -sites
	-> Only read nSites: 1021308 will therefore prepare next chromosome (or exit)
	-> Done reading data from chromosome will prepare next chromosome
	-> Is in multi sfs, will now read data from chr:JASDQU010013743.1
	-> hello Im the master merge part of realSFS. and I'll now do a tripple bypass to find intersect 
	-> 1) Will set iter according to chooseChr and start and stop, and possibly using -sites
	-> Only read nSites: 1021356 will therefore prepare next chromosome (or exit)
	-> Done reading data from chromosome will prepare next chromosome
	-> Is in multi sfs, will now read data from chr:JASDQU010013749.1
	-> hello Im the master merge part of realSFS. and I'll now do a tripple bypass to find intersect 
	-> 1) Will set iter according to chooseChr and start and stop, and possibly using -sites
	-> Only read nSites: 1022025 will therefore prepare next chromosome (or exit)
	-> Done reading data from chromosome will prepare next chromosome
	-> Is in multi sfs, will now read data from chr:JASDQU010013750.1
	-> hello Im the master merge part of realSFS. and I'll now do a tripple bypass to find intersect 
	-> 1) Will set iter according to chooseChr and start and stop, and possibly using -sites
	-> Only read nSites: 1023032 will therefore prepare next chromosome (or exit)
	-> Done reading data from chromosome will prepare next chromosome
	-> Is in multi sfs, will now read data from chr:JASDQU010013755.1
	-> hello Im the master merge part of realSFS. and I'll now do a tripple bypass to find intersect 
	-> 1) Will set iter according to chooseChr and start and stop, and possibly using -sites
	-> Only read nSites: 1023184 will therefore prepare next chromosome (or exit)
	-> Done reading data from chromosome will prepare next chromosome
	-> Is in multi sfs, will now read data from chr:JASDQU010013776.1
	-> hello Im the master merge part of realSFS. and I'll now do a tripple bypass to find intersect 
	-> 1) Will set iter according to chooseChr and start and stop, and possibly using -sites
	-> Only read nSites: 1024523 will therefore prepare next chromosome (or exit)
	-> Done reading data from chromosome will prepare next chromosome
	-> Is in multi sfs, will now read data from chr:JASDQU010013780.1
	-> hello Im the master merge part of realSFS. and I'll now do a tripple bypass to find intersect 
	-> 1) Will set iter according to chooseChr and start and stop, and possibly using -sites
	-> Only read nSites: 1025915 will therefore prepare next chromosome (or exit)
	-> Done reading data from chromosome will prepare next chromosome
	-> Is in multi sfs, will now read data from chr:JASDQU010013781.1
	-> hello Im the master merge part of realSFS. and I'll now do a tripple bypass to find intersect 
	-> 1) Will set iter according to chooseChr and start and stop, and possibly using -sites
	-> Only read nSites: 1027060 will therefore prepare next chromosome (or exit)
	-> Done reading data from chromosome will prepare next chromosome
	-> Is in multi sfs, will now read data from chr:JASDQU010013782.1
	-> hello Im the master merge part of realSFS. and I'll now do a tripple bypass to find intersect 
	-> 1) Will set iter according to chooseChr and start and stop, and possibly using -sites
	-> Only read nSites: 1028351 will therefore prepare next chromosome (or exit)
	-> Done reading data from chromosome will prepare next chromosome
	-> Is in multi sfs, will now read data from chr:JASDQU010013785.1
	-> hello Im the master merge part of realSFS. and I'll now do a tripple bypass to find intersect 
	-> 1) Will set iter according to chooseChr and start and stop, and possibly using -sites
	-> Only read nSites: 1028514 will therefore prepare next chromosome (or exit)
	-> Done reading data from chromosome will prepare next chromosome
	-> Is in multi sfs, will now read data from chr:JASDQU010013788.1
	-> hello Im the master merge part of realSFS. and I'll now do a tripple bypass to find intersect 
	-> 1) Will set iter according to chooseChr and start and stop, and possibly using -sites
	-> Only read nSites: 1029979 will therefore prepare next chromosome (or exit)
	-> Done reading data from chromosome will prepare next chromosome
	-> Is in multi sfs, will now read data from chr:JASDQU010013789.1
	-> hello Im the master merge part of realSFS. and I'll now do a tripple bypass to find intersect 
	-> 1) Will set iter according to chooseChr and start and stop, and possibly using -sites
	-> Only read nSites: 1031013 will therefore prepare next chromosome (or exit)
	-> Done reading data from chromosome will prepare next chromosome
	-> Is in multi sfs, will now read data from chr:JASDQU010013799.1
	-> hello Im the master merge part of realSFS. and I'll now do a tripple bypass to find intersect 
	-> 1) Will set iter according to chooseChr and start and stop, and possibly using -sites
	-> Only read nSites: 1031227 will therefore prepare next chromosome (or exit)
	-> Done reading data from chromosome will prepare next chromosome
	-> Is in multi sfs, will now read data from chr:JASDQU010013800.1
	-> hello Im the master merge part of realSFS. and I'll now do a tripple bypass to find intersect 
	-> 1) Will set iter according to chooseChr and start and stop, and possibly using -sites
	-> Only read nSites: 1032514 will therefore prepare next chromosome (or exit)
	-> Done reading data from chromosome will prepare next chromosome
	-> Is in multi sfs, will now read data from chr:JASDQU010013806.1
	-> hello Im the master merge part of realSFS. and I'll now do a tripple bypass to find intersect 
	-> 1) Will set iter according to chooseChr and start and stop, and possibly using -sites
	-> Only read nSites: 1037004 will therefore prepare next chromosome (or exit)
	-> Done reading data from chromosome will prepare next chromosome
	-> Is in multi sfs, will now read data from chr:JASDQU010013808.1
	-> hello Im the master merge part of realSFS. and I'll now do a tripple bypass to find intersect 
	-> 1) Will set iter according to chooseChr and start and stop, and possibly using -sites
	-> Only read nSites: 1038881 will therefore prepare next chromosome (or exit)
	-> Done reading data from chromosome will prepare next chromosome
	-> Is in multi sfs, will now read data from chr:JASDQU010013809.1
	-> hello Im the master merge part of realSFS. and I'll now do a tripple bypass to find intersect 
	-> 1) Will set iter according to chooseChr and start and stop, and possibly using -sites
	-> Only read nSites: 1039884 will therefore prepare next chromosome (or exit)
	-> Done reading data from chromosome will prepare next chromosome
	-> Is in multi sfs, will now read data from chr:JASDQU010013817.1
	-> hello Im the master merge part of realSFS. and I'll now do a tripple bypass to find intersect 
	-> 1) Will set iter according to chooseChr and start and stop, and possibly using -sites
	-> Only read nSites: 1040262 will therefore prepare next chromosome (or exit)
	-> Done reading data from chromosome will prepare next chromosome
	-> Is in multi sfs, will now read data from chr:JASDQU010013826.1
	-> hello Im the master merge part of realSFS. and I'll now do a tripple bypass to find intersect 
	-> 1) Will set iter according to chooseChr and start and stop, and possibly using -sites
	-> Only read nSites: 1041188 will therefore prepare next chromosome (or exit)
	-> Done reading data from chromosome will prepare next chromosome
	-> Is in multi sfs, will now read data from chr:JASDQU010013827.1
	-> hello Im the master merge part of realSFS. and I'll now do a tripple bypass to find intersect 
	-> 1) Will set iter according to chooseChr and start and stop, and possibly using -sites
	-> Only read nSites: 1041861 will therefore prepare next chromosome (or exit)
	-> Done reading data from chromosome will prepare next chromosome
	-> Is in multi sfs, will now read data from chr:JASDQU010013830.1
	-> hello Im the master merge part of realSFS. and I'll now do a tripple bypass to find intersect 
	-> 1) Will set iter according to chooseChr and start and stop, and possibly using -sites
	-> Only read nSites: 1041926 will therefore prepare next chromosome (or exit)
	-> Done reading data from chromosome will prepare next chromosome
	-> Is in multi sfs, will now read data from chr:JASDQU010013832.1
	-> hello Im the master merge part of realSFS. and I'll now do a tripple bypass to find intersect 
	-> 1) Will set iter according to chooseChr and start and stop, and possibly using -sites
	-> Only read nSites: 1042126 will therefore prepare next chromosome (or exit)
	-> Done reading data from chromosome will prepare next chromosome
	-> Is in multi sfs, will now read data from chr:JASDQU010013834.1
	-> hello Im the master merge part of realSFS. and I'll now do a tripple bypass to find intersect 
	-> 1) Will set iter according to chooseChr and start and stop, and possibly using -sites
	-> Only read nSites: 1043030 will therefore prepare next chromosome (or exit)
	-> Done reading data from chromosome will prepare next chromosome
	-> Is in multi sfs, will now read data from chr:JASDQU010013845.1
	-> hello Im the master merge part of realSFS. and I'll now do a tripple bypass to find intersect 
	-> 1) Will set iter according to chooseChr and start and stop, and possibly using -sites
	-> Only read nSites: 1047154 will therefore prepare next chromosome (or exit)
	-> Done reading data from chromosome will prepare next chromosome
	-> Is in multi sfs, will now read data from chr:JASDQU010013848.1
	-> hello Im the master merge part of realSFS. and I'll now do a tripple bypass to find intersect 
	-> 1) Will set iter according to chooseChr and start and stop, and possibly using -sites
	-> Only read nSites: 1047728 will therefore prepare next chromosome (or exit)
	-> Done reading data from chromosome will prepare next chromosome
	-> Is in multi sfs, will now read data from chr:JASDQU010013851.1
	-> hello Im the master merge part of realSFS. and I'll now do a tripple bypass to find intersect 
	-> 1) Will set iter according to chooseChr and start and stop, and possibly using -sites
	-> Only read nSites: 1048641 will therefore prepare next chromosome (or exit)
	-> Done reading data from chromosome will prepare next chromosome
	-> Is in multi sfs, will now read data from chr:JASDQU010013854.1
	-> hello Im the master merge part of realSFS. and I'll now do a tripple bypass to find intersect 
	-> 1) Will set iter according to chooseChr and start and stop, and possibly using -sites
	-> Only read nSites: 1049499 will therefore prepare next chromosome (or exit)
	-> Done reading data from chromosome will prepare next chromosome
	-> Is in multi sfs, will now read data from chr:JASDQU010013863.1
	-> hello Im the master merge part of realSFS. and I'll now do a tripple bypass to find intersect 
	-> 1) Will set iter according to chooseChr and start and stop, and possibly using -sites
	-> Only read nSites: 1049802 will therefore prepare next chromosome (or exit)
	-> Done reading data from chromosome will prepare next chromosome
	-> Is in multi sfs, will now read data from chr:JASDQU010013864.1
	-> hello Im the master merge part of realSFS. and I'll now do a tripple bypass to find intersect 
	-> 1) Will set iter according to chooseChr and start and stop, and possibly using -sites
	-> Only read nSites: 1054256 will therefore prepare next chromosome (or exit)
	-> Done reading data from chromosome will prepare next chromosome
	-> Is in multi sfs, will now read data from chr:JASDQU010013873.1
	-> hello Im the master merge part of realSFS. and I'll now do a tripple bypass to find intersect 
	-> 1) Will set iter according to chooseChr and start and stop, and possibly using -sites
	-> Only read nSites: 1054396 will therefore prepare next chromosome (or exit)
	-> Done reading data from chromosome will prepare next chromosome
	-> Is in multi sfs, will now read data from chr:JASDQU010013874.1
	-> hello Im the master merge part of realSFS. and I'll now do a tripple bypass to find intersect 
	-> 1) Will set iter according to chooseChr and start and stop, and possibly using -sites
	-> Only read nSites: 1054785 will therefore prepare next chromosome (or exit)
	-> Done reading data from chromosome will prepare next chromosome
	-> Is in multi sfs, will now read data from chr:JASDQU010013885.1
	-> hello Im the master merge part of realSFS. and I'll now do a tripple bypass to find intersect 
	-> 1) Will set iter according to chooseChr and start and stop, and possibly using -sites
	-> Only read nSites: 1054915 will therefore prepare next chromosome (or exit)
	-> Done reading data from chromosome will prepare next chromosome
	-> Is in multi sfs, will now read data from chr:JASDQU010013886.1
	-> hello Im the master merge part of realSFS. and I'll now do a tripple bypass to find intersect 
	-> 1) Will set iter according to chooseChr and start and stop, and possibly using -sites
	-> Only read nSites: 1055351 will therefore prepare next chromosome (or exit)
	-> Done reading data from chromosome will prepare next chromosome
	-> Is in multi sfs, will now read data from chr:JASDQU010013892.1
	-> hello Im the master merge part of realSFS. and I'll now do a tripple bypass to find intersect 
	-> 1) Will set iter according to chooseChr and start and stop, and possibly using -sites
	-> Only read nSites: 1059285 will therefore prepare next chromosome (or exit)
	-> Done reading data from chromosome will prepare next chromosome
	-> Is in multi sfs, will now read data from chr:JASDQU010013895.1
	-> hello Im the master merge part of realSFS. and I'll now do a tripple bypass to find intersect 
	-> 1) Will set iter according to chooseChr and start and stop, and possibly using -sites
	-> Only read nSites: 1060600 will therefore prepare next chromosome (or exit)
	-> Done reading data from chromosome will prepare next chromosome
	-> Is in multi sfs, will now read data from chr:JASDQU010013911.1
	-> hello Im the master merge part of realSFS. and I'll now do a tripple bypass to find intersect 
	-> 1) Will set iter according to chooseChr and start and stop, and possibly using -sites
	-> Only read nSites: 1062586 will therefore prepare next chromosome (or exit)
	-> Done reading data from chromosome will prepare next chromosome
	-> Is in multi sfs, will now read data from chr:JASDQU010013921.1
	-> hello Im the master merge part of realSFS. and I'll now do a tripple bypass to find intersect 
	-> 1) Will set iter according to chooseChr and start and stop, and possibly using -sites
	-> Only read nSites: 1062640 will therefore prepare next chromosome (or exit)
	-> Done reading data from chromosome will prepare next chromosome
	-> Is in multi sfs, will now read data from chr:JASDQU010013929.1
	-> hello Im the master merge part of realSFS. and I'll now do a tripple bypass to find intersect 
	-> 1) Will set iter according to chooseChr and start and stop, and possibly using -sites
	-> Only read nSites: 1063164 will therefore prepare next chromosome (or exit)
	-> Done reading data from chromosome will prepare next chromosome
	-> Is in multi sfs, will now read data from chr:JASDQU010013931.1
	-> hello Im the master merge part of realSFS. and I'll now do a tripple bypass to find intersect 
	-> 1) Will set iter according to chooseChr and start and stop, and possibly using -sites
	-> Only read nSites: 1071484 will therefore prepare next chromosome (or exit)
	-> Done reading data from chromosome will prepare next chromosome
	-> Is in multi sfs, will now read data from chr:JASDQU010013934.1
	-> hello Im the master merge part of realSFS. and I'll now do a tripple bypass to find intersect 
	-> 1) Will set iter according to chooseChr and start and stop, and possibly using -sites
	-> Only read nSites: 1073848 will therefore prepare next chromosome (or exit)
	-> Done reading data from chromosome will prepare next chromosome
	-> Is in multi sfs, will now read data from chr:JASDQU010013938.1
	-> hello Im the master merge part of realSFS. and I'll now do a tripple bypass to find intersect 
	-> 1) Will set iter according to chooseChr and start and stop, and possibly using -sites
	-> Only read nSites: 1076354 will therefore prepare next chromosome (or exit)
	-> Done reading data from chromosome will prepare next chromosome
	-> Is in multi sfs, will now read data from chr:JASDQU010013948.1
	-> hello Im the master merge part of realSFS. and I'll now do a tripple bypass to find intersect 
	-> 1) Will set iter according to chooseChr and start and stop, and possibly using -sites
	-> Only read nSites: 1076945 will therefore prepare next chromosome (or exit)
	-> Done reading data from chromosome will prepare next chromosome
	-> Is in multi sfs, will now read data from chr:JASDQU010013955.1
	-> hello Im the master merge part of realSFS. and I'll now do a tripple bypass to find intersect 
	-> 1) Will set iter according to chooseChr and start and stop, and possibly using -sites
	-> Only read nSites: 1080829 will therefore prepare next chromosome (or exit)
	-> Done reading data from chromosome will prepare next chromosome
	-> Is in multi sfs, will now read data from chr:JASDQU010013956.1
	-> hello Im the master merge part of realSFS. and I'll now do a tripple bypass to find intersect 
	-> 1) Will set iter according to chooseChr and start and stop, and possibly using -sites
	-> Only read nSites: 1082602 will therefore prepare next chromosome (or exit)
	-> Done reading data from chromosome will prepare next chromosome
	-> Is in multi sfs, will now read data from chr:JASDQU010013959.1
	-> hello Im the master merge part of realSFS. and I'll now do a tripple bypass to find intersect 
	-> 1) Will set iter according to chooseChr and start and stop, and possibly using -sites
	-> Only read nSites: 1083198 will therefore prepare next chromosome (or exit)
	-> Done reading data from chromosome will prepare next chromosome
	-> Is in multi sfs, will now read data from chr:JASDQU010013964.1
	-> hello Im the master merge part of realSFS. and I'll now do a tripple bypass to find intersect 
	-> 1) Will set iter according to chooseChr and start and stop, and possibly using -sites
	-> Only read nSites: 1084432 will therefore prepare next chromosome (or exit)
	-> Done reading data from chromosome will prepare next chromosome
	-> Is in multi sfs, will now read data from chr:JASDQU010013969.1
	-> hello Im the master merge part of realSFS. and I'll now do a tripple bypass to find intersect 
	-> 1) Will set iter according to chooseChr and start and stop, and possibly using -sites
	-> Only read nSites: 1085162 will therefore prepare next chromosome (or exit)
	-> Done reading data from chromosome will prepare next chromosome
	-> Is in multi sfs, will now read data from chr:JASDQU010013970.1
	-> hello Im the master merge part of realSFS. and I'll now do a tripple bypass to find intersect 
	-> 1) Will set iter according to chooseChr and start and stop, and possibly using -sites
	-> Only read nSites: 1086309 will therefore prepare next chromosome (or exit)
	-> Done reading data from chromosome will prepare next chromosome
	-> Is in multi sfs, will now read data from chr:JASDQU010013972.1
	-> hello Im the master merge part of realSFS. and I'll now do a tripple bypass to find intersect 
	-> 1) Will set iter according to chooseChr and start and stop, and possibly using -sites
	-> Only read nSites: 1087526 will therefore prepare next chromosome (or exit)
	-> Done reading data from chromosome will prepare next chromosome
	-> Is in multi sfs, will now read data from chr:JASDQU010013974.1
	-> hello Im the master merge part of realSFS. and I'll now do a tripple bypass to find intersect 
	-> 1) Will set iter according to chooseChr and start and stop, and possibly using -sites
	-> Only read nSites: 1087813 will therefore prepare next chromosome (or exit)
	-> Done reading data from chromosome will prepare next chromosome
	-> Is in multi sfs, will now read data from chr:JASDQU010013978.1
	-> hello Im the master merge part of realSFS. and I'll now do a tripple bypass to find intersect 
	-> 1) Will set iter according to chooseChr and start and stop, and possibly using -sites
	-> Only read nSites: 1089437 will therefore prepare next chromosome (or exit)
	-> Done reading data from chromosome will prepare next chromosome
	-> Is in multi sfs, will now read data from chr:JASDQU010013981.1
	-> hello Im the master merge part of realSFS. and I'll now do a tripple bypass to find intersect 
	-> 1) Will set iter according to chooseChr and start and stop, and possibly using -sites
	-> Only read nSites: 1090411 will therefore prepare next chromosome (or exit)
	-> Done reading data from chromosome will prepare next chromosome
	-> Is in multi sfs, will now read data from chr:JASDQU010013986.1
	-> hello Im the master merge part of realSFS. and I'll now do a tripple bypass to find intersect 
	-> 1) Will set iter according to chooseChr and start and stop, and possibly using -sites
	-> Only read nSites: 1092929 will therefore prepare next chromosome (or exit)
	-> Done reading data from chromosome will prepare next chromosome
	-> Is in multi sfs, will now read data from chr:JASDQU010013991.1
	-> hello Im the master merge part of realSFS. and I'll now do a tripple bypass to find intersect 
	-> 1) Will set iter according to chooseChr and start and stop, and possibly using -sites
	-> Only read nSites: 1093535 will therefore prepare next chromosome (or exit)
	-> Done reading data from chromosome will prepare next chromosome
	-> Is in multi sfs, will now read data from chr:JASDQU010013996.1
	-> hello Im the master merge part of realSFS. and I'll now do a tripple bypass to find intersect 
	-> 1) Will set iter according to chooseChr and start and stop, and possibly using -sites
	-> Only read nSites: 1096273 will therefore prepare next chromosome (or exit)
	-> Done reading data from chromosome will prepare next chromosome
	-> Is in multi sfs, will now read data from chr:JASDQU010014002.1
	-> hello Im the master merge part of realSFS. and I'll now do a tripple bypass to find intersect 
	-> 1) Will set iter according to chooseChr and start and stop, and possibly using -sites
	-> Only read nSites: 1097654 will therefore prepare next chromosome (or exit)
	-> Done reading data from chromosome will prepare next chromosome
	-> Is in multi sfs, will now read data from chr:JASDQU010014007.1
	-> hello Im the master merge part of realSFS. and I'll now do a tripple bypass to find intersect 
	-> 1) Will set iter according to chooseChr and start and stop, and possibly using -sites
	-> Only read nSites: 1098336 will therefore prepare next chromosome (or exit)
	-> Done reading data from chromosome will prepare next chromosome
	-> Is in multi sfs, will now read data from chr:JASDQU010014019.1
	-> hello Im the master merge part of realSFS. and I'll now do a tripple bypass to find intersect 
	-> 1) Will set iter according to chooseChr and start and stop, and possibly using -sites
	-> Only read nSites: 1098665 will therefore prepare next chromosome (or exit)
	-> Done reading data from chromosome will prepare next chromosome
	-> Is in multi sfs, will now read data from chr:JASDQU010014030.1
	-> hello Im the master merge part of realSFS. and I'll now do a tripple bypass to find intersect 
	-> 1) Will set iter according to chooseChr and start and stop, and possibly using -sites
	-> Only read nSites: 1099994 will therefore prepare next chromosome (or exit)
	-> Done reading data from chromosome will prepare next chromosome
	-> Is in multi sfs, will now read data from chr:JASDQU010014033.1
	-> hello Im the master merge part of realSFS. and I'll now do a tripple bypass to find intersect 
	-> 1) Will set iter according to chooseChr and start and stop, and possibly using -sites
	-> Only read nSites: 1101037 will therefore prepare next chromosome (or exit)
	-> Done reading data from chromosome will prepare next chromosome
	-> Is in multi sfs, will now read data from chr:JASDQU010014035.1
	-> hello Im the master merge part of realSFS. and I'll now do a tripple bypass to find intersect 
	-> 1) Will set iter according to chooseChr and start and stop, and possibly using -sites
	-> Only read nSites: 1102019 will therefore prepare next chromosome (or exit)
	-> Done reading data from chromosome will prepare next chromosome
	-> Is in multi sfs, will now read data from chr:JASDQU010014037.1
	-> hello Im the master merge part of realSFS. and I'll now do a tripple bypass to find intersect 
	-> 1) Will set iter according to chooseChr and start and stop, and possibly using -sites
	-> Only read nSites: 1103007 will therefore prepare next chromosome (or exit)
	-> Done reading data from chromosome will prepare next chromosome
	-> Is in multi sfs, will now read data from chr:JASDQU010014041.1
	-> hello Im the master merge part of realSFS. and I'll now do a tripple bypass to find intersect 
	-> 1) Will set iter according to chooseChr and start and stop, and possibly using -sites
	-> Only read nSites: 1103191 will therefore prepare next chromosome (or exit)
	-> Done reading data from chromosome will prepare next chromosome
	-> Is in multi sfs, will now read data from chr:JASDQU010014045.1
	-> hello Im the master merge part of realSFS. and I'll now do a tripple bypass to find intersect 
	-> 1) Will set iter according to chooseChr and start and stop, and possibly using -sites
	-> Only read nSites: 1104607 will therefore prepare next chromosome (or exit)
	-> Done reading data from chromosome will prepare next chromosome
	-> Is in multi sfs, will now read data from chr:JASDQU010014048.1
	-> hello Im the master merge part of realSFS. and I'll now do a tripple bypass to find intersect 
	-> 1) Will set iter according to chooseChr and start and stop, and possibly using -sites
	-> Only read nSites: 1105089 will therefore prepare next chromosome (or exit)
	-> Done reading data from chromosome will prepare next chromosome
	-> Is in multi sfs, will now read data from chr:JASDQU010014049.1
	-> hello Im the master merge part of realSFS. and I'll now do a tripple bypass to find intersect 
	-> 1) Will set iter according to chooseChr and start and stop, and possibly using -sites
	-> Only read nSites: 1105250 will therefore prepare next chromosome (or exit)
	-> Done reading data from chromosome will prepare next chromosome
	-> Is in multi sfs, will now read data from chr:JASDQU010014054.1
	-> hello Im the master merge part of realSFS. and I'll now do a tripple bypass to find intersect 
	-> 1) Will set iter according to chooseChr and start and stop, and possibly using -sites
	-> Only read nSites: 1105352 will therefore prepare next chromosome (or exit)
	-> Done reading data from chromosome will prepare next chromosome
	-> Is in multi sfs, will now read data from chr:JASDQU010014056.1
	-> hello Im the master merge part of realSFS. and I'll now do a tripple bypass to find intersect 
	-> 1) Will set iter according to chooseChr and start and stop, and possibly using -sites
	-> Only read nSites: 1106674 will therefore prepare next chromosome (or exit)
	-> Done reading data from chromosome will prepare next chromosome
	-> Is in multi sfs, will now read data from chr:JASDQU010014065.1
	-> hello Im the master merge part of realSFS. and I'll now do a tripple bypass to find intersect 
	-> 1) Will set iter according to chooseChr and start and stop, and possibly using -sites
	-> Only read nSites: 1106996 will therefore prepare next chromosome (or exit)
	-> Done reading data from chromosome will prepare next chromosome
	-> Is in multi sfs, will now read data from chr:JASDQU010014075.1
	-> hello Im the master merge part of realSFS. and I'll now do a tripple bypass to find intersect 
	-> 1) Will set iter according to chooseChr and start and stop, and possibly using -sites
	-> Only read nSites: 1108917 will therefore prepare next chromosome (or exit)
	-> Done reading data from chromosome will prepare next chromosome
	-> Is in multi sfs, will now read data from chr:JASDQU010014084.1
	-> hello Im the master merge part of realSFS. and I'll now do a tripple bypass to find intersect 
	-> 1) Will set iter according to chooseChr and start and stop, and possibly using -sites
	-> Only read nSites: 1110697 will therefore prepare next chromosome (or exit)
	-> Done reading data from chromosome will prepare next chromosome
	-> Is in multi sfs, will now read data from chr:JASDQU010014087.1
	-> hello Im the master merge part of realSFS. and I'll now do a tripple bypass to find intersect 
	-> 1) Will set iter according to chooseChr and start and stop, and possibly using -sites
	-> Only read nSites: 1111349 will therefore prepare next chromosome (or exit)
	-> Done reading data from chromosome will prepare next chromosome
	-> Is in multi sfs, will now read data from chr:JASDQU010014097.1
	-> hello Im the master merge part of realSFS. and I'll now do a tripple bypass to find intersect 
	-> 1) Will set iter according to chooseChr and start and stop, and possibly using -sites
	-> Only read nSites: 1111823 will therefore prepare next chromosome (or exit)
	-> Done reading data from chromosome will prepare next chromosome
	-> Is in multi sfs, will now read data from chr:JASDQU010014098.1
	-> hello Im the master merge part of realSFS. and I'll now do a tripple bypass to find intersect 
	-> 1) Will set iter according to chooseChr and start and stop, and possibly using -sites
	-> Only read nSites: 1112521 will therefore prepare next chromosome (or exit)
	-> Done reading data from chromosome will prepare next chromosome
	-> Is in multi sfs, will now read data from chr:JASDQU010014101.1
	-> hello Im the master merge part of realSFS. and I'll now do a tripple bypass to find intersect 
	-> 1) Will set iter according to chooseChr and start and stop, and possibly using -sites
	-> Only read nSites: 1112658 will therefore prepare next chromosome (or exit)
	-> Done reading data from chromosome will prepare next chromosome
	-> Is in multi sfs, will now read data from chr:JASDQU010014107.1
	-> hello Im the master merge part of realSFS. and I'll now do a tripple bypass to find intersect 
	-> 1) Will set iter according to chooseChr and start and stop, and possibly using -sites
	-> Only read nSites: 1113129 will therefore prepare next chromosome (or exit)
	-> Done reading data from chromosome will prepare next chromosome
	-> Is in multi sfs, will now read data from chr:JASDQU010014110.1
	-> hello Im the master merge part of realSFS. and I'll now do a tripple bypass to find intersect 
	-> 1) Will set iter according to chooseChr and start and stop, and possibly using -sites
	-> Only read nSites: 1115468 will therefore prepare next chromosome (or exit)
	-> Done reading data from chromosome will prepare next chromosome
	-> Is in multi sfs, will now read data from chr:JASDQU010014113.1
	-> hello Im the master merge part of realSFS. and I'll now do a tripple bypass to find intersect 
	-> 1) Will set iter according to chooseChr and start and stop, and possibly using -sites
	-> Only read nSites: 1117112 will therefore prepare next chromosome (or exit)
	-> Done reading data from chromosome will prepare next chromosome
	-> Is in multi sfs, will now read data from chr:JASDQU010014114.1
	-> hello Im the master merge part of realSFS. and I'll now do a tripple bypass to find intersect 
	-> 1) Will set iter according to chooseChr and start and stop, and possibly using -sites
	-> Only read nSites: 1118247 will therefore prepare next chromosome (or exit)
	-> Done reading data from chromosome will prepare next chromosome
	-> Is in multi sfs, will now read data from chr:JASDQU010014116.1
	-> hello Im the master merge part of realSFS. and I'll now do a tripple bypass to find intersect 
	-> 1) Will set iter according to chooseChr and start and stop, and possibly using -sites
	-> Only read nSites: 1121652 will therefore prepare next chromosome (or exit)
	-> Done reading data from chromosome will prepare next chromosome
	-> Is in multi sfs, will now read data from chr:JASDQU010014129.1
	-> hello Im the master merge part of realSFS. and I'll now do a tripple bypass to find intersect 
	-> 1) Will set iter according to chooseChr and start and stop, and possibly using -sites
	-> Only read nSites: 1126406 will therefore prepare next chromosome (or exit)
	-> Done reading data from chromosome will prepare next chromosome
	-> Is in multi sfs, will now read data from chr:JASDQU010014153.1
	-> hello Im the master merge part of realSFS. and I'll now do a tripple bypass to find intersect 
	-> 1) Will set iter according to chooseChr and start and stop, and possibly using -sites
	-> Only read nSites: 1126493 will therefore prepare next chromosome (or exit)
	-> Done reading data from chromosome will prepare next chromosome
	-> Is in multi sfs, will now read data from chr:JASDQU010014170.1
	-> hello Im the master merge part of realSFS. and I'll now do a tripple bypass to find intersect 
	-> 1) Will set iter according to chooseChr and start and stop, and possibly using -sites
	-> Only read nSites: 1127344 will therefore prepare next chromosome (or exit)
	-> Done reading data from chromosome will prepare next chromosome
	-> Is in multi sfs, will now read data from chr:JASDQU010014184.1
	-> hello Im the master merge part of realSFS. and I'll now do a tripple bypass to find intersect 
	-> 1) Will set iter according to chooseChr and start and stop, and possibly using -sites
	-> Only read nSites: 1128134 will therefore prepare next chromosome (or exit)
	-> Done reading data from chromosome will prepare next chromosome
	-> Is in multi sfs, will now read data from chr:JASDQU010014200.1
	-> hello Im the master merge part of realSFS. and I'll now do a tripple bypass to find intersect 
	-> 1) Will set iter according to chooseChr and start and stop, and possibly using -sites
	-> Only read nSites: 1128267 will therefore prepare next chromosome (or exit)
	-> Done reading data from chromosome will prepare next chromosome
	-> Is in multi sfs, will now read data from chr:JASDQU010014202.1
	-> hello Im the master merge part of realSFS. and I'll now do a tripple bypass to find intersect 
	-> 1) Will set iter according to chooseChr and start and stop, and possibly using -sites
	-> Only read nSites: 1133753 will therefore prepare next chromosome (or exit)
	-> Done reading data from chromosome will prepare next chromosome
	-> Is in multi sfs, will now read data from chr:JASDQU010014210.1
	-> hello Im the master merge part of realSFS. and I'll now do a tripple bypass to find intersect 
	-> 1) Will set iter according to chooseChr and start and stop, and possibly using -sites
	-> Only read nSites: 1133912 will therefore prepare next chromosome (or exit)
	-> Done reading data from chromosome will prepare next chromosome
	-> Is in multi sfs, will now read data from chr:JASDQU010014215.1
	-> hello Im the master merge part of realSFS. and I'll now do a tripple bypass to find intersect 
	-> 1) Will set iter according to chooseChr and start and stop, and possibly using -sites
	-> Only read nSites: 1134331 will therefore prepare next chromosome (or exit)
	-> Done reading data from chromosome will prepare next chromosome
	-> Is in multi sfs, will now read data from chr:JASDQU010014226.1
	-> hello Im the master merge part of realSFS. and I'll now do a tripple bypass to find intersect 
	-> 1) Will set iter according to chooseChr and start and stop, and possibly using -sites
	-> Only read nSites: 1134754 will therefore prepare next chromosome (or exit)
	-> Done reading data from chromosome will prepare next chromosome
	-> Is in multi sfs, will now read data from chr:JASDQU010014230.1
	-> hello Im the master merge part of realSFS. and I'll now do a tripple bypass to find intersect 
	-> 1) Will set iter according to chooseChr and start and stop, and possibly using -sites
	-> Only read nSites: 1134762 will therefore prepare next chromosome (or exit)
	-> Done reading data from chromosome will prepare next chromosome
	-> Is in multi sfs, will now read data from chr:JASDQU010014232.1
	-> hello Im the master merge part of realSFS. and I'll now do a tripple bypass to find intersect 
	-> 1) Will set iter according to chooseChr and start and stop, and possibly using -sites
	-> Only read nSites: 1134944 will therefore prepare next chromosome (or exit)
	-> Done reading data from chromosome will prepare next chromosome
	-> Is in multi sfs, will now read data from chr:JASDQU010014233.1
	-> hello Im the master merge part of realSFS. and I'll now do a tripple bypass to find intersect 
	-> 1) Will set iter according to chooseChr and start and stop, and possibly using -sites
	-> Only read nSites: 1135745 will therefore prepare next chromosome (or exit)
	-> Done reading data from chromosome will prepare next chromosome
	-> Is in multi sfs, will now read data from chr:JASDQU010014236.1
	-> hello Im the master merge part of realSFS. and I'll now do a tripple bypass to find intersect 
	-> 1) Will set iter according to chooseChr and start and stop, and possibly using -sites
	-> Only read nSites: 1137316 will therefore prepare next chromosome (or exit)
	-> Done reading data from chromosome will prepare next chromosome
	-> Is in multi sfs, will now read data from chr:JASDQU010014241.1
	-> hello Im the master merge part of realSFS. and I'll now do a tripple bypass to find intersect 
	-> 1) Will set iter according to chooseChr and start and stop, and possibly using -sites
	-> Only read nSites: 1137454 will therefore prepare next chromosome (or exit)
	-> Done reading data from chromosome will prepare next chromosome
	-> Is in multi sfs, will now read data from chr:JASDQU010014249.1
	-> hello Im the master merge part of realSFS. and I'll now do a tripple bypass to find intersect 
	-> 1) Will set iter according to chooseChr and start and stop, and possibly using -sites
	-> Only read nSites: 1137826 will therefore prepare next chromosome (or exit)
	-> Done reading data from chromosome will prepare next chromosome
	-> Is in multi sfs, will now read data from chr:JASDQU010014253.1
	-> hello Im the master merge part of realSFS. and I'll now do a tripple bypass to find intersect 
	-> 1) Will set iter according to chooseChr and start and stop, and possibly using -sites
	-> Only read nSites: 1138584 will therefore prepare next chromosome (or exit)
	-> Done reading data from chromosome will prepare next chromosome
	-> Is in multi sfs, will now read data from chr:JASDQU010014270.1
	-> hello Im the master merge part of realSFS. and I'll now do a tripple bypass to find intersect 
	-> 1) Will set iter according to chooseChr and start and stop, and possibly using -sites
	-> Only read nSites: 1142203 will therefore prepare next chromosome (or exit)
	-> Done reading data from chromosome will prepare next chromosome
	-> Is in multi sfs, will now read data from chr:JASDQU010014271.1
	-> hello Im the master merge part of realSFS. and I'll now do a tripple bypass to find intersect 
	-> 1) Will set iter according to chooseChr and start and stop, and possibly using -sites
	-> Only read nSites: 1142845 will therefore prepare next chromosome (or exit)
	-> Done reading data from chromosome will prepare next chromosome
	-> Is in multi sfs, will now read data from chr:JASDQU010014272.1
	-> hello Im the master merge part of realSFS. and I'll now do a tripple bypass to find intersect 
	-> 1) Will set iter according to chooseChr and start and stop, and possibly using -sites
	-> Only read nSites: 1142856 will therefore prepare next chromosome (or exit)
	-> Done reading data from chromosome will prepare next chromosome
	-> Is in multi sfs, will now read data from chr:JASDQU010014286.1
	-> hello Im the master merge part of realSFS. and I'll now do a tripple bypass to find intersect 
	-> 1) Will set iter according to chooseChr and start and stop, and possibly using -sites
	-> Only read nSites: 1143968 will therefore prepare next chromosome (or exit)
	-> Done reading data from chromosome will prepare next chromosome
	-> Is in multi sfs, will now read data from chr:JASDQU010014289.1
	-> hello Im the master merge part of realSFS. and I'll now do a tripple bypass to find intersect 
	-> 1) Will set iter according to chooseChr and start and stop, and possibly using -sites
	-> Only read nSites: 1144795 will therefore prepare next chromosome (or exit)
	-> Done reading data from chromosome will prepare next chromosome
	-> Is in multi sfs, will now read data from chr:JASDQU010014293.1
	-> hello Im the master merge part of realSFS. and I'll now do a tripple bypass to find intersect 
	-> 1) Will set iter according to chooseChr and start and stop, and possibly using -sites
	-> Only read nSites: 1144942 will therefore prepare next chromosome (or exit)
	-> Done reading data from chromosome will prepare next chromosome
	-> Is in multi sfs, will now read data from chr:JASDQU010014294.1
	-> hello Im the master merge part of realSFS. and I'll now do a tripple bypass to find intersect 
	-> 1) Will set iter according to chooseChr and start and stop, and possibly using -sites
	-> Only read nSites: 1146128 will therefore prepare next chromosome (or exit)
	-> Done reading data from chromosome will prepare next chromosome
	-> Is in multi sfs, will now read data from chr:JASDQU010014313.1
	-> hello Im the master merge part of realSFS. and I'll now do a tripple bypass to find intersect 
	-> 1) Will set iter according to chooseChr and start and stop, and possibly using -sites
	-> Only read nSites: 1148037 will therefore prepare next chromosome (or exit)
	-> Done reading data from chromosome will prepare next chromosome
	-> Is in multi sfs, will now read data from chr:JASDQU010014329.1
	-> hello Im the master merge part of realSFS. and I'll now do a tripple bypass to find intersect 
	-> 1) Will set iter according to chooseChr and start and stop, and possibly using -sites
	-> Only read nSites: 1150213 will therefore prepare next chromosome (or exit)
	-> Done reading data from chromosome will prepare next chromosome
	-> Is in multi sfs, will now read data from chr:JASDQU010014331.1
	-> hello Im the master merge part of realSFS. and I'll now do a tripple bypass to find intersect 
	-> 1) Will set iter according to chooseChr and start and stop, and possibly using -sites
	-> Only read nSites: 1151751 will therefore prepare next chromosome (or exit)
	-> Done reading data from chromosome will prepare next chromosome
	-> Is in multi sfs, will now read data from chr:JASDQU010014332.1
	-> hello Im the master merge part of realSFS. and I'll now do a tripple bypass to find intersect 
	-> 1) Will set iter according to chooseChr and start and stop, and possibly using -sites
	-> Only read nSites: 1152565 will therefore prepare next chromosome (or exit)
	-> Done reading data from chromosome will prepare next chromosome
	-> Is in multi sfs, will now read data from chr:JASDQU010014333.1
	-> hello Im the master merge part of realSFS. and I'll now do a tripple bypass to find intersect 
	-> 1) Will set iter according to chooseChr and start and stop, and possibly using -sites
	-> Only read nSites: 1153524 will therefore prepare next chromosome (or exit)
	-> Done reading data from chromosome will prepare next chromosome
	-> Is in multi sfs, will now read data from chr:JASDQU010014337.1
	-> hello Im the master merge part of realSFS. and I'll now do a tripple bypass to find intersect 
	-> 1) Will set iter according to chooseChr and start and stop, and possibly using -sites
	-> Only read nSites: 1154008 will therefore prepare next chromosome (or exit)
	-> Done reading data from chromosome will prepare next chromosome
	-> Is in multi sfs, will now read data from chr:JASDQU010014344.1
	-> hello Im the master merge part of realSFS. and I'll now do a tripple bypass to find intersect 
	-> 1) Will set iter according to chooseChr and start and stop, and possibly using -sites
	-> Only read nSites: 1154158 will therefore prepare next chromosome (or exit)
	-> Done reading data from chromosome will prepare next chromosome
	-> Is in multi sfs, will now read data from chr:JASDQU010014346.1
	-> hello Im the master merge part of realSFS. and I'll now do a tripple bypass to find intersect 
	-> 1) Will set iter according to chooseChr and start and stop, and possibly using -sites
	-> Only read nSites: 1155996 will therefore prepare next chromosome (or exit)
	-> Done reading data from chromosome will prepare next chromosome
	-> Is in multi sfs, will now read data from chr:JASDQU010014356.1
	-> hello Im the master merge part of realSFS. and I'll now do a tripple bypass to find intersect 
	-> 1) Will set iter according to chooseChr and start and stop, and possibly using -sites
	-> Only read nSites: 1156181 will therefore prepare next chromosome (or exit)
	-> Done reading data from chromosome will prepare next chromosome
	-> Is in multi sfs, will now read data from chr:JASDQU010014358.1
	-> hello Im the master merge part of realSFS. and I'll now do a tripple bypass to find intersect 
	-> 1) Will set iter according to chooseChr and start and stop, and possibly using -sites
	-> Only read nSites: 1159269 will therefore prepare next chromosome (or exit)
	-> Done reading data from chromosome will prepare next chromosome
	-> Is in multi sfs, will now read data from chr:JASDQU010014364.1
	-> hello Im the master merge part of realSFS. and I'll now do a tripple bypass to find intersect 
	-> 1) Will set iter according to chooseChr and start and stop, and possibly using -sites
	-> Only read nSites: 1163886 will therefore prepare next chromosome (or exit)
	-> Done reading data from chromosome will prepare next chromosome
	-> Is in multi sfs, will now read data from chr:JASDQU010014365.1
	-> hello Im the master merge part of realSFS. and I'll now do a tripple bypass to find intersect 
	-> 1) Will set iter according to chooseChr and start and stop, and possibly using -sites
	-> Only read nSites: 1163975 will therefore prepare next chromosome (or exit)
	-> Done reading data from chromosome will prepare next chromosome
	-> Is in multi sfs, will now read data from chr:JASDQU010014374.1
	-> hello Im the master merge part of realSFS. and I'll now do a tripple bypass to find intersect 
	-> 1) Will set iter according to chooseChr and start and stop, and possibly using -sites
	-> Only read nSites: 1164057 will therefore prepare next chromosome (or exit)
	-> Done reading data from chromosome will prepare next chromosome
	-> Is in multi sfs, will now read data from chr:JASDQU010014393.1
	-> hello Im the master merge part of realSFS. and I'll now do a tripple bypass to find intersect 
	-> 1) Will set iter according to chooseChr and start and stop, and possibly using -sites
	-> Only read nSites: 1164309 will therefore prepare next chromosome (or exit)
	-> Done reading data from chromosome will prepare next chromosome
	-> Is in multi sfs, will now read data from chr:JASDQU010014401.1
	-> hello Im the master merge part of realSFS. and I'll now do a tripple bypass to find intersect 
	-> 1) Will set iter according to chooseChr and start and stop, and possibly using -sites
	-> Only read nSites: 1167735 will therefore prepare next chromosome (or exit)
	-> Done reading data from chromosome will prepare next chromosome
	-> Is in multi sfs, will now read data from chr:JASDQU010014403.1
	-> hello Im the master merge part of realSFS. and I'll now do a tripple bypass to find intersect 
	-> 1) Will set iter according to chooseChr and start and stop, and possibly using -sites
	-> Only read nSites: 1169353 will therefore prepare next chromosome (or exit)
	-> Done reading data from chromosome will prepare next chromosome
	-> Is in multi sfs, will now read data from chr:JASDQU010014404.1
	-> hello Im the master merge part of realSFS. and I'll now do a tripple bypass to find intersect 
	-> 1) Will set iter according to chooseChr and start and stop, and possibly using -sites
	-> Only read nSites: 1170324 will therefore prepare next chromosome (or exit)
	-> Done reading data from chromosome will prepare next chromosome
	-> Is in multi sfs, will now read data from chr:JASDQU010014406.1
	-> hello Im the master merge part of realSFS. and I'll now do a tripple bypass to find intersect 
	-> 1) Will set iter according to chooseChr and start and stop, and possibly using -sites
	-> Only read nSites: 1174677 will therefore prepare next chromosome (or exit)
	-> Done reading data from chromosome will prepare next chromosome
	-> Is in multi sfs, will now read data from chr:JASDQU010014411.1
	-> hello Im the master merge part of realSFS. and I'll now do a tripple bypass to find intersect 
	-> 1) Will set iter according to chooseChr and start and stop, and possibly using -sites
	-> Only read nSites: 1176210 will therefore prepare next chromosome (or exit)
	-> Done reading data from chromosome will prepare next chromosome
	-> Is in multi sfs, will now read data from chr:JASDQU010014414.1
	-> hello Im the master merge part of realSFS. and I'll now do a tripple bypass to find intersect 
	-> 1) Will set iter according to chooseChr and start and stop, and possibly using -sites
	-> Only read nSites: 1177411 will therefore prepare next chromosome (or exit)
	-> Done reading data from chromosome will prepare next chromosome
	-> Is in multi sfs, will now read data from chr:JASDQU010014416.1
	-> hello Im the master merge part of realSFS. and I'll now do a tripple bypass to find intersect 
	-> 1) Will set iter according to chooseChr and start and stop, and possibly using -sites
	-> Only read nSites: 1178693 will therefore prepare next chromosome (or exit)
	-> Done reading data from chromosome will prepare next chromosome
	-> Is in multi sfs, will now read data from chr:JASDQU010014418.1
	-> hello Im the master merge part of realSFS. and I'll now do a tripple bypass to find intersect 
	-> 1) Will set iter according to chooseChr and start and stop, and possibly using -sites
	-> Only read nSites: 1183310 will therefore prepare next chromosome (or exit)
	-> Done reading data from chromosome will prepare next chromosome
	-> Is in multi sfs, will now read data from chr:JASDQU010014428.1
	-> hello Im the master merge part of realSFS. and I'll now do a tripple bypass to find intersect 
	-> 1) Will set iter according to chooseChr and start and stop, and possibly using -sites
	-> Only read nSites: 1183845 will therefore prepare next chromosome (or exit)
	-> Done reading data from chromosome will prepare next chromosome
	-> Is in multi sfs, will now read data from chr:JASDQU010014433.1
	-> hello Im the master merge part of realSFS. and I'll now do a tripple bypass to find intersect 
	-> 1) Will set iter according to chooseChr and start and stop, and possibly using -sites
	-> Only read nSites: 1185563 will therefore prepare next chromosome (or exit)
	-> Done reading data from chromosome will prepare next chromosome
	-> Is in multi sfs, will now read data from chr:JASDQU010014435.1
	-> hello Im the master merge part of realSFS. and I'll now do a tripple bypass to find intersect 
	-> 1) Will set iter according to chooseChr and start and stop, and possibly using -sites
	-> Only read nSites: 1190459 will therefore prepare next chromosome (or exit)
	-> Done reading data from chromosome will prepare next chromosome
	-> Is in multi sfs, will now read data from chr:JASDQU010014440.1
	-> hello Im the master merge part of realSFS. and I'll now do a tripple bypass to find intersect 
	-> 1) Will set iter according to chooseChr and start and stop, and possibly using -sites
	-> Only read nSites: 1190767 will therefore prepare next chromosome (or exit)
	-> Done reading data from chromosome will prepare next chromosome
	-> Is in multi sfs, will now read data from chr:JASDQU010014452.1
	-> hello Im the master merge part of realSFS. and I'll now do a tripple bypass to find intersect 
	-> 1) Will set iter according to chooseChr and start and stop, and possibly using -sites
	-> Only read nSites: 1192718 will therefore prepare next chromosome (or exit)
	-> Done reading data from chromosome will prepare next chromosome
	-> Is in multi sfs, will now read data from chr:JASDQU010014468.1
	-> hello Im the master merge part of realSFS. and I'll now do a tripple bypass to find intersect 
	-> 1) Will set iter according to chooseChr and start and stop, and possibly using -sites
	-> Only read nSites: 1193195 will therefore prepare next chromosome (or exit)
	-> Done reading data from chromosome will prepare next chromosome
	-> Is in multi sfs, will now read data from chr:JASDQU010014473.1
	-> hello Im the master merge part of realSFS. and I'll now do a tripple bypass to find intersect 
	-> 1) Will set iter according to chooseChr and start and stop, and possibly using -sites
	-> Only read nSites: 1193230 will therefore prepare next chromosome (or exit)
	-> Done reading data from chromosome will prepare next chromosome
	-> Is in multi sfs, will now read data from chr:JASDQU010014477.1
	-> hello Im the master merge part of realSFS. and I'll now do a tripple bypass to find intersect 
	-> 1) Will set iter according to chooseChr and start and stop, and possibly using -sites
	-> Only read nSites: 1194429 will therefore prepare next chromosome (or exit)
	-> Done reading data from chromosome will prepare next chromosome
	-> Is in multi sfs, will now read data from chr:JASDQU010014488.1
	-> hello Im the master merge part of realSFS. and I'll now do a tripple bypass to find intersect 
	-> 1) Will set iter according to chooseChr and start and stop, and possibly using -sites
	-> Only read nSites: 1196110 will therefore prepare next chromosome (or exit)
	-> Done reading data from chromosome will prepare next chromosome
	-> Is in multi sfs, will now read data from chr:JASDQU010014504.1
	-> hello Im the master merge part of realSFS. and I'll now do a tripple bypass to find intersect 
	-> 1) Will set iter according to chooseChr and start and stop, and possibly using -sites
	-> Only read nSites: 1197079 will therefore prepare next chromosome (or exit)
	-> Done reading data from chromosome will prepare next chromosome
	-> Is in multi sfs, will now read data from chr:JASDQU010014516.1
	-> hello Im the master merge part of realSFS. and I'll now do a tripple bypass to find intersect 
	-> 1) Will set iter according to chooseChr and start and stop, and possibly using -sites
	-> Only read nSites: 1197101 will therefore prepare next chromosome (or exit)
	-> Done reading data from chromosome will prepare next chromosome
	-> Is in multi sfs, will now read data from chr:JASDQU010014523.1
	-> hello Im the master merge part of realSFS. and I'll now do a tripple bypass to find intersect 
	-> 1) Will set iter according to chooseChr and start and stop, and possibly using -sites
	-> Only read nSites: 1200223 will therefore prepare next chromosome (or exit)
	-> Done reading data from chromosome will prepare next chromosome
	-> Is in multi sfs, will now read data from chr:JASDQU010014528.1
	-> hello Im the master merge part of realSFS. and I'll now do a tripple bypass to find intersect 
	-> 1) Will set iter according to chooseChr and start and stop, and possibly using -sites
	-> Only read nSites: 1200902 will therefore prepare next chromosome (or exit)
	-> Done reading data from chromosome will prepare next chromosome
	-> Is in multi sfs, will now read data from chr:JASDQU010014534.1
	-> hello Im the master merge part of realSFS. and I'll now do a tripple bypass to find intersect 
	-> 1) Will set iter according to chooseChr and start and stop, and possibly using -sites
	-> Only read nSites: 1201407 will therefore prepare next chromosome (or exit)
	-> Done reading data from chromosome will prepare next chromosome
	-> Is in multi sfs, will now read data from chr:JASDQU010014536.1
	-> hello Im the master merge part of realSFS. and I'll now do a tripple bypass to find intersect 
	-> 1) Will set iter according to chooseChr and start and stop, and possibly using -sites
	-> Only read nSites: 1204844 will therefore prepare next chromosome (or exit)
	-> Done reading data from chromosome will prepare next chromosome
	-> Is in multi sfs, will now read data from chr:JASDQU010014540.1
	-> hello Im the master merge part of realSFS. and I'll now do a tripple bypass to find intersect 
	-> 1) Will set iter according to chooseChr and start and stop, and possibly using -sites
	-> Only read nSites: 1204954 will therefore prepare next chromosome (or exit)
	-> Done reading data from chromosome will prepare next chromosome
	-> Is in multi sfs, will now read data from chr:JASDQU010014557.1
	-> hello Im the master merge part of realSFS. and I'll now do a tripple bypass to find intersect 
	-> 1) Will set iter according to chooseChr and start and stop, and possibly using -sites
	-> Only read nSites: 1205670 will therefore prepare next chromosome (or exit)
	-> Done reading data from chromosome will prepare next chromosome
	-> Is in multi sfs, will now read data from chr:JASDQU010014558.1
	-> hello Im the master merge part of realSFS. and I'll now do a tripple bypass to find intersect 
	-> 1) Will set iter according to chooseChr and start and stop, and possibly using -sites
	-> Only read nSites: 1206470 will therefore prepare next chromosome (or exit)
	-> Done reading data from chromosome will prepare next chromosome
	-> Is in multi sfs, will now read data from chr:JASDQU010014560.1
	-> hello Im the master merge part of realSFS. and I'll now do a tripple bypass to find intersect 
	-> 1) Will set iter according to chooseChr and start and stop, and possibly using -sites
	-> Only read nSites: 1208361 will therefore prepare next chromosome (or exit)
	-> Done reading data from chromosome will prepare next chromosome
	-> Is in multi sfs, will now read data from chr:JASDQU010014564.1
	-> hello Im the master merge part of realSFS. and I'll now do a tripple bypass to find intersect 
	-> 1) Will set iter according to chooseChr and start and stop, and possibly using -sites
	-> Only read nSites: 1211163 will therefore prepare next chromosome (or exit)
	-> Done reading data from chromosome will prepare next chromosome
	-> Is in multi sfs, will now read data from chr:JASDQU010014570.1
	-> hello Im the master merge part of realSFS. and I'll now do a tripple bypass to find intersect 
	-> 1) Will set iter according to chooseChr and start and stop, and possibly using -sites
	-> Only read nSites: 1212282 will therefore prepare next chromosome (or exit)
	-> Done reading data from chromosome will prepare next chromosome
	-> Is in multi sfs, will now read data from chr:JASDQU010014574.1
	-> hello Im the master merge part of realSFS. and I'll now do a tripple bypass to find intersect 
	-> 1) Will set iter according to chooseChr and start and stop, and possibly using -sites
	-> Only read nSites: 1212986 will therefore prepare next chromosome (or exit)
	-> Done reading data from chromosome will prepare next chromosome
	-> Is in multi sfs, will now read data from chr:JASDQU010014578.1
	-> hello Im the master merge part of realSFS. and I'll now do a tripple bypass to find intersect 
	-> 1) Will set iter according to chooseChr and start and stop, and possibly using -sites
	-> Only read nSites: 1215848 will therefore prepare next chromosome (or exit)
	-> Done reading data from chromosome will prepare next chromosome
	-> Is in multi sfs, will now read data from chr:JASDQU010014584.1
	-> hello Im the master merge part of realSFS. and I'll now do a tripple bypass to find intersect 
	-> 1) Will set iter according to chooseChr and start and stop, and possibly using -sites
	-> Only read nSites: 1216594 will therefore prepare next chromosome (or exit)
	-> Done reading data from chromosome will prepare next chromosome
	-> Is in multi sfs, will now read data from chr:JASDQU010014590.1
	-> hello Im the master merge part of realSFS. and I'll now do a tripple bypass to find intersect 
	-> 1) Will set iter according to chooseChr and start and stop, and possibly using -sites
	-> Only read nSites: 1225292 will therefore prepare next chromosome (or exit)
	-> Done reading data from chromosome will prepare next chromosome
	-> Is in multi sfs, will now read data from chr:JASDQU010014601.1
	-> hello Im the master merge part of realSFS. and I'll now do a tripple bypass to find intersect 
	-> 1) Will set iter according to chooseChr and start and stop, and possibly using -sites
	-> Only read nSites: 1225919 will therefore prepare next chromosome (or exit)
	-> Done reading data from chromosome will prepare next chromosome
	-> Is in multi sfs, will now read data from chr:JASDQU010014604.1
	-> hello Im the master merge part of realSFS. and I'll now do a tripple bypass to find intersect 
	-> 1) Will set iter according to chooseChr and start and stop, and possibly using -sites
	-> Only read nSites: 1226671 will therefore prepare next chromosome (or exit)
	-> Done reading data from chromosome will prepare next chromosome
	-> Is in multi sfs, will now read data from chr:JASDQU010014609.1
	-> hello Im the master merge part of realSFS. and I'll now do a tripple bypass to find intersect 
	-> 1) Will set iter according to chooseChr and start and stop, and possibly using -sites
	-> Only read nSites: 1227410 will therefore prepare next chromosome (or exit)
	-> Done reading data from chromosome will prepare next chromosome
	-> Is in multi sfs, will now read data from chr:JASDQU010014612.1
	-> hello Im the master merge part of realSFS. and I'll now do a tripple bypass to find intersect 
	-> 1) Will set iter according to chooseChr and start and stop, and possibly using -sites
	-> Only read nSites: 1228396 will therefore prepare next chromosome (or exit)
	-> Done reading data from chromosome will prepare next chromosome
	-> Is in multi sfs, will now read data from chr:JASDQU010014614.1
	-> hello Im the master merge part of realSFS. and I'll now do a tripple bypass to find intersect 
	-> 1) Will set iter according to chooseChr and start and stop, and possibly using -sites
	-> Only read nSites: 1229930 will therefore prepare next chromosome (or exit)
	-> Done reading data from chromosome will prepare next chromosome
	-> Is in multi sfs, will now read data from chr:JASDQU010014617.1
	-> hello Im the master merge part of realSFS. and I'll now do a tripple bypass to find intersect 
	-> 1) Will set iter according to chooseChr and start and stop, and possibly using -sites
	-> Only read nSites: 1229998 will therefore prepare next chromosome (or exit)
	-> Done reading data from chromosome will prepare next chromosome
	-> Is in multi sfs, will now read data from chr:JASDQU010014625.1
	-> hello Im the master merge part of realSFS. and I'll now do a tripple bypass to find intersect 
	-> 1) Will set iter according to chooseChr and start and stop, and possibly using -sites
	-> Only read nSites: 1230179 will therefore prepare next chromosome (or exit)
	-> Done reading data from chromosome will prepare next chromosome
	-> Is in multi sfs, will now read data from chr:JASDQU010014637.1
	-> hello Im the master merge part of realSFS. and I'll now do a tripple bypass to find intersect 
	-> 1) Will set iter according to chooseChr and start and stop, and possibly using -sites
	-> Only read nSites: 1230814 will therefore prepare next chromosome (or exit)
	-> Done reading data from chromosome will prepare next chromosome
	-> Is in multi sfs, will now read data from chr:JASDQU010014649.1
	-> hello Im the master merge part of realSFS. and I'll now do a tripple bypass to find intersect 
	-> 1) Will set iter according to chooseChr and start and stop, and possibly using -sites
	-> Only read nSites: 1232905 will therefore prepare next chromosome (or exit)
	-> Done reading data from chromosome will prepare next chromosome
	-> Is in multi sfs, will now read data from chr:JASDQU010014656.1
	-> hello Im the master merge part of realSFS. and I'll now do a tripple bypass to find intersect 
	-> 1) Will set iter according to chooseChr and start and stop, and possibly using -sites
	-> Only read nSites: 1233075 will therefore prepare next chromosome (or exit)
	-> Done reading data from chromosome will prepare next chromosome
	-> Is in multi sfs, will now read data from chr:JASDQU010014658.1
	-> hello Im the master merge part of realSFS. and I'll now do a tripple bypass to find intersect 
	-> 1) Will set iter according to chooseChr and start and stop, and possibly using -sites
	-> Only read nSites: 1233918 will therefore prepare next chromosome (or exit)
	-> Done reading data from chromosome will prepare next chromosome
	-> Is in multi sfs, will now read data from chr:JASDQU010014662.1
	-> hello Im the master merge part of realSFS. and I'll now do a tripple bypass to find intersect 
	-> 1) Will set iter according to chooseChr and start and stop, and possibly using -sites
	-> Only read nSites: 1234086 will therefore prepare next chromosome (or exit)
	-> Done reading data from chromosome will prepare next chromosome
	-> Is in multi sfs, will now read data from chr:JASDQU010014669.1
	-> hello Im the master merge part of realSFS. and I'll now do a tripple bypass to find intersect 
	-> 1) Will set iter according to chooseChr and start and stop, and possibly using -sites
	-> Only read nSites: 1235744 will therefore prepare next chromosome (or exit)
	-> Done reading data from chromosome will prepare next chromosome
	-> Is in multi sfs, will now read data from chr:JASDQU010014677.1
	-> hello Im the master merge part of realSFS. and I'll now do a tripple bypass to find intersect 
	-> 1) Will set iter according to chooseChr and start and stop, and possibly using -sites
	-> Only read nSites: 1235745 will therefore prepare next chromosome (or exit)
	-> Done reading data from chromosome will prepare next chromosome
	-> Is in multi sfs, will now read data from chr:JASDQU010014684.1
	-> hello Im the master merge part of realSFS. and I'll now do a tripple bypass to find intersect 
	-> 1) Will set iter according to chooseChr and start and stop, and possibly using -sites
	-> Only read nSites: 1237192 will therefore prepare next chromosome (or exit)
	-> Done reading data from chromosome will prepare next chromosome
	-> Is in multi sfs, will now read data from chr:JASDQU010014700.1
	-> hello Im the master merge part of realSFS. and I'll now do a tripple bypass to find intersect 
	-> 1) Will set iter according to chooseChr and start and stop, and possibly using -sites
	-> Only read nSites: 1237803 will therefore prepare next chromosome (or exit)
	-> Done reading data from chromosome will prepare next chromosome
	-> Is in multi sfs, will now read data from chr:JASDQU010014701.1
	-> hello Im the master merge part of realSFS. and I'll now do a tripple bypass to find intersect 
	-> 1) Will set iter according to chooseChr and start and stop, and possibly using -sites
	-> Only read nSites: 1238069 will therefore prepare next chromosome (or exit)
	-> Done reading data from chromosome will prepare next chromosome
	-> Is in multi sfs, will now read data from chr:JASDQU010014703.1
	-> hello Im the master merge part of realSFS. and I'll now do a tripple bypass to find intersect 
	-> 1) Will set iter according to chooseChr and start and stop, and possibly using -sites
	-> Only read nSites: 1238989 will therefore prepare next chromosome (or exit)
	-> Done reading data from chromosome will prepare next chromosome
	-> Is in multi sfs, will now read data from chr:JASDQU010014705.1
	-> hello Im the master merge part of realSFS. and I'll now do a tripple bypass to find intersect 
	-> 1) Will set iter according to chooseChr and start and stop, and possibly using -sites
	-> Only read nSites: 1240198 will therefore prepare next chromosome (or exit)
	-> Done reading data from chromosome will prepare next chromosome
	-> Is in multi sfs, will now read data from chr:JASDQU010014728.1
	-> hello Im the master merge part of realSFS. and I'll now do a tripple bypass to find intersect 
	-> 1) Will set iter according to chooseChr and start and stop, and possibly using -sites
	-> Only read nSites: 1240555 will therefore prepare next chromosome (or exit)
	-> Done reading data from chromosome will prepare next chromosome
	-> Is in multi sfs, will now read data from chr:JASDQU010014738.1
	-> hello Im the master merge part of realSFS. and I'll now do a tripple bypass to find intersect 
	-> 1) Will set iter according to chooseChr and start and stop, and possibly using -sites
	-> Only read nSites: 1241731 will therefore prepare next chromosome (or exit)
	-> Done reading data from chromosome will prepare next chromosome
	-> Is in multi sfs, will now read data from chr:JASDQU010014754.1
	-> hello Im the master merge part of realSFS. and I'll now do a tripple bypass to find intersect 
	-> 1) Will set iter according to chooseChr and start and stop, and possibly using -sites
	-> Only read nSites: 1242236 will therefore prepare next chromosome (or exit)
	-> Done reading data from chromosome will prepare next chromosome
	-> Is in multi sfs, will now read data from chr:JASDQU010014755.1
	-> hello Im the master merge part of realSFS. and I'll now do a tripple bypass to find intersect 
	-> 1) Will set iter according to chooseChr and start and stop, and possibly using -sites
	-> Only read nSites: 1245053 will therefore prepare next chromosome (or exit)
	-> Done reading data from chromosome will prepare next chromosome
	-> Is in multi sfs, will now read data from chr:JASDQU010014760.1
	-> hello Im the master merge part of realSFS. and I'll now do a tripple bypass to find intersect 
	-> 1) Will set iter according to chooseChr and start and stop, and possibly using -sites
	-> Only read nSites: 1245354 will therefore prepare next chromosome (or exit)
	-> Done reading data from chromosome will prepare next chromosome
	-> Is in multi sfs, will now read data from chr:JASDQU010014761.1
	-> hello Im the master merge part of realSFS. and I'll now do a tripple bypass to find intersect 
	-> 1) Will set iter according to chooseChr and start and stop, and possibly using -sites
	-> Only read nSites: 1247790 will therefore prepare next chromosome (or exit)
	-> Done reading data from chromosome will prepare next chromosome
	-> Is in multi sfs, will now read data from chr:JASDQU010014763.1
	-> hello Im the master merge part of realSFS. and I'll now do a tripple bypass to find intersect 
	-> 1) Will set iter according to chooseChr and start and stop, and possibly using -sites
	-> Only read nSites: 1248180 will therefore prepare next chromosome (or exit)
	-> Done reading data from chromosome will prepare next chromosome
	-> Is in multi sfs, will now read data from chr:JASDQU010014775.1
	-> hello Im the master merge part of realSFS. and I'll now do a tripple bypass to find intersect 
	-> 1) Will set iter according to chooseChr and start and stop, and possibly using -sites
	-> Only read nSites: 1249011 will therefore prepare next chromosome (or exit)
	-> Done reading data from chromosome will prepare next chromosome
	-> Is in multi sfs, will now read data from chr:JASDQU010014783.1
	-> hello Im the master merge part of realSFS. and I'll now do a tripple bypass to find intersect 
	-> 1) Will set iter according to chooseChr and start and stop, and possibly using -sites
	-> Only read nSites: 1250792 will therefore prepare next chromosome (or exit)
	-> Done reading data from chromosome will prepare next chromosome
	-> Is in multi sfs, will now read data from chr:JASDQU010014785.1
	-> hello Im the master merge part of realSFS. and I'll now do a tripple bypass to find intersect 
	-> 1) Will set iter according to chooseChr and start and stop, and possibly using -sites
	-> Only read nSites: 1251403 will therefore prepare next chromosome (or exit)
	-> Done reading data from chromosome will prepare next chromosome
	-> Is in multi sfs, will now read data from chr:JASDQU010014793.1
	-> hello Im the master merge part of realSFS. and I'll now do a tripple bypass to find intersect 
	-> 1) Will set iter according to chooseChr and start and stop, and possibly using -sites
	-> Only read nSites: 1251809 will therefore prepare next chromosome (or exit)
	-> Done reading data from chromosome will prepare next chromosome
	-> Is in multi sfs, will now read data from chr:JASDQU010014794.1
	-> hello Im the master merge part of realSFS. and I'll now do a tripple bypass to find intersect 
	-> 1) Will set iter according to chooseChr and start and stop, and possibly using -sites
	-> Only read nSites: 1253368 will therefore prepare next chromosome (or exit)
	-> Done reading data from chromosome will prepare next chromosome
	-> Is in multi sfs, will now read data from chr:JASDQU010014799.1
	-> hello Im the master merge part of realSFS. and I'll now do a tripple bypass to find intersect 
	-> 1) Will set iter according to chooseChr and start and stop, and possibly using -sites
	-> Only read nSites: 1254267 will therefore prepare next chromosome (or exit)
	-> Done reading data from chromosome will prepare next chromosome
	-> Is in multi sfs, will now read data from chr:JASDQU010014800.1
	-> hello Im the master merge part of realSFS. and I'll now do a tripple bypass to find intersect 
	-> 1) Will set iter according to chooseChr and start and stop, and possibly using -sites
	-> Only read nSites: 1254999 will therefore prepare next chromosome (or exit)
	-> Done reading data from chromosome will prepare next chromosome
	-> Is in multi sfs, will now read data from chr:JASDQU010014802.1
	-> hello Im the master merge part of realSFS. and I'll now do a tripple bypass to find intersect 
	-> 1) Will set iter according to chooseChr and start and stop, and possibly using -sites
	-> Only read nSites: 1256322 will therefore prepare next chromosome (or exit)
	-> Done reading data from chromosome will prepare next chromosome
	-> Is in multi sfs, will now read data from chr:JASDQU010014804.1
	-> hello Im the master merge part of realSFS. and I'll now do a tripple bypass to find intersect 
	-> 1) Will set iter according to chooseChr and start and stop, and possibly using -sites
	-> Only read nSites: 1256816 will therefore prepare next chromosome (or exit)
	-> Done reading data from chromosome will prepare next chromosome
	-> Is in multi sfs, will now read data from chr:JASDQU010014808.1
	-> hello Im the master merge part of realSFS. and I'll now do a tripple bypass to find intersect 
	-> 1) Will set iter according to chooseChr and start and stop, and possibly using -sites
	-> Only read nSites: 1259462 will therefore prepare next chromosome (or exit)
	-> Done reading data from chromosome will prepare next chromosome
	-> Is in multi sfs, will now read data from chr:JASDQU010014811.1
	-> hello Im the master merge part of realSFS. and I'll now do a tripple bypass to find intersect 
	-> 1) Will set iter according to chooseChr and start and stop, and possibly using -sites
	-> Only read nSites: 1266354 will therefore prepare next chromosome (or exit)
	-> Done reading data from chromosome will prepare next chromosome
	-> Is in multi sfs, will now read data from chr:JASDQU010014816.1
	-> hello Im the master merge part of realSFS. and I'll now do a tripple bypass to find intersect 
	-> 1) Will set iter according to chooseChr and start and stop, and possibly using -sites
	-> Only read nSites: 1268631 will therefore prepare next chromosome (or exit)
	-> Done reading data from chromosome will prepare next chromosome
	-> Is in multi sfs, will now read data from chr:JASDQU010014826.1
	-> hello Im the master merge part of realSFS. and I'll now do a tripple bypass to find intersect 
	-> 1) Will set iter according to chooseChr and start and stop, and possibly using -sites
	-> Only read nSites: 1270208 will therefore prepare next chromosome (or exit)
	-> Done reading data from chromosome will prepare next chromosome
	-> Is in multi sfs, will now read data from chr:JASDQU010014828.1
	-> hello Im the master merge part of realSFS. and I'll now do a tripple bypass to find intersect 
	-> 1) Will set iter according to chooseChr and start and stop, and possibly using -sites
	-> Only read nSites: 1277525 will therefore prepare next chromosome (or exit)
	-> Done reading data from chromosome will prepare next chromosome
	-> Is in multi sfs, will now read data from chr:JASDQU010014832.1
	-> hello Im the master merge part of realSFS. and I'll now do a tripple bypass to find intersect 
	-> 1) Will set iter according to chooseChr and start and stop, and possibly using -sites
	-> Only read nSites: 1278627 will therefore prepare next chromosome (or exit)
	-> Done reading data from chromosome will prepare next chromosome
	-> Is in multi sfs, will now read data from chr:JASDQU010014835.1
	-> hello Im the master merge part of realSFS. and I'll now do a tripple bypass to find intersect 
	-> 1) Will set iter according to chooseChr and start and stop, and possibly using -sites
	-> Only read nSites: 1279490 will therefore prepare next chromosome (or exit)
	-> Done reading data from chromosome will prepare next chromosome
	-> Is in multi sfs, will now read data from chr:JASDQU010014837.1
	-> hello Im the master merge part of realSFS. and I'll now do a tripple bypass to find intersect 
	-> 1) Will set iter according to chooseChr and start and stop, and possibly using -sites
	-> Only read nSites: 1281022 will therefore prepare next chromosome (or exit)
	-> Done reading data from chromosome will prepare next chromosome
	-> Is in multi sfs, will now read data from chr:JASDQU010014845.1
	-> hello Im the master merge part of realSFS. and I'll now do a tripple bypass to find intersect 
	-> 1) Will set iter according to chooseChr and start and stop, and possibly using -sites
	-> Only read nSites: 1282255 will therefore prepare next chromosome (or exit)
	-> Done reading data from chromosome will prepare next chromosome
	-> Is in multi sfs, will now read data from chr:JASDQU010014848.1
	-> hello Im the master merge part of realSFS. and I'll now do a tripple bypass to find intersect 
	-> 1) Will set iter according to chooseChr and start and stop, and possibly using -sites
	-> Only read nSites: 1283079 will therefore prepare next chromosome (or exit)
	-> Done reading data from chromosome will prepare next chromosome
	-> Is in multi sfs, will now read data from chr:JASDQU010014855.1
	-> hello Im the master merge part of realSFS. and I'll now do a tripple bypass to find intersect 
	-> 1) Will set iter according to chooseChr and start and stop, and possibly using -sites
	-> Only read nSites: 1283430 will therefore prepare next chromosome (or exit)
	-> Done reading data from chromosome will prepare next chromosome
	-> Is in multi sfs, will now read data from chr:JASDQU010014857.1
	-> hello Im the master merge part of realSFS. and I'll now do a tripple bypass to find intersect 
	-> 1) Will set iter according to chooseChr and start and stop, and possibly using -sites
	-> Only read nSites: 1284999 will therefore prepare next chromosome (or exit)
	-> Done reading data from chromosome will prepare next chromosome
	-> Is in multi sfs, will now read data from chr:JASDQU010014859.1
	-> hello Im the master merge part of realSFS. and I'll now do a tripple bypass to find intersect 
	-> 1) Will set iter according to chooseChr and start and stop, and possibly using -sites
	-> Only read nSites: 1285556 will therefore prepare next chromosome (or exit)
	-> Done reading data from chromosome will prepare next chromosome
	-> Is in multi sfs, will now read data from chr:JASDQU010014869.1
	-> hello Im the master merge part of realSFS. and I'll now do a tripple bypass to find intersect 
	-> 1) Will set iter according to chooseChr and start and stop, and possibly using -sites
	-> Only read nSites: 1287723 will therefore prepare next chromosome (or exit)
	-> Done reading data from chromosome will prepare next chromosome
	-> Is in multi sfs, will now read data from chr:JASDQU010014878.1
	-> hello Im the master merge part of realSFS. and I'll now do a tripple bypass to find intersect 
	-> 1) Will set iter according to chooseChr and start and stop, and possibly using -sites
	-> Only read nSites: 1288607 will therefore prepare next chromosome (or exit)
	-> Done reading data from chromosome will prepare next chromosome
	-> Is in multi sfs, will now read data from chr:JASDQU010014879.1
	-> hello Im the master merge part of realSFS. and I'll now do a tripple bypass to find intersect 
	-> 1) Will set iter according to chooseChr and start and stop, and possibly using -sites
	-> Only read nSites: 1288700 will therefore prepare next chromosome (or exit)
	-> Done reading data from chromosome will prepare next chromosome
	-> Is in multi sfs, will now read data from chr:JASDQU010014887.1
	-> hello Im the master merge part of realSFS. and I'll now do a tripple bypass to find intersect 
	-> 1) Will set iter according to chooseChr and start and stop, and possibly using -sites
	-> Only read nSites: 1289844 will therefore prepare next chromosome (or exit)
	-> Done reading data from chromosome will prepare next chromosome
	-> Is in multi sfs, will now read data from chr:JASDQU010014888.1
	-> hello Im the master merge part of realSFS. and I'll now do a tripple bypass to find intersect 
	-> 1) Will set iter according to chooseChr and start and stop, and possibly using -sites
	-> Only read nSites: 1290388 will therefore prepare next chromosome (or exit)
	-> Done reading data from chromosome will prepare next chromosome
	-> Is in multi sfs, will now read data from chr:JASDQU010014891.1
	-> hello Im the master merge part of realSFS. and I'll now do a tripple bypass to find intersect 
	-> 1) Will set iter according to chooseChr and start and stop, and possibly using -sites
	-> Only read nSites: 1290593 will therefore prepare next chromosome (or exit)
	-> Done reading data from chromosome will prepare next chromosome
	-> Is in multi sfs, will now read data from chr:JASDQU010014892.1
	-> hello Im the master merge part of realSFS. and I'll now do a tripple bypass to find intersect 
	-> 1) Will set iter according to chooseChr and start and stop, and possibly using -sites
	-> Only read nSites: 1291829 will therefore prepare next chromosome (or exit)
	-> Done reading data from chromosome will prepare next chromosome
	-> Is in multi sfs, will now read data from chr:JASDQU010014898.1
	-> hello Im the master merge part of realSFS. and I'll now do a tripple bypass to find intersect 
	-> 1) Will set iter according to chooseChr and start and stop, and possibly using -sites
	-> Only read nSites: 1292860 will therefore prepare next chromosome (or exit)
	-> Done reading data from chromosome will prepare next chromosome
	-> Is in multi sfs, will now read data from chr:JASDQU010014904.1
	-> hello Im the master merge part of realSFS. and I'll now do a tripple bypass to find intersect 
	-> 1) Will set iter according to chooseChr and start and stop, and possibly using -sites
	-> Only read nSites: 1293215 will therefore prepare next chromosome (or exit)
	-> Done reading data from chromosome will prepare next chromosome
	-> Is in multi sfs, will now read data from chr:JASDQU010014910.1
	-> hello Im the master merge part of realSFS. and I'll now do a tripple bypass to find intersect 
	-> 1) Will set iter according to chooseChr and start and stop, and possibly using -sites
	-> Only read nSites: 1295481 will therefore prepare next chromosome (or exit)
	-> Done reading data from chromosome will prepare next chromosome
	-> Is in multi sfs, will now read data from chr:JASDQU010014912.1
	-> hello Im the master merge part of realSFS. and I'll now do a tripple bypass to find intersect 
	-> 1) Will set iter according to chooseChr and start and stop, and possibly using -sites
	-> Only read nSites: 1296520 will therefore prepare next chromosome (or exit)
	-> Done reading data from chromosome will prepare next chromosome
	-> Is in multi sfs, will now read data from chr:JASDQU010014919.1
	-> hello Im the master merge part of realSFS. and I'll now do a tripple bypass to find intersect 
	-> 1) Will set iter according to chooseChr and start and stop, and possibly using -sites
	-> Only read nSites: 1299889 will therefore prepare next chromosome (or exit)
	-> Done reading data from chromosome will prepare next chromosome
	-> Is in multi sfs, will now read data from chr:JASDQU010014920.1
	-> hello Im the master merge part of realSFS. and I'll now do a tripple bypass to find intersect 
	-> 1) Will set iter according to chooseChr and start and stop, and possibly using -sites
	-> Only read nSites: 1300959 will therefore prepare next chromosome (or exit)
	-> Done reading data from chromosome will prepare next chromosome
	-> Is in multi sfs, will now read data from chr:JASDQU010014926.1
	-> hello Im the master merge part of realSFS. and I'll now do a tripple bypass to find intersect 
	-> 1) Will set iter according to chooseChr and start and stop, and possibly using -sites
	-> Only read nSites: 1302295 will therefore prepare next chromosome (or exit)
	-> Done reading data from chromosome will prepare next chromosome
	-> Is in multi sfs, will now read data from chr:JASDQU010014930.1
	-> hello Im the master merge part of realSFS. and I'll now do a tripple bypass to find intersect 
	-> 1) Will set iter according to chooseChr and start and stop, and possibly using -sites
	-> Only read nSites: 1305376 will therefore prepare next chromosome (or exit)
	-> Done reading data from chromosome will prepare next chromosome
	-> Is in multi sfs, will now read data from chr:JASDQU010014938.1
	-> hello Im the master merge part of realSFS. and I'll now do a tripple bypass to find intersect 
	-> 1) Will set iter according to chooseChr and start and stop, and possibly using -sites
	-> Only read nSites: 1305561 will therefore prepare next chromosome (or exit)
	-> Done reading data from chromosome will prepare next chromosome
	-> Is in multi sfs, will now read data from chr:JASDQU010014943.1
	-> hello Im the master merge part of realSFS. and I'll now do a tripple bypass to find intersect 
	-> 1) Will set iter according to chooseChr and start and stop, and possibly using -sites
	-> Only read nSites: 1305903 will therefore prepare next chromosome (or exit)
	-> Done reading data from chromosome will prepare next chromosome
	-> Is in multi sfs, will now read data from chr:JASDQU010014945.1
	-> hello Im the master merge part of realSFS. and I'll now do a tripple bypass to find intersect 
	-> 1) Will set iter according to chooseChr and start and stop, and possibly using -sites
	-> Only read nSites: 1305988 will therefore prepare next chromosome (or exit)
	-> Done reading data from chromosome will prepare next chromosome
	-> Is in multi sfs, will now read data from chr:JASDQU010014947.1
	-> hello Im the master merge part of realSFS. and I'll now do a tripple bypass to find intersect 
	-> 1) Will set iter according to chooseChr and start and stop, and possibly using -sites
	-> Only read nSites: 1306725 will therefore prepare next chromosome (or exit)
	-> Done reading data from chromosome will prepare next chromosome
	-> Is in multi sfs, will now read data from chr:JASDQU010014960.1
	-> hello Im the master merge part of realSFS. and I'll now do a tripple bypass to find intersect 
	-> 1) Will set iter according to chooseChr and start and stop, and possibly using -sites
	-> Only read nSites: 1307843 will therefore prepare next chromosome (or exit)
	-> Done reading data from chromosome will prepare next chromosome
	-> Is in multi sfs, will now read data from chr:JASDQU010014962.1
	-> hello Im the master merge part of realSFS. and I'll now do a tripple bypass to find intersect 
	-> 1) Will set iter according to chooseChr and start and stop, and possibly using -sites
	-> Only read nSites: 1308808 will therefore prepare next chromosome (or exit)
	-> Done reading data from chromosome will prepare next chromosome
	-> Is in multi sfs, will now read data from chr:JASDQU010014963.1
	-> hello Im the master merge part of realSFS. and I'll now do a tripple bypass to find intersect 
	-> 1) Will set iter according to chooseChr and start and stop, and possibly using -sites
	-> Only read nSites: 1309100 will therefore prepare next chromosome (or exit)
	-> Done reading data from chromosome will prepare next chromosome
	-> Is in multi sfs, will now read data from chr:JASDQU010014971.1
	-> hello Im the master merge part of realSFS. and I'll now do a tripple bypass to find intersect 
	-> 1) Will set iter according to chooseChr and start and stop, and possibly using -sites
	-> Only read nSites: 1310329 will therefore prepare next chromosome (or exit)
	-> Done reading data from chromosome will prepare next chromosome
	-> Is in multi sfs, will now read data from chr:JASDQU010014974.1
	-> hello Im the master merge part of realSFS. and I'll now do a tripple bypass to find intersect 
	-> 1) Will set iter according to chooseChr and start and stop, and possibly using -sites
	-> Only read nSites: 1311082 will therefore prepare next chromosome (or exit)
	-> Done reading data from chromosome will prepare next chromosome
	-> Is in multi sfs, will now read data from chr:JASDQU010014976.1
	-> hello Im the master merge part of realSFS. and I'll now do a tripple bypass to find intersect 
	-> 1) Will set iter according to chooseChr and start and stop, and possibly using -sites
	-> Only read nSites: 1320210 will therefore prepare next chromosome (or exit)
	-> Done reading data from chromosome will prepare next chromosome
	-> Is in multi sfs, will now read data from chr:JASDQU010014988.1
	-> hello Im the master merge part of realSFS. and I'll now do a tripple bypass to find intersect 
	-> 1) Will set iter according to chooseChr and start and stop, and possibly using -sites
	-> Only read nSites: 1321429 will therefore prepare next chromosome (or exit)
	-> Done reading data from chromosome will prepare next chromosome
	-> Is in multi sfs, will now read data from chr:JASDQU010014990.1
	-> hello Im the master merge part of realSFS. and I'll now do a tripple bypass to find intersect 
	-> 1) Will set iter according to chooseChr and start and stop, and possibly using -sites
	-> Only read nSites: 1325287 will therefore prepare next chromosome (or exit)
	-> Done reading data from chromosome will prepare next chromosome
	-> Is in multi sfs, will now read data from chr:JASDQU010014992.1
	-> hello Im the master merge part of realSFS. and I'll now do a tripple bypass to find intersect 
	-> 1) Will set iter according to chooseChr and start and stop, and possibly using -sites
	-> Only read nSites: 1325612 will therefore prepare next chromosome (or exit)
	-> Done reading data from chromosome will prepare next chromosome
	-> Is in multi sfs, will now read data from chr:JASDQU010016659.1
	-> hello Im the master merge part of realSFS. and I'll now do a tripple bypass to find intersect 
	-> 1) Will set iter according to chooseChr and start and stop, and possibly using -sites
	-> Only read nSites: 1325619 will therefore prepare next chromosome (or exit)
	-> Done reading data from chromosome will prepare next chromosome
	-> Is in multi sfs, will now read data from chr:JASDQU010017990.1
	-> hello Im the master merge part of realSFS. and I'll now do a tripple bypass to find intersect 
	-> 1) Will set iter according to chooseChr and start and stop, and possibly using -sites
	-> Only read nSites: 1325708 will therefore prepare next chromosome (or exit)
	-> Done reading data from chromosome will prepare next chromosome
	-> Is in multi sfs, will now read data from chr:JASDQU010018065.1
	-> hello Im the master merge part of realSFS. and I'll now do a tripple bypass to find intersect 
	-> 1) Will set iter according to chooseChr and start and stop, and possibly using -sites
	-> Only read nSites: 1326096 will therefore prepare next chromosome (or exit)
	-> Done reading data from chromosome will prepare next chromosome
	-> Is in multi sfs, will now read data from chr:JASDQU010019752.1
	-> hello Im the master merge part of realSFS. and I'll now do a tripple bypass to find intersect 
	-> 1) Will set iter according to chooseChr and start and stop, and possibly using -sites
	-> Only read nSites: 1326399 will therefore prepare next chromosome (or exit)
	-> Done reading data from chromosome will prepare next chromosome
	-> Is in multi sfs, will now read data from chr:JASDQU010019762.1
	-> hello Im the master merge part of realSFS. and I'll now do a tripple bypass to find intersect 
	-> 1) Will set iter according to chooseChr and start and stop, and possibly using -sites
	-> Only read nSites: 1327538 will therefore prepare next chromosome (or exit)
	-> Done reading data from chromosome will prepare next chromosome
	-> Is in multi sfs, will now read data from chr:JASDQU010019770.1
	-> hello Im the master merge part of realSFS. and I'll now do a tripple bypass to find intersect 
	-> 1) Will set iter according to chooseChr and start and stop, and possibly using -sites
	-> Only read nSites: 1328990 will therefore prepare next chromosome (or exit)
	-> Done reading data from chromosome will prepare next chromosome
	-> Is in multi sfs, will now read data from chr:JASDQU010019777.1
	-> hello Im the master merge part of realSFS. and I'll now do a tripple bypass to find intersect 
	-> 1) Will set iter according to chooseChr and start and stop, and possibly using -sites
	-> Only read nSites: 1329203 will therefore prepare next chromosome (or exit)
	-> Done reading data from chromosome will prepare next chromosome
	-> Is in multi sfs, will now read data from chr:JASDQU010019803.1
	-> hello Im the master merge part of realSFS. and I'll now do a tripple bypass to find intersect 
	-> 1) Will set iter according to chooseChr and start and stop, and possibly using -sites
	-> Only read nSites: 1329855 will therefore prepare next chromosome (or exit)
	-> Done reading data from chromosome will prepare next chromosome
	-> Is in multi sfs, will now read data from chr:JASDQU010019832.1
	-> hello Im the master merge part of realSFS. and I'll now do a tripple bypass to find intersect 
	-> 1) Will set iter according to chooseChr and start and stop, and possibly using -sites
	-> Only read nSites: 1331618 will therefore prepare next chromosome (or exit)
	-> Done reading data from chromosome will prepare next chromosome
	-> Is in multi sfs, will now read data from chr:JASDQU010019898.1
	-> hello Im the master merge part of realSFS. and I'll now do a tripple bypass to find intersect 
	-> 1) Will set iter according to chooseChr and start and stop, and possibly using -sites
	-> Only read nSites: 1333409 will therefore prepare next chromosome (or exit)
	-> Done reading data from chromosome will prepare next chromosome
	-> Is in multi sfs, will now read data from chr:JASDQU010019944.1
	-> hello Im the master merge part of realSFS. and I'll now do a tripple bypass to find intersect 
	-> 1) Will set iter according to chooseChr and start and stop, and possibly using -sites
	-> Only read nSites: 1333434 will therefore prepare next chromosome (or exit)
	-> Done reading data from chromosome will prepare next chromosome
	-> Is in multi sfs, will now read data from chr:JASDQU010020006.1
	-> hello Im the master merge part of realSFS. and I'll now do a tripple bypass to find intersect 
	-> 1) Will set iter according to chooseChr and start and stop, and possibly using -sites
	-> Only read nSites: 1335708 will therefore prepare next chromosome (or exit)
	-> Done reading data from chromosome will prepare next chromosome
	-> Is in multi sfs, will now read data from chr:JASDQU010020023.1
	-> hello Im the master merge part of realSFS. and I'll now do a tripple bypass to find intersect 
	-> 1) Will set iter according to chooseChr and start and stop, and possibly using -sites
	-> Only read nSites: 1337532 will therefore prepare next chromosome (or exit)
	-> Done reading data from chromosome will prepare next chromosome
	-> Is in multi sfs, will now read data from chr:JASDQU010022813.1
	-> hello Im the master merge part of realSFS. and I'll now do a tripple bypass to find intersect 
	-> 1) Will set iter according to chooseChr and start and stop, and possibly using -sites
	-> Only read nSites: 1338020 will therefore prepare next chromosome (or exit)
	-> Done reading data from chromosome will prepare next chromosome
	-> Is in multi sfs, will now read data from chr:JASDQU010023330.1
	-> hello Im the master merge part of realSFS. and I'll now do a tripple bypass to find intersect 
	-> 1) Will set iter according to chooseChr and start and stop, and possibly using -sites
	-> Only read nSites: 1338685 will therefore prepare next chromosome (or exit)
	-> Done reading data from chromosome will prepare next chromosome
	-> Is in multi sfs, will now read data from chr:JASDQU010024521.1
	-> hello Im the master merge part of realSFS. and I'll now do a tripple bypass to find intersect 
	-> 1) Will set iter according to chooseChr and start and stop, and possibly using -sites
	-> Only read nSites: 1339387 will therefore prepare next chromosome (or exit)
	-> Done reading data from chromosome will prepare next chromosome
	-> Is in multi sfs, will now read data from chr:JASDQU010024837.1
	-> hello Im the master merge part of realSFS. and I'll now do a tripple bypass to find intersect 
	-> 1) Will set iter according to chooseChr and start and stop, and possibly using -sites
	-> Only read nSites: 1339422 will therefore prepare next chromosome (or exit)
	-> Done reading data from chromosome will prepare next chromosome
	-> Is in multi sfs, will now read data from chr:JASDQU010025080.1
	-> hello Im the master merge part of realSFS. and I'll now do a tripple bypass to find intersect 
	-> 1) Will set iter according to chooseChr and start and stop, and possibly using -sites
	-> Only read nSites: 1339915 will therefore prepare next chromosome (or exit)
	-> Done reading data from chromosome will prepare next chromosome
	-> Is in multi sfs, will now read data from chr:JASDQU010025126.1
	-> hello Im the master merge part of realSFS. and I'll now do a tripple bypass to find intersect 
	-> 1) Will set iter according to chooseChr and start and stop, and possibly using -sites
	-> Only read nSites: 1340171 will therefore prepare next chromosome (or exit)
	-> Done reading data from chromosome will prepare next chromosome
	-> Is in multi sfs, will now read data from chr:JASDQU010025136.1
	-> hello Im the master merge part of realSFS. and I'll now do a tripple bypass to find intersect 
	-> 1) Will set iter according to chooseChr and start and stop, and possibly using -sites
	-> Only read nSites: 1340332 will therefore prepare next chromosome (or exit)
	-> Done reading data from chromosome will prepare next chromosome
	-> Is in multi sfs, will now read data from chr:JASDQU010025139.1
	-> hello Im the master merge part of realSFS. and I'll now do a tripple bypass to find intersect 
	-> 1) Will set iter according to chooseChr and start and stop, and possibly using -sites
	-> Only read nSites: 1340908 will therefore prepare next chromosome (or exit)
	-> Done reading data from chromosome will prepare next chromosome
	-> Is in multi sfs, will now read data from chr:JASDQU010025143.1
	-> hello Im the master merge part of realSFS. and I'll now do a tripple bypass to find intersect 
	-> 1) Will set iter according to chooseChr and start and stop, and possibly using -sites
	-> Only read nSites: 1341085 will therefore prepare next chromosome (or exit)
	-> Done reading data from chromosome will prepare next chromosome
	-> Is in multi sfs, will now read data from chr:JASDQU010025153.1
	-> hello Im the master merge part of realSFS. and I'll now do a tripple bypass to find intersect 
	-> 1) Will set iter according to chooseChr and start and stop, and possibly using -sites
	-> Only read nSites: 1341501 will therefore prepare next chromosome (or exit)
	-> Done reading data from chromosome will prepare next chromosome
	-> Is in multi sfs, will now read data from chr:JASDQU010025161.1
	-> hello Im the master merge part of realSFS. and I'll now do a tripple bypass to find intersect 
	-> 1) Will set iter according to chooseChr and start and stop, and possibly using -sites
	-> Only read nSites: 1341885 will therefore prepare next chromosome (or exit)
	-> Done reading data from chromosome will prepare next chromosome
	-> Is in multi sfs, will now read data from chr:JASDQU010025170.1
	-> hello Im the master merge part of realSFS. and I'll now do a tripple bypass to find intersect 
	-> 1) Will set iter according to chooseChr and start and stop, and possibly using -sites
	-> Only read nSites: 1343023 will therefore prepare next chromosome (or exit)
	-> Done reading data from chromosome will prepare next chromosome
	-> Is in multi sfs, will now read data from chr:JASDQU010025209.1
	-> hello Im the master merge part of realSFS. and I'll now do a tripple bypass to find intersect 
	-> 1) Will set iter according to chooseChr and start and stop, and possibly using -sites
	-> Only read nSites: 1345564 will therefore prepare next chromosome (or exit)
	-> Done reading data from chromosome will prepare next chromosome
	-> Is in multi sfs, will now read data from chr:JASDQU010025210.1
	-> hello Im the master merge part of realSFS. and I'll now do a tripple bypass to find intersect 
	-> 1) Will set iter according to chooseChr and start and stop, and possibly using -sites
	-> Only read nSites: 1347184 will therefore prepare next chromosome (or exit)
	-> Done reading data from chromosome will prepare next chromosome
	-> Is in multi sfs, will now read data from chr:JASDQU010025271.1
	-> hello Im the master merge part of realSFS. and I'll now do a tripple bypass to find intersect 
	-> 1) Will set iter according to chooseChr and start and stop, and possibly using -sites
	-> Only read nSites: 1349490 will therefore prepare next chromosome (or exit)
	-> Done reading data from chromosome will prepare next chromosome
	-> Is in multi sfs, will now read data from chr:JASDQU010025276.1
	-> hello Im the master merge part of realSFS. and I'll now do a tripple bypass to find intersect 
	-> 1) Will set iter according to chooseChr and start and stop, and possibly using -sites
	-> Only read nSites: 1349618 will therefore prepare next chromosome (or exit)
	-> Done reading data from chromosome will prepare next chromosome
	-> Is in multi sfs, will now read data from chr:JASDQU010025279.1
	-> hello Im the master merge part of realSFS. and I'll now do a tripple bypass to find intersect 
	-> 1) Will set iter according to chooseChr and start and stop, and possibly using -sites
	-> Only read nSites: 1351964 will therefore prepare next chromosome (or exit)
	-> Done reading data from chromosome will prepare next chromosome
	-> Is in multi sfs, will now read data from chr:JASDQU010025297.1
	-> hello Im the master merge part of realSFS. and I'll now do a tripple bypass to find intersect 
	-> 1) Will set iter according to chooseChr and start and stop, and possibly using -sites
	-> Only read nSites: 1353429 will therefore prepare next chromosome (or exit)
	-> Done reading data from chromosome will prepare next chromosome
	-> Is in multi sfs, will now read data from chr:JASDQU010025301.1
	-> hello Im the master merge part of realSFS. and I'll now do a tripple bypass to find intersect 
	-> 1) Will set iter according to chooseChr and start and stop, and possibly using -sites
	-> Only read nSites: 1354325 will therefore prepare next chromosome (or exit)
	-> Done reading data from chromosome will prepare next chromosome
	-> Is in multi sfs, will now read data from chr:JASDQU010025302.1
	-> hello Im the master merge part of realSFS. and I'll now do a tripple bypass to find intersect 
	-> 1) Will set iter according to chooseChr and start and stop, and possibly using -sites
	-> Only read nSites: 1354488 will therefore prepare next chromosome (or exit)
	-> Done reading data from chromosome will prepare next chromosome
	-> Is in multi sfs, will now read data from chr:JASDQU010025304.1
	-> hello Im the master merge part of realSFS. and I'll now do a tripple bypass to find intersect 
	-> 1) Will set iter according to chooseChr and start and stop, and possibly using -sites
	-> Only read nSites: 1356102 will therefore prepare next chromosome (or exit)
	-> Done reading data from chromosome will prepare next chromosome
	-> Is in multi sfs, will now read data from chr:JASDQU010025325.1
	-> hello Im the master merge part of realSFS. and I'll now do a tripple bypass to find intersect 
	-> 1) Will set iter according to chooseChr and start and stop, and possibly using -sites
	-> Only read nSites: 1356716 will therefore prepare next chromosome (or exit)
	-> Done reading data from chromosome will prepare next chromosome
	-> Is in multi sfs, will now read data from chr:JASDQU010025374.1
	-> hello Im the master merge part of realSFS. and I'll now do a tripple bypass to find intersect 
	-> 1) Will set iter according to chooseChr and start and stop, and possibly using -sites
	-> Only read nSites: 1357642 will therefore prepare next chromosome (or exit)
	-> Done reading data from chromosome will prepare next chromosome
	-> Is in multi sfs, will now read data from chr:JASDQU010025387.1
	-> hello Im the master merge part of realSFS. and I'll now do a tripple bypass to find intersect 
	-> 1) Will set iter according to chooseChr and start and stop, and possibly using -sites
	-> Only read nSites: 1357884 will therefore prepare next chromosome (or exit)
	-> Done reading data from chromosome will prepare next chromosome
	-> Is in multi sfs, will now read data from chr:JASDQU010025412.1
	-> hello Im the master merge part of realSFS. and I'll now do a tripple bypass to find intersect 
	-> 1) Will set iter according to chooseChr and start and stop, and possibly using -sites
	-> Only read nSites: 1358843 will therefore prepare next chromosome (or exit)
	-> Done reading data from chromosome will prepare next chromosome
	-> Is in multi sfs, will now read data from chr:JASDQU010025430.1
	-> hello Im the master merge part of realSFS. and I'll now do a tripple bypass to find intersect 
	-> 1) Will set iter according to chooseChr and start and stop, and possibly using -sites
	-> Only read nSites: 1359379 will therefore prepare next chromosome (or exit)
	-> Done reading data from chromosome will prepare next chromosome
	-> Is in multi sfs, will now read data from chr:JASDQU010025431.1
	-> hello Im the master merge part of realSFS. and I'll now do a tripple bypass to find intersect 
	-> 1) Will set iter according to chooseChr and start and stop, and possibly using -sites
	-> Only read nSites: 1360231 will therefore prepare next chromosome (or exit)
	-> Done reading data from chromosome will prepare next chromosome
	-> Is in multi sfs, will now read data from chr:JASDQU010025446.1
	-> hello Im the master merge part of realSFS. and I'll now do a tripple bypass to find intersect 
	-> 1) Will set iter according to chooseChr and start and stop, and possibly using -sites
	-> Only read nSites: 1360632 will therefore prepare next chromosome (or exit)
	-> Done reading data from chromosome will prepare next chromosome
	-> Is in multi sfs, will now read data from chr:JASDQU010025468.1
	-> hello Im the master merge part of realSFS. and I'll now do a tripple bypass to find intersect 
	-> 1) Will set iter according to chooseChr and start and stop, and possibly using -sites
	-> Only read nSites: 1360676 will therefore prepare next chromosome (or exit)
	-> Done reading data from chromosome will prepare next chromosome
	-> Is in multi sfs, will now read data from chr:JASDQU010025480.1
	-> hello Im the master merge part of realSFS. and I'll now do a tripple bypass to find intersect 
	-> 1) Will set iter according to chooseChr and start and stop, and possibly using -sites
	-> Only read nSites: 1362670 will therefore prepare next chromosome (or exit)
	-> Done reading data from chromosome will prepare next chromosome
	-> Is in multi sfs, will now read data from chr:JASDQU010025505.1
	-> hello Im the master merge part of realSFS. and I'll now do a tripple bypass to find intersect 
	-> 1) Will set iter according to chooseChr and start and stop, and possibly using -sites
	-> Only read nSites: 1363270 will therefore prepare next chromosome (or exit)
	-> Done reading data from chromosome will prepare next chromosome
	-> Is in multi sfs, will now read data from chr:JASDQU010025523.1
	-> hello Im the master merge part of realSFS. and I'll now do a tripple bypass to find intersect 
	-> 1) Will set iter according to chooseChr and start and stop, and possibly using -sites
	-> Only read nSites: 1366085 will therefore prepare next chromosome (or exit)
	-> Done reading data from chromosome will prepare next chromosome
	-> Is in multi sfs, will now read data from chr:JASDQU010025549.1
	-> hello Im the master merge part of realSFS. and I'll now do a tripple bypass to find intersect 
	-> 1) Will set iter according to chooseChr and start and stop, and possibly using -sites
	-> Only read nSites: 1366220 will therefore prepare next chromosome (or exit)
	-> Done reading data from chromosome will prepare next chromosome
	-> Is in multi sfs, will now read data from chr:JASDQU010025559.1
	-> hello Im the master merge part of realSFS. and I'll now do a tripple bypass to find intersect 
	-> 1) Will set iter according to chooseChr and start and stop, and possibly using -sites
	-> Only read nSites: 1367172 will therefore prepare next chromosome (or exit)
	-> Done reading data from chromosome will prepare next chromosome
	-> Is in multi sfs, will now read data from chr:JASDQU010025560.1
	-> hello Im the master merge part of realSFS. and I'll now do a tripple bypass to find intersect 
	-> 1) Will set iter according to chooseChr and start and stop, and possibly using -sites
	-> Only read nSites: 1368070 will therefore prepare next chromosome (or exit)
	-> Done reading data from chromosome will prepare next chromosome
	-> Is in multi sfs, will now read data from chr:JASDQU010025627.1
	-> hello Im the master merge part of realSFS. and I'll now do a tripple bypass to find intersect 
	-> 1) Will set iter according to chooseChr and start and stop, and possibly using -sites
	-> Only read nSites: 1369929 will therefore prepare next chromosome (or exit)
	-> Done reading data from chromosome will prepare next chromosome
	-> Is in multi sfs, will now read data from chr:JASDQU010025649.1
	-> hello Im the master merge part of realSFS. and I'll now do a tripple bypass to find intersect 
	-> 1) Will set iter according to chooseChr and start and stop, and possibly using -sites
	-> Only read nSites: 1370190 will therefore prepare next chromosome (or exit)
	-> Done reading data from chromosome will prepare next chromosome
	-> Is in multi sfs, will now read data from chr:JASDQU010025650.1
	-> hello Im the master merge part of realSFS. and I'll now do a tripple bypass to find intersect 
	-> 1) Will set iter according to chooseChr and start and stop, and possibly using -sites
	-> Only read nSites: 1372842 will therefore prepare next chromosome (or exit)
	-> Done reading data from chromosome will prepare next chromosome
	-> Is in multi sfs, will now read data from chr:JASDQU010025691.1
	-> hello Im the master merge part of realSFS. and I'll now do a tripple bypass to find intersect 
	-> 1) Will set iter according to chooseChr and start and stop, and possibly using -sites
	-> Only read nSites: 1373177 will therefore prepare next chromosome (or exit)
	-> Done reading data from chromosome will prepare next chromosome
	-> Is in multi sfs, will now read data from chr:JASDQU010025692.1
	-> hello Im the master merge part of realSFS. and I'll now do a tripple bypass to find intersect 
	-> 1) Will set iter according to chooseChr and start and stop, and possibly using -sites
	-> Only read nSites: 1373803 will therefore prepare next chromosome (or exit)
	-> Done reading data from chromosome will prepare next chromosome
	-> Is in multi sfs, will now read data from chr:JASDQU010025729.1
	-> hello Im the master merge part of realSFS. and I'll now do a tripple bypass to find intersect 
	-> 1) Will set iter according to chooseChr and start and stop, and possibly using -sites
	-> Only read nSites: 1373908 will therefore prepare next chromosome (or exit)
	-> Done reading data from chromosome will prepare next chromosome
	-> Is in multi sfs, will now read data from chr:JASDQU010025758.1
	-> hello Im the master merge part of realSFS. and I'll now do a tripple bypass to find intersect 
	-> 1) Will set iter according to chooseChr and start and stop, and possibly using -sites
	-> Only read nSites: 1374758 will therefore prepare next chromosome (or exit)
	-> Done reading data from chromosome will prepare next chromosome
	-> Is in multi sfs, will now read data from chr:JASDQU010025759.1
	-> hello Im the master merge part of realSFS. and I'll now do a tripple bypass to find intersect 
	-> 1) Will set iter according to chooseChr and start and stop, and possibly using -sites
	-> Only read nSites: 1375259 will therefore prepare next chromosome (or exit)
	-> Done reading data from chromosome will prepare next chromosome
	-> Is in multi sfs, will now read data from chr:JASDQU010025763.1
	-> hello Im the master merge part of realSFS. and I'll now do a tripple bypass to find intersect 
	-> 1) Will set iter according to chooseChr and start and stop, and possibly using -sites
	-> Only read nSites: 1375374 will therefore prepare next chromosome (or exit)
	-> Done reading data from chromosome will prepare next chromosome
	-> Is in multi sfs, will now read data from chr:JASDQU010025789.1
	-> hello Im the master merge part of realSFS. and I'll now do a tripple bypass to find intersect 
	-> 1) Will set iter according to chooseChr and start and stop, and possibly using -sites
	-> Only read nSites: 1376394 will therefore prepare next chromosome (or exit)
	-> Done reading data from chromosome will prepare next chromosome
	-> Is in multi sfs, will now read data from chr:JASDQU010025799.1
	-> hello Im the master merge part of realSFS. and I'll now do a tripple bypass to find intersect 
	-> 1) Will set iter according to chooseChr and start and stop, and possibly using -sites
	-> Only read nSites: 1376502 will therefore prepare next chromosome (or exit)
	-> Done reading data from chromosome will prepare next chromosome
	-> Is in multi sfs, will now read data from chr:JASDQU010025851.1
	-> hello Im the master merge part of realSFS. and I'll now do a tripple bypass to find intersect 
	-> 1) Will set iter according to chooseChr and start and stop, and possibly using -sites
	-> Only read nSites: 1377117 will therefore prepare next chromosome (or exit)
	-> Done reading data from chromosome will prepare next chromosome
	-> Is in multi sfs, will now read data from chr:JASDQU010025971.1
	-> hello Im the master merge part of realSFS. and I'll now do a tripple bypass to find intersect 
	-> 1) Will set iter according to chooseChr and start and stop, and possibly using -sites
	-> Only read nSites: 1378547 will therefore prepare next chromosome (or exit)
	-> Done reading data from chromosome will prepare next chromosome
	-> Is in multi sfs, will now read data from chr:JASDQU010026015.1
	-> hello Im the master merge part of realSFS. and I'll now do a tripple bypass to find intersect 
	-> 1) Will set iter according to chooseChr and start and stop, and possibly using -sites
	-> Only read nSites: 1379403 will therefore prepare next chromosome (or exit)
	-> Done reading data from chromosome will prepare next chromosome
	-> Is in multi sfs, will now read data from chr:JASDQU010026017.1
	-> hello Im the master merge part of realSFS. and I'll now do a tripple bypass to find intersect 
	-> 1) Will set iter according to chooseChr and start and stop, and possibly using -sites
	-> Only read nSites: 1379567 will therefore prepare next chromosome (or exit)
	-> Done reading data from chromosome will prepare next chromosome
	-> Is in multi sfs, will now read data from chr:JASDQU010026022.1
	-> hello Im the master merge part of realSFS. and I'll now do a tripple bypass to find intersect 
	-> 1) Will set iter according to chooseChr and start and stop, and possibly using -sites
	-> Only read nSites: 1379949 will therefore prepare next chromosome (or exit)
	-> Done reading data from chromosome will prepare next chromosome
	-> Is in multi sfs, will now read data from chr:JASDQU010026035.1
	-> hello Im the master merge part of realSFS. and I'll now do a tripple bypass to find intersect 
	-> 1) Will set iter according to chooseChr and start and stop, and possibly using -sites
	-> Only read nSites: 1381650 will therefore prepare next chromosome (or exit)
	-> Done reading data from chromosome will prepare next chromosome
	-> Is in multi sfs, will now read data from chr:JASDQU010026038.1
	-> hello Im the master merge part of realSFS. and I'll now do a tripple bypass to find intersect 
	-> 1) Will set iter according to chooseChr and start and stop, and possibly using -sites
	-> Only read nSites: 1383278 will therefore prepare next chromosome (or exit)
	-> Done reading data from chromosome will prepare next chromosome
	-> Is in multi sfs, will now read data from chr:JASDQU010026050.1
	-> hello Im the master merge part of realSFS. and I'll now do a tripple bypass to find intersect 
	-> 1) Will set iter according to chooseChr and start and stop, and possibly using -sites
	-> Only read nSites: 1383427 will therefore prepare next chromosome (or exit)
	-> Done reading data from chromosome will prepare next chromosome
	-> Is in multi sfs, will now read data from chr:JASDQU010026060.1
	-> hello Im the master merge part of realSFS. and I'll now do a tripple bypass to find intersect 
	-> 1) Will set iter according to chooseChr and start and stop, and possibly using -sites
	-> Only read nSites: 1384104 will therefore prepare next chromosome (or exit)
	-> Done reading data from chromosome will prepare next chromosome
	-> Is in multi sfs, will now read data from chr:JASDQU010026063.1
	-> hello Im the master merge part of realSFS. and I'll now do a tripple bypass to find intersect 
	-> 1) Will set iter according to chooseChr and start and stop, and possibly using -sites
	-> Only read nSites: 1387082 will therefore prepare next chromosome (or exit)
	-> Done reading data from chromosome will prepare next chromosome
	-> Is in multi sfs, will now read data from chr:JASDQU010026076.1
	-> hello Im the master merge part of realSFS. and I'll now do a tripple bypass to find intersect 
	-> 1) Will set iter according to chooseChr and start and stop, and possibly using -sites
	-> Only read nSites: 1390476 will therefore prepare next chromosome (or exit)
	-> Done reading data from chromosome will prepare next chromosome
	-> Is in multi sfs, will now read data from chr:JASDQU010026096.1
	-> hello Im the master merge part of realSFS. and I'll now do a tripple bypass to find intersect 
	-> 1) Will set iter according to chooseChr and start and stop, and possibly using -sites
	-> Only read nSites: 1390566 will therefore prepare next chromosome (or exit)
	-> Done reading data from chromosome will prepare next chromosome
	-> Is in multi sfs, will now read data from chr:JASDQU010026194.1
	-> hello Im the master merge part of realSFS. and I'll now do a tripple bypass to find intersect 
	-> 1) Will set iter according to chooseChr and start and stop, and possibly using -sites
	-> Only read nSites: 1391580 will therefore prepare next chromosome (or exit)
	-> Done reading data from chromosome will prepare next chromosome
	-> Is in multi sfs, will now read data from chr:JASDQU010026238.1
	-> hello Im the master merge part of realSFS. and I'll now do a tripple bypass to find intersect 
	-> 1) Will set iter according to chooseChr and start and stop, and possibly using -sites
	-> Only read nSites: 1394615 will therefore prepare next chromosome (or exit)
	-> Done reading data from chromosome will prepare next chromosome
	-> Is in multi sfs, will now read data from chr:JASDQU010026250.1
	-> hello Im the master merge part of realSFS. and I'll now do a tripple bypass to find intersect 
	-> 1) Will set iter according to chooseChr and start and stop, and possibly using -sites
	-> Only read nSites: 1395995 will therefore prepare next chromosome (or exit)
	-> Done reading data from chromosome will prepare next chromosome
	-> Is in multi sfs, will now read data from chr:JASDQU010026252.1
	-> hello Im the master merge part of realSFS. and I'll now do a tripple bypass to find intersect 
	-> 1) Will set iter according to chooseChr and start and stop, and possibly using -sites
	-> Only read nSites: 1398038 will therefore prepare next chromosome (or exit)
	-> Done reading data from chromosome will prepare next chromosome
	-> Is in multi sfs, will now read data from chr:JASDQU010026257.1
	-> hello Im the master merge part of realSFS. and I'll now do a tripple bypass to find intersect 
	-> 1) Will set iter according to chooseChr and start and stop, and possibly using -sites
	-> Only read nSites: 1398400 will therefore prepare next chromosome (or exit)
	-> Done reading data from chromosome will prepare next chromosome
	-> Is in multi sfs, will now read data from chr:JASDQU010026306.1
	-> hello Im the master merge part of realSFS. and I'll now do a tripple bypass to find intersect 
	-> 1) Will set iter according to chooseChr and start and stop, and possibly using -sites
	-> Only read nSites: 1398955 will therefore prepare next chromosome (or exit)
	-> Done reading data from chromosome will prepare next chromosome
	-> Is in multi sfs, will now read data from chr:JASDQU010026314.1
	-> hello Im the master merge part of realSFS. and I'll now do a tripple bypass to find intersect 
	-> 1) Will set iter according to chooseChr and start and stop, and possibly using -sites
	-> Only read nSites: 1399826 will therefore prepare next chromosome (or exit)
	-> Done reading data from chromosome will prepare next chromosome
	-> Is in multi sfs, will now read data from chr:JASDQU010026316.1
	-> hello Im the master merge part of realSFS. and I'll now do a tripple bypass to find intersect 
	-> 1) Will set iter according to chooseChr and start and stop, and possibly using -sites
	-> Only read nSites: 1402595 will therefore prepare next chromosome (or exit)
	-> Done reading data from chromosome will prepare next chromosome
	-> Is in multi sfs, will now read data from chr:JASDQU010026322.1
	-> hello Im the master merge part of realSFS. and I'll now do a tripple bypass to find intersect 
	-> 1) Will set iter according to chooseChr and start and stop, and possibly using -sites
	-> Only read nSites: 1403645 will therefore prepare next chromosome (or exit)
	-> Done reading data from chromosome will prepare next chromosome
	-> Is in multi sfs, will now read data from chr:JASDQU010026353.1
	-> hello Im the master merge part of realSFS. and I'll now do a tripple bypass to find intersect 
	-> 1) Will set iter according to chooseChr and start and stop, and possibly using -sites
	-> Only read nSites: 1403684 will therefore prepare next chromosome (or exit)
	-> Done reading data from chromosome will prepare next chromosome
	-> Is in multi sfs, will now read data from chr:JASDQU010026382.1
	-> hello Im the master merge part of realSFS. and I'll now do a tripple bypass to find intersect 
	-> 1) Will set iter according to chooseChr and start and stop, and possibly using -sites
	-> Only read nSites: 1418909 will therefore prepare next chromosome (or exit)
	-> Done reading data from chromosome will prepare next chromosome
	-> Is in multi sfs, will now read data from chr:JASDQU010026398.1
	-> hello Im the master merge part of realSFS. and I'll now do a tripple bypass to find intersect 
	-> 1) Will set iter according to chooseChr and start and stop, and possibly using -sites
	-> Only read nSites: 1419454 will therefore prepare next chromosome (or exit)
	-> Done reading data from chromosome will prepare next chromosome
	-> Is in multi sfs, will now read data from chr:JASDQU010026439.1
	-> hello Im the master merge part of realSFS. and I'll now do a tripple bypass to find intersect 
	-> 1) Will set iter according to chooseChr and start and stop, and possibly using -sites
	-> Only read nSites: 1422360 will therefore prepare next chromosome (or exit)
	-> Done reading data from chromosome will prepare next chromosome
	-> Is in multi sfs, will now read data from chr:JASDQU010026456.1
	-> hello Im the master merge part of realSFS. and I'll now do a tripple bypass to find intersect 
	-> 1) Will set iter according to chooseChr and start and stop, and possibly using -sites
	-> Only read nSites: 1423116 will therefore prepare next chromosome (or exit)
	-> Done reading data from chromosome will prepare next chromosome
	-> Is in multi sfs, will now read data from chr:JASDQU010026511.1
	-> hello Im the master merge part of realSFS. and I'll now do a tripple bypass to find intersect 
	-> 1) Will set iter according to chooseChr and start and stop, and possibly using -sites
	-> Only read nSites: 1424271 will therefore prepare next chromosome (or exit)
	-> Done reading data from chromosome will prepare next chromosome
	-> Is in multi sfs, will now read data from chr:JASDQU010026538.1
	-> hello Im the master merge part of realSFS. and I'll now do a tripple bypass to find intersect 
	-> 1) Will set iter according to chooseChr and start and stop, and possibly using -sites
	-> Only read nSites: 1424878 will therefore prepare next chromosome (or exit)
	-> Done reading data from chromosome will prepare next chromosome
	-> Is in multi sfs, will now read data from chr:JASDQU010026558.1
	-> hello Im the master merge part of realSFS. and I'll now do a tripple bypass to find intersect 
	-> 1) Will set iter according to chooseChr and start and stop, and possibly using -sites
	-> Only read nSites: 1424890 will therefore prepare next chromosome (or exit)
	-> Done reading data from chromosome will prepare next chromosome
	-> Is in multi sfs, will now read data from chr:JASDQU010026587.1
	-> hello Im the master merge part of realSFS. and I'll now do a tripple bypass to find intersect 
	-> 1) Will set iter according to chooseChr and start and stop, and possibly using -sites
	-> Only read nSites: 1425538 will therefore prepare next chromosome (or exit)
	-> Done reading data from chromosome will prepare next chromosome
	-> Is in multi sfs, will now read data from chr:JASDQU010026608.1
	-> hello Im the master merge part of realSFS. and I'll now do a tripple bypass to find intersect 
	-> 1) Will set iter according to chooseChr and start and stop, and possibly using -sites
	-> Only read nSites: 1426419 will therefore prepare next chromosome (or exit)
	-> Done reading data from chromosome will prepare next chromosome
	-> Is in multi sfs, will now read data from chr:JASDQU010026658.1
	-> hello Im the master merge part of realSFS. and I'll now do a tripple bypass to find intersect 
	-> 1) Will set iter according to chooseChr and start and stop, and possibly using -sites
	-> Only read nSites: 1428794 will therefore prepare next chromosome (or exit)
	-> Done reading data from chromosome will prepare next chromosome
	-> Is in multi sfs, will now read data from chr:JASDQU010026672.1
	-> hello Im the master merge part of realSFS. and I'll now do a tripple bypass to find intersect 
	-> 1) Will set iter according to chooseChr and start and stop, and possibly using -sites
	-> Only read nSites: 1428881 will therefore prepare next chromosome (or exit)
	-> Done reading data from chromosome will prepare next chromosome
	-> Is in multi sfs, will now read data from chr:JASDQU010026710.1
	-> hello Im the master merge part of realSFS. and I'll now do a tripple bypass to find intersect 
	-> 1) Will set iter according to chooseChr and start and stop, and possibly using -sites
	-> Only read nSites: 1429459 will therefore prepare next chromosome (or exit)
	-> Done reading data from chromosome will prepare next chromosome
	-> Is in multi sfs, will now read data from chr:JASDQU010026727.1
	-> hello Im the master merge part of realSFS. and I'll now do a tripple bypass to find intersect 
	-> 1) Will set iter according to chooseChr and start and stop, and possibly using -sites
	-> Only read nSites: 1430233 will therefore prepare next chromosome (or exit)
	-> Done reading data from chromosome will prepare next chromosome
	-> Is in multi sfs, will now read data from chr:JASDQU010026730.1
	-> hello Im the master merge part of realSFS. and I'll now do a tripple bypass to find intersect 
	-> 1) Will set iter according to chooseChr and start and stop, and possibly using -sites
	-> Only read nSites: 1431415 will therefore prepare next chromosome (or exit)
	-> Done reading data from chromosome will prepare next chromosome
	-> Is in multi sfs, will now read data from chr:JASDQU010026752.1
	-> hello Im the master merge part of realSFS. and I'll now do a tripple bypass to find intersect 
	-> 1) Will set iter according to chooseChr and start and stop, and possibly using -sites
	-> Only read nSites: 1432348 will therefore prepare next chromosome (or exit)
	-> Done reading data from chromosome will prepare next chromosome
	-> Is in multi sfs, will now read data from chr:JASDQU010026764.1
	-> hello Im the master merge part of realSFS. and I'll now do a tripple bypass to find intersect 
	-> 1) Will set iter according to chooseChr and start and stop, and possibly using -sites
	-> Only read nSites: 1433371 will therefore prepare next chromosome (or exit)
	-> Done reading data from chromosome will prepare next chromosome
	-> Is in multi sfs, will now read data from chr:JASDQU010026777.1
	-> hello Im the master merge part of realSFS. and I'll now do a tripple bypass to find intersect 
	-> 1) Will set iter according to chooseChr and start and stop, and possibly using -sites
	-> Only read nSites: 1433665 will therefore prepare next chromosome (or exit)
	-> Done reading data from chromosome will prepare next chromosome
	-> Is in multi sfs, will now read data from chr:JASDQU010026831.1
	-> hello Im the master merge part of realSFS. and I'll now do a tripple bypass to find intersect 
	-> 1) Will set iter according to chooseChr and start and stop, and possibly using -sites
	-> Only read nSites: 1435206 will therefore prepare next chromosome (or exit)
	-> Done reading data from chromosome will prepare next chromosome
	-> Is in multi sfs, will now read data from chr:JASDQU010026842.1
	-> hello Im the master merge part of realSFS. and I'll now do a tripple bypass to find intersect 
	-> 1) Will set iter according to chooseChr and start and stop, and possibly using -sites
	-> Only read nSites: 1435856 will therefore prepare next chromosome (or exit)
	-> Done reading data from chromosome will prepare next chromosome
	-> Is in multi sfs, will now read data from chr:JASDQU010026854.1
	-> hello Im the master merge part of realSFS. and I'll now do a tripple bypass to find intersect 
	-> 1) Will set iter according to chooseChr and start and stop, and possibly using -sites
	-> Only read nSites: 1436906 will therefore prepare next chromosome (or exit)
	-> Done reading data from chromosome will prepare next chromosome
	-> Is in multi sfs, will now read data from chr:JASDQU010026869.1
	-> hello Im the master merge part of realSFS. and I'll now do a tripple bypass to find intersect 
	-> 1) Will set iter according to chooseChr and start and stop, and possibly using -sites
	-> Only read nSites: 1437508 will therefore prepare next chromosome (or exit)
	-> Done reading data from chromosome will prepare next chromosome
	-> Is in multi sfs, will now read data from chr:JASDQU010026920.1
	-> hello Im the master merge part of realSFS. and I'll now do a tripple bypass to find intersect 
	-> 1) Will set iter according to chooseChr and start and stop, and possibly using -sites
	-> Only read nSites: 1439363 will therefore prepare next chromosome (or exit)
	-> Done reading data from chromosome will prepare next chromosome
	-> Is in multi sfs, will now read data from chr:JASDQU010026943.1
	-> hello Im the master merge part of realSFS. and I'll now do a tripple bypass to find intersect 
	-> 1) Will set iter according to chooseChr and start and stop, and possibly using -sites
	-> Only read nSites: 1439919 will therefore prepare next chromosome (or exit)
	-> Done reading data from chromosome will prepare next chromosome
	-> Is in multi sfs, will now read data from chr:JASDQU010026944.1
	-> hello Im the master merge part of realSFS. and I'll now do a tripple bypass to find intersect 
	-> 1) Will set iter according to chooseChr and start and stop, and possibly using -sites
	-> Only read nSites: 1441348 will therefore prepare next chromosome (or exit)
	-> Done reading data from chromosome will prepare next chromosome
	-> Is in multi sfs, will now read data from chr:JASDQU010026946.1
	-> hello Im the master merge part of realSFS. and I'll now do a tripple bypass to find intersect 
	-> 1) Will set iter according to chooseChr and start and stop, and possibly using -sites
	-> Only read nSites: 1441595 will therefore prepare next chromosome (or exit)
	-> Done reading data from chromosome will prepare next chromosome
	-> Is in multi sfs, will now read data from chr:JASDQU010026948.1
	-> hello Im the master merge part of realSFS. and I'll now do a tripple bypass to find intersect 
	-> 1) Will set iter according to chooseChr and start and stop, and possibly using -sites
	-> Only read nSites: 1442468 will therefore prepare next chromosome (or exit)
	-> Done reading data from chromosome will prepare next chromosome
	-> Is in multi sfs, will now read data from chr:JASDQU010026955.1
	-> hello Im the master merge part of realSFS. and I'll now do a tripple bypass to find intersect 
	-> 1) Will set iter according to chooseChr and start and stop, and possibly using -sites
	-> Only read nSites: 1445483 will therefore prepare next chromosome (or exit)
	-> Done reading data from chromosome will prepare next chromosome
	-> Is in multi sfs, will now read data from chr:JASDQU010026965.1
	-> hello Im the master merge part of realSFS. and I'll now do a tripple bypass to find intersect 
	-> 1) Will set iter according to chooseChr and start and stop, and possibly using -sites
	-> Only read nSites: 1445670 will therefore prepare next chromosome (or exit)
	-> Done reading data from chromosome will prepare next chromosome
	-> Is in multi sfs, will now read data from chr:JASDQU010026995.1
	-> hello Im the master merge part of realSFS. and I'll now do a tripple bypass to find intersect 
	-> 1) Will set iter according to chooseChr and start and stop, and possibly using -sites
	-> Only read nSites: 1445860 will therefore prepare next chromosome (or exit)
	-> Done reading data from chromosome will prepare next chromosome
	-> Is in multi sfs, will now read data from chr:JASDQU010027008.1
	-> hello Im the master merge part of realSFS. and I'll now do a tripple bypass to find intersect 
	-> 1) Will set iter according to chooseChr and start and stop, and possibly using -sites
	-> Only read nSites: 1449149 will therefore prepare next chromosome (or exit)
	-> Done reading data from chromosome will prepare next chromosome
	-> Is in multi sfs, will now read data from chr:JASDQU010027009.1
	-> hello Im the master merge part of realSFS. and I'll now do a tripple bypass to find intersect 
	-> 1) Will set iter according to chooseChr and start and stop, and possibly using -sites
	-> Only read nSites: 1450013 will therefore prepare next chromosome (or exit)
	-> Done reading data from chromosome will prepare next chromosome
	-> Is in multi sfs, will now read data from chr:JASDQU010027026.1
	-> hello Im the master merge part of realSFS. and I'll now do a tripple bypass to find intersect 
	-> 1) Will set iter according to chooseChr and start and stop, and possibly using -sites
	-> Only read nSites: 1450386 will therefore prepare next chromosome (or exit)
	-> Done reading data from chromosome will prepare next chromosome
	-> Is in multi sfs, will now read data from chr:JASDQU010027054.1
	-> hello Im the master merge part of realSFS. and I'll now do a tripple bypass to find intersect 
	-> 1) Will set iter according to chooseChr and start and stop, and possibly using -sites
	-> Only read nSites: 1450817 will therefore prepare next chromosome (or exit)
	-> Done reading data from chromosome will prepare next chromosome
	-> Is in multi sfs, will now read data from chr:JASDQU010027063.1
	-> hello Im the master merge part of realSFS. and I'll now do a tripple bypass to find intersect 
	-> 1) Will set iter according to chooseChr and start and stop, and possibly using -sites
	-> Only read nSites: 1451717 will therefore prepare next chromosome (or exit)
	-> Done reading data from chromosome will prepare next chromosome
	-> Is in multi sfs, will now read data from chr:JASDQU010027082.1
	-> hello Im the master merge part of realSFS. and I'll now do a tripple bypass to find intersect 
	-> 1) Will set iter according to chooseChr and start and stop, and possibly using -sites
	-> Only read nSites: 1452357 will therefore prepare next chromosome (or exit)
	-> Done reading data from chromosome will prepare next chromosome
	-> Is in multi sfs, will now read data from chr:JASDQU010027089.1
	-> hello Im the master merge part of realSFS. and I'll now do a tripple bypass to find intersect 
	-> 1) Will set iter according to chooseChr and start and stop, and possibly using -sites
	-> Only read nSites: 1454654 will therefore prepare next chromosome (or exit)
	-> Done reading data from chromosome will prepare next chromosome
	-> Is in multi sfs, will now read data from chr:JASDQU010027096.1
	-> hello Im the master merge part of realSFS. and I'll now do a tripple bypass to find intersect 
	-> 1) Will set iter according to chooseChr and start and stop, and possibly using -sites
	-> Only read nSites: 1455012 will therefore prepare next chromosome (or exit)
	-> Done reading data from chromosome will prepare next chromosome
	-> Is in multi sfs, will now read data from chr:JASDQU010027103.1
	-> hello Im the master merge part of realSFS. and I'll now do a tripple bypass to find intersect 
	-> 1) Will set iter according to chooseChr and start and stop, and possibly using -sites
	-> Only read nSites: 1455656 will therefore prepare next chromosome (or exit)
	-> Done reading data from chromosome will prepare next chromosome
	-> Is in multi sfs, will now read data from chr:JASDQU010027122.1
	-> hello Im the master merge part of realSFS. and I'll now do a tripple bypass to find intersect 
	-> 1) Will set iter according to chooseChr and start and stop, and possibly using -sites
	-> Only read nSites: 1456270 will therefore prepare next chromosome (or exit)
	-> Done reading data from chromosome will prepare next chromosome
	-> Is in multi sfs, will now read data from chr:JASDQU010027144.1
	-> hello Im the master merge part of realSFS. and I'll now do a tripple bypass to find intersect 
	-> 1) Will set iter according to chooseChr and start and stop, and possibly using -sites
	-> Only read nSites: 1456698 will therefore prepare next chromosome (or exit)
	-> Done reading data from chromosome will prepare next chromosome
	-> Is in multi sfs, will now read data from chr:JASDQU010027160.1
	-> hello Im the master merge part of realSFS. and I'll now do a tripple bypass to find intersect 
	-> 1) Will set iter according to chooseChr and start and stop, and possibly using -sites
	-> Only read nSites: 1456998 will therefore prepare next chromosome (or exit)
	-> Done reading data from chromosome will prepare next chromosome
	-> Is in multi sfs, will now read data from chr:JASDQU010027181.1
	-> hello Im the master merge part of realSFS. and I'll now do a tripple bypass to find intersect 
	-> 1) Will set iter according to chooseChr and start and stop, and possibly using -sites
	-> Only read nSites: 1457238 will therefore prepare next chromosome (or exit)
	-> Done reading data from chromosome will prepare next chromosome
	-> Is in multi sfs, will now read data from chr:JASDQU010027241.1
	-> hello Im the master merge part of realSFS. and I'll now do a tripple bypass to find intersect 
	-> 1) Will set iter according to chooseChr and start and stop, and possibly using -sites
	-> Only read nSites: 1458243 will therefore prepare next chromosome (or exit)
	-> Done reading data from chromosome will prepare next chromosome
	-> Is in multi sfs, will now read data from chr:JASDQU010027252.1
	-> hello Im the master merge part of realSFS. and I'll now do a tripple bypass to find intersect 
	-> 1) Will set iter according to chooseChr and start and stop, and possibly using -sites
	-> Only read nSites: 1458953 will therefore prepare next chromosome (or exit)
	-> Done reading data from chromosome will prepare next chromosome
	-> Is in multi sfs, will now read data from chr:JASDQU010027264.1
	-> hello Im the master merge part of realSFS. and I'll now do a tripple bypass to find intersect 
	-> 1) Will set iter according to chooseChr and start and stop, and possibly using -sites
	-> Only read nSites: 1461616 will therefore prepare next chromosome (or exit)
	-> Done reading data from chromosome will prepare next chromosome
	-> Is in multi sfs, will now read data from chr:JASDQU010027279.1
	-> hello Im the master merge part of realSFS. and I'll now do a tripple bypass to find intersect 
	-> 1) Will set iter according to chooseChr and start and stop, and possibly using -sites
	-> Only read nSites: 1462373 will therefore prepare next chromosome (or exit)
	-> Done reading data from chromosome will prepare next chromosome
	-> Is in multi sfs, will now read data from chr:JASDQU010027283.1
	-> hello Im the master merge part of realSFS. and I'll now do a tripple bypass to find intersect 
	-> 1) Will set iter according to chooseChr and start and stop, and possibly using -sites
	-> Only read nSites: 1463094 will therefore prepare next chromosome (or exit)
	-> Done reading data from chromosome will prepare next chromosome
	-> Is in multi sfs, will now read data from chr:JASDQU010027285.1
	-> hello Im the master merge part of realSFS. and I'll now do a tripple bypass to find intersect 
	-> 1) Will set iter according to chooseChr and start and stop, and possibly using -sites
	-> Only read nSites: 1464005 will therefore prepare next chromosome (or exit)
	-> Done reading data from chromosome will prepare next chromosome
	-> Is in multi sfs, will now read data from chr:JASDQU010027415.1
	-> hello Im the master merge part of realSFS. and I'll now do a tripple bypass to find intersect 
	-> 1) Will set iter according to chooseChr and start and stop, and possibly using -sites
	-> Only read nSites: 1467498 will therefore prepare next chromosome (or exit)
	-> Done reading data from chromosome will prepare next chromosome
	-> Is in multi sfs, will now read data from chr:JASDQU010027436.1
	-> hello Im the master merge part of realSFS. and I'll now do a tripple bypass to find intersect 
	-> 1) Will set iter according to chooseChr and start and stop, and possibly using -sites
	-> Only read nSites: 1467961 will therefore prepare next chromosome (or exit)
	-> Done reading data from chromosome will prepare next chromosome
	-> Is in multi sfs, will now read data from chr:JASDQU010027490.1
	-> hello Im the master merge part of realSFS. and I'll now do a tripple bypass to find intersect 
	-> 1) Will set iter according to chooseChr and start and stop, and possibly using -sites
	-> Only read nSites: 1469459 will therefore prepare next chromosome (or exit)
	-> Done reading data from chromosome will prepare next chromosome
	-> Is in multi sfs, will now read data from chr:JASDQU010027508.1
	-> hello Im the master merge part of realSFS. and I'll now do a tripple bypass to find intersect 
	-> 1) Will set iter according to chooseChr and start and stop, and possibly using -sites
	-> Only read nSites: 1470520 will therefore prepare next chromosome (or exit)
	-> Done reading data from chromosome will prepare next chromosome
	-> Is in multi sfs, will now read data from chr:JASDQU010027512.1
	-> hello Im the master merge part of realSFS. and I'll now do a tripple bypass to find intersect 
	-> 1) Will set iter according to chooseChr and start and stop, and possibly using -sites
	-> Only read nSites: 1470658 will therefore prepare next chromosome (or exit)
	-> Done reading data from chromosome will prepare next chromosome
	-> Is in multi sfs, will now read data from chr:JASDQU010027570.1
	-> hello Im the master merge part of realSFS. and I'll now do a tripple bypass to find intersect 
	-> 1) Will set iter according to chooseChr and start and stop, and possibly using -sites
	-> Only read nSites: 1470821 will therefore prepare next chromosome (or exit)
	-> Done reading data from chromosome will prepare next chromosome
	-> Is in multi sfs, will now read data from chr:JASDQU010027586.1
	-> hello Im the master merge part of realSFS. and I'll now do a tripple bypass to find intersect 
	-> 1) Will set iter according to chooseChr and start and stop, and possibly using -sites
	-> Only read nSites: 1472398 will therefore prepare next chromosome (or exit)
	-> Done reading data from chromosome will prepare next chromosome
	-> Is in multi sfs, will now read data from chr:JASDQU010027616.1
	-> hello Im the master merge part of realSFS. and I'll now do a tripple bypass to find intersect 
	-> 1) Will set iter according to chooseChr and start and stop, and possibly using -sites
	-> Only read nSites: 1475670 will therefore prepare next chromosome (or exit)
	-> Done reading data from chromosome will prepare next chromosome
	-> Is in multi sfs, will now read data from chr:JASDQU010027645.1
	-> hello Im the master merge part of realSFS. and I'll now do a tripple bypass to find intersect 
	-> 1) Will set iter according to chooseChr and start and stop, and possibly using -sites
	-> Only read nSites: 1479629 will therefore prepare next chromosome (or exit)
	-> Done reading data from chromosome will prepare next chromosome
	-> Is in multi sfs, will now read data from chr:JASDQU010027649.1
	-> hello Im the master merge part of realSFS. and I'll now do a tripple bypass to find intersect 
	-> 1) Will set iter according to chooseChr and start and stop, and possibly using -sites
	-> Only read nSites: 1479854 will therefore prepare next chromosome (or exit)
	-> Done reading data from chromosome will prepare next chromosome
	-> Is in multi sfs, will now read data from chr:JASDQU010027663.1
	-> hello Im the master merge part of realSFS. and I'll now do a tripple bypass to find intersect 
	-> 1) Will set iter according to chooseChr and start and stop, and possibly using -sites
	-> Only read nSites: 1480943 will therefore prepare next chromosome (or exit)
	-> Done reading data from chromosome will prepare next chromosome
	-> Is in multi sfs, will now read data from chr:JASDQU010027677.1
	-> hello Im the master merge part of realSFS. and I'll now do a tripple bypass to find intersect 
	-> 1) Will set iter according to chooseChr and start and stop, and possibly using -sites
	-> Only read nSites: 1481004 will therefore prepare next chromosome (or exit)
	-> Done reading data from chromosome will prepare next chromosome
	-> Is in multi sfs, will now read data from chr:JASDQU010027683.1
	-> hello Im the master merge part of realSFS. and I'll now do a tripple bypass to find intersect 
	-> 1) Will set iter according to chooseChr and start and stop, and possibly using -sites
	-> Only read nSites: 1481806 will therefore prepare next chromosome (or exit)
	-> Done reading data from chromosome will prepare next chromosome
	-> Is in multi sfs, will now read data from chr:JASDQU010027684.1
	-> hello Im the master merge part of realSFS. and I'll now do a tripple bypass to find intersect 
	-> 1) Will set iter according to chooseChr and start and stop, and possibly using -sites
	-> Only read nSites: 1482696 will therefore prepare next chromosome (or exit)
	-> Done reading data from chromosome will prepare next chromosome
	-> Is in multi sfs, will now read data from chr:JASDQU010027687.1
	-> hello Im the master merge part of realSFS. and I'll now do a tripple bypass to find intersect 
	-> 1) Will set iter according to chooseChr and start and stop, and possibly using -sites
	-> Only read nSites: 1483629 will therefore prepare next chromosome (or exit)
	-> Done reading data from chromosome will prepare next chromosome
	-> Is in multi sfs, will now read data from chr:JASDQU010027695.1
	-> hello Im the master merge part of realSFS. and I'll now do a tripple bypass to find intersect 
	-> 1) Will set iter according to chooseChr and start and stop, and possibly using -sites
	-> Only read nSites: 1486208 will therefore prepare next chromosome (or exit)
	-> Done reading data from chromosome will prepare next chromosome
	-> Is in multi sfs, will now read data from chr:JASDQU010027704.1
	-> hello Im the master merge part of realSFS. and I'll now do a tripple bypass to find intersect 
	-> 1) Will set iter according to chooseChr and start and stop, and possibly using -sites
	-> Only read nSites: 1486215 will therefore prepare next chromosome (or exit)
	-> Done reading data from chromosome will prepare next chromosome
	-> Is in multi sfs, will now read data from chr:JASDQU010027727.1
	-> hello Im the master merge part of realSFS. and I'll now do a tripple bypass to find intersect 
	-> 1) Will set iter according to chooseChr and start and stop, and possibly using -sites
	-> Only read nSites: 1486384 will therefore prepare next chromosome (or exit)
	-> Done reading data from chromosome will prepare next chromosome
	-> Is in multi sfs, will now read data from chr:JASDQU010027734.1
	-> hello Im the master merge part of realSFS. and I'll now do a tripple bypass to find intersect 
	-> 1) Will set iter according to chooseChr and start and stop, and possibly using -sites
	-> Only read nSites: 1488202 will therefore prepare next chromosome (or exit)
	-> Done reading data from chromosome will prepare next chromosome
	-> Is in multi sfs, will now read data from chr:JASDQU010027748.1
	-> hello Im the master merge part of realSFS. and I'll now do a tripple bypass to find intersect 
	-> 1) Will set iter according to chooseChr and start and stop, and possibly using -sites
	-> Only read nSites: 1488804 will therefore prepare next chromosome (or exit)
	-> Done reading data from chromosome will prepare next chromosome
	-> Is in multi sfs, will now read data from chr:JASDQU010027756.1
	-> hello Im the master merge part of realSFS. and I'll now do a tripple bypass to find intersect 
	-> 1) Will set iter according to chooseChr and start and stop, and possibly using -sites
	-> Only read nSites: 1489702 will therefore prepare next chromosome (or exit)
	-> Done reading data from chromosome will prepare next chromosome
	-> Is in multi sfs, will now read data from chr:JASDQU010027821.1
	-> hello Im the master merge part of realSFS. and I'll now do a tripple bypass to find intersect 
	-> 1) Will set iter according to chooseChr and start and stop, and possibly using -sites
	-> Only read nSites: 1489804 will therefore prepare next chromosome (or exit)
	-> Done reading data from chromosome will prepare next chromosome
	-> Is in multi sfs, will now read data from chr:JASDQU010027825.1
	-> hello Im the master merge part of realSFS. and I'll now do a tripple bypass to find intersect 
	-> 1) Will set iter according to chooseChr and start and stop, and possibly using -sites
	-> Only read nSites: 1490624 will therefore prepare next chromosome (or exit)
	-> Done reading data from chromosome will prepare next chromosome
	-> Is in multi sfs, will now read data from chr:JASDQU010027846.1
	-> hello Im the master merge part of realSFS. and I'll now do a tripple bypass to find intersect 
	-> 1) Will set iter according to chooseChr and start and stop, and possibly using -sites
	-> Only read nSites: 1490958 will therefore prepare next chromosome (or exit)
	-> Done reading data from chromosome will prepare next chromosome
	-> Is in multi sfs, will now read data from chr:JASDQU010027854.1
	-> hello Im the master merge part of realSFS. and I'll now do a tripple bypass to find intersect 
	-> 1) Will set iter according to chooseChr and start and stop, and possibly using -sites
	-> Only read nSites: 1491053 will therefore prepare next chromosome (or exit)
	-> Done reading data from chromosome will prepare next chromosome
	-> Is in multi sfs, will now read data from chr:JASDQU010027878.1
	-> hello Im the master merge part of realSFS. and I'll now do a tripple bypass to find intersect 
	-> 1) Will set iter according to chooseChr and start and stop, and possibly using -sites
	-> Only read nSites: 1491922 will therefore prepare next chromosome (or exit)
	-> Done reading data from chromosome will prepare next chromosome
	-> Is in multi sfs, will now read data from chr:JASDQU010027893.1
	-> hello Im the master merge part of realSFS. and I'll now do a tripple bypass to find intersect 
	-> 1) Will set iter according to chooseChr and start and stop, and possibly using -sites
	-> Only read nSites: 1492416 will therefore prepare next chromosome (or exit)
	-> Done reading data from chromosome will prepare next chromosome
	-> Is in multi sfs, will now read data from chr:JASDQU010027914.1
	-> hello Im the master merge part of realSFS. and I'll now do a tripple bypass to find intersect 
	-> 1) Will set iter according to chooseChr and start and stop, and possibly using -sites
	-> Only read nSites: 1492568 will therefore prepare next chromosome (or exit)
	-> Done reading data from chromosome will prepare next chromosome
	-> Is in multi sfs, will now read data from chr:JASDQU010027931.1
	-> hello Im the master merge part of realSFS. and I'll now do a tripple bypass to find intersect 
	-> 1) Will set iter according to chooseChr and start and stop, and possibly using -sites
	-> Only read nSites: 1497155 will therefore prepare next chromosome (or exit)
	-> Done reading data from chromosome will prepare next chromosome
	-> Is in multi sfs, will now read data from chr:JASDQU010027953.1
	-> hello Im the master merge part of realSFS. and I'll now do a tripple bypass to find intersect 
	-> 1) Will set iter according to chooseChr and start and stop, and possibly using -sites
	-> Only read nSites: 1498135 will therefore prepare next chromosome (or exit)
	-> Done reading data from chromosome will prepare next chromosome
	-> Is in multi sfs, will now read data from chr:JASDQU010027974.1
	-> hello Im the master merge part of realSFS. and I'll now do a tripple bypass to find intersect 
	-> 1) Will set iter according to chooseChr and start and stop, and possibly using -sites
	-> Only read nSites: 1500171 will therefore prepare next chromosome (or exit)
	-> Done reading data from chromosome will prepare next chromosome
	-> Is in multi sfs, will now read data from chr:JASDQU010028010.1
	-> hello Im the master merge part of realSFS. and I'll now do a tripple bypass to find intersect 
	-> 1) Will set iter according to chooseChr and start and stop, and possibly using -sites
	-> Only read nSites: 1502215 will therefore prepare next chromosome (or exit)
	-> Done reading data from chromosome will prepare next chromosome
	-> Is in multi sfs, will now read data from chr:JASDQU010028028.1
	-> hello Im the master merge part of realSFS. and I'll now do a tripple bypass to find intersect 
	-> 1) Will set iter according to chooseChr and start and stop, and possibly using -sites
	-> Only read nSites: 1504603 will therefore prepare next chromosome (or exit)
	-> Done reading data from chromosome will prepare next chromosome
	-> Is in multi sfs, will now read data from chr:JASDQU010028029.1
	-> hello Im the master merge part of realSFS. and I'll now do a tripple bypass to find intersect 
	-> 1) Will set iter according to chooseChr and start and stop, and possibly using -sites
	-> Only read nSites: 1504926 will therefore prepare next chromosome (or exit)
	-> Done reading data from chromosome will prepare next chromosome
	-> Is in multi sfs, will now read data from chr:JASDQU010028061.1
	-> hello Im the master merge part of realSFS. and I'll now do a tripple bypass to find intersect 
	-> 1) Will set iter according to chooseChr and start and stop, and possibly using -sites
	-> Only read nSites: 1510457 will therefore prepare next chromosome (or exit)
	-> Done reading data from chromosome will prepare next chromosome
	-> Is in multi sfs, will now read data from chr:JASDQU010028078.1
	-> hello Im the master merge part of realSFS. and I'll now do a tripple bypass to find intersect 
	-> 1) Will set iter according to chooseChr and start and stop, and possibly using -sites
	-> Only read nSites: 1511093 will therefore prepare next chromosome (or exit)
	-> Done reading data from chromosome will prepare next chromosome
	-> Is in multi sfs, will now read data from chr:JASDQU010028083.1
	-> hello Im the master merge part of realSFS. and I'll now do a tripple bypass to find intersect 
	-> 1) Will set iter according to chooseChr and start and stop, and possibly using -sites
	-> Only read nSites: 1512045 will therefore prepare next chromosome (or exit)
	-> Done reading data from chromosome will prepare next chromosome
	-> Is in multi sfs, will now read data from chr:JASDQU010028097.1
	-> hello Im the master merge part of realSFS. and I'll now do a tripple bypass to find intersect 
	-> 1) Will set iter according to chooseChr and start and stop, and possibly using -sites
	-> Only read nSites: 1512082 will therefore prepare next chromosome (or exit)
	-> Done reading data from chromosome will prepare next chromosome
	-> Is in multi sfs, will now read data from chr:JASDQU010028118.1
	-> hello Im the master merge part of realSFS. and I'll now do a tripple bypass to find intersect 
	-> 1) Will set iter according to chooseChr and start and stop, and possibly using -sites
	-> Only read nSites: 1513655 will therefore prepare next chromosome (or exit)
	-> Done reading data from chromosome will prepare next chromosome
	-> Is in multi sfs, will now read data from chr:JASDQU010028160.1
	-> hello Im the master merge part of realSFS. and I'll now do a tripple bypass to find intersect 
	-> 1) Will set iter according to chooseChr and start and stop, and possibly using -sites
	-> Only read nSites: 1514183 will therefore prepare next chromosome (or exit)
	-> Done reading data from chromosome will prepare next chromosome
	-> Is in multi sfs, will now read data from chr:JASDQU010028188.1
	-> hello Im the master merge part of realSFS. and I'll now do a tripple bypass to find intersect 
	-> 1) Will set iter according to chooseChr and start and stop, and possibly using -sites
	-> Only read nSites: 1514215 will therefore prepare next chromosome (or exit)
	-> Done reading data from chromosome will prepare next chromosome
	-> Is in multi sfs, will now read data from chr:JASDQU010028210.1
	-> hello Im the master merge part of realSFS. and I'll now do a tripple bypass to find intersect 
	-> 1) Will set iter according to chooseChr and start and stop, and possibly using -sites
	-> Only read nSites: 1514299 will therefore prepare next chromosome (or exit)
	-> Done reading data from chromosome will prepare next chromosome
	-> Is in multi sfs, will now read data from chr:JASDQU010028214.1
	-> hello Im the master merge part of realSFS. and I'll now do a tripple bypass to find intersect 
	-> 1) Will set iter according to chooseChr and start and stop, and possibly using -sites
	-> Only read nSites: 1516857 will therefore prepare next chromosome (or exit)
	-> Done reading data from chromosome will prepare next chromosome
	-> Is in multi sfs, will now read data from chr:JASDQU010028229.1
	-> hello Im the master merge part of realSFS. and I'll now do a tripple bypass to find intersect 
	-> 1) Will set iter according to chooseChr and start and stop, and possibly using -sites
	-> Only read nSites: 1517747 will therefore prepare next chromosome (or exit)
	-> Done reading data from chromosome will prepare next chromosome
	-> Is in multi sfs, will now read data from chr:JASDQU010028243.1
	-> hello Im the master merge part of realSFS. and I'll now do a tripple bypass to find intersect 
	-> 1) Will set iter according to chooseChr and start and stop, and possibly using -sites
	-> Only read nSites: 1517891 will therefore prepare next chromosome (or exit)
	-> Done reading data from chromosome will prepare next chromosome
	-> Is in multi sfs, will now read data from chr:JASDQU010028250.1
	-> hello Im the master merge part of realSFS. and I'll now do a tripple bypass to find intersect 
	-> 1) Will set iter according to chooseChr and start and stop, and possibly using -sites
	-> Only read nSites: 1518701 will therefore prepare next chromosome (or exit)
	-> Done reading data from chromosome will prepare next chromosome
	-> Is in multi sfs, will now read data from chr:JASDQU010028281.1
	-> hello Im the master merge part of realSFS. and I'll now do a tripple bypass to find intersect 
	-> 1) Will set iter according to chooseChr and start and stop, and possibly using -sites
	-> Only read nSites: 1519663 will therefore prepare next chromosome (or exit)
	-> Done reading data from chromosome will prepare next chromosome
	-> Is in multi sfs, will now read data from chr:JASDQU010028289.1
	-> hello Im the master merge part of realSFS. and I'll now do a tripple bypass to find intersect 
	-> 1) Will set iter according to chooseChr and start and stop, and possibly using -sites
	-> Only read nSites: 1519745 will therefore prepare next chromosome (or exit)
	-> Done reading data from chromosome will prepare next chromosome
	-> Is in multi sfs, will now read data from chr:JASDQU010028295.1
	-> hello Im the master merge part of realSFS. and I'll now do a tripple bypass to find intersect 
	-> 1) Will set iter according to chooseChr and start and stop, and possibly using -sites
	-> Only read nSites: 1519998 will therefore prepare next chromosome (or exit)
	-> Done reading data from chromosome will prepare next chromosome
	-> Is in multi sfs, will now read data from chr:JASDQU010028296.1
	-> hello Im the master merge part of realSFS. and I'll now do a tripple bypass to find intersect 
	-> 1) Will set iter according to chooseChr and start and stop, and possibly using -sites
	-> Only read nSites: 1520839 will therefore prepare next chromosome (or exit)
	-> Done reading data from chromosome will prepare next chromosome
	-> Is in multi sfs, will now read data from chr:JASDQU010028305.1
	-> hello Im the master merge part of realSFS. and I'll now do a tripple bypass to find intersect 
	-> 1) Will set iter according to chooseChr and start and stop, and possibly using -sites
	-> Only read nSites: 1521496 will therefore prepare next chromosome (or exit)
	-> Done reading data from chromosome will prepare next chromosome
	-> Is in multi sfs, will now read data from chr:JASDQU010028353.1
	-> hello Im the master merge part of realSFS. and I'll now do a tripple bypass to find intersect 
	-> 1) Will set iter according to chooseChr and start and stop, and possibly using -sites
	-> Only read nSites: 1522341 will therefore prepare next chromosome (or exit)
	-> Done reading data from chromosome will prepare next chromosome
	-> Is in multi sfs, will now read data from chr:JASDQU010028354.1
	-> hello Im the master merge part of realSFS. and I'll now do a tripple bypass to find intersect 
	-> 1) Will set iter according to chooseChr and start and stop, and possibly using -sites
	-> Only read nSites: 1523056 will therefore prepare next chromosome (or exit)
	-> Done reading data from chromosome will prepare next chromosome
	-> Is in multi sfs, will now read data from chr:JASDQU010028408.1
	-> hello Im the master merge part of realSFS. and I'll now do a tripple bypass to find intersect 
	-> 1) Will set iter according to chooseChr and start and stop, and possibly using -sites
	-> Only read nSites: 1524381 will therefore prepare next chromosome (or exit)
	-> Done reading data from chromosome will prepare next chromosome
	-> Is in multi sfs, will now read data from chr:JASDQU010028429.1
	-> hello Im the master merge part of realSFS. and I'll now do a tripple bypass to find intersect 
	-> 1) Will set iter according to chooseChr and start and stop, and possibly using -sites
	-> Only read nSites: 1525229 will therefore prepare next chromosome (or exit)
	-> Done reading data from chromosome will prepare next chromosome
	-> Is in multi sfs, will now read data from chr:JASDQU010028444.1
	-> hello Im the master merge part of realSFS. and I'll now do a tripple bypass to find intersect 
	-> 1) Will set iter according to chooseChr and start and stop, and possibly using -sites
	-> Only read nSites: 1525781 will therefore prepare next chromosome (or exit)
	-> Done reading data from chromosome will prepare next chromosome
	-> Is in multi sfs, will now read data from chr:JASDQU010028461.1
	-> hello Im the master merge part of realSFS. and I'll now do a tripple bypass to find intersect 
	-> 1) Will set iter according to chooseChr and start and stop, and possibly using -sites
	-> Only read nSites: 1526888 will therefore prepare next chromosome (or exit)
	-> Done reading data from chromosome will prepare next chromosome
	-> Is in multi sfs, will now read data from chr:JASDQU010028469.1
	-> hello Im the master merge part of realSFS. and I'll now do a tripple bypass to find intersect 
	-> 1) Will set iter according to chooseChr and start and stop, and possibly using -sites
	-> Only read nSites: 1527494 will therefore prepare next chromosome (or exit)
	-> Done reading data from chromosome will prepare next chromosome
	-> Is in multi sfs, will now read data from chr:JASDQU010028480.1
	-> hello Im the master merge part of realSFS. and I'll now do a tripple bypass to find intersect 
	-> 1) Will set iter according to chooseChr and start and stop, and possibly using -sites
	-> Only read nSites: 1529721 will therefore prepare next chromosome (or exit)
	-> Done reading data from chromosome will prepare next chromosome
	-> Is in multi sfs, will now read data from chr:JASDQU010028493.1
	-> hello Im the master merge part of realSFS. and I'll now do a tripple bypass to find intersect 
	-> 1) Will set iter according to chooseChr and start and stop, and possibly using -sites
	-> Only read nSites: 1530581 will therefore prepare next chromosome (or exit)
	-> Done reading data from chromosome will prepare next chromosome
	-> Is in multi sfs, will now read data from chr:JASDQU010028511.1
	-> hello Im the master merge part of realSFS. and I'll now do a tripple bypass to find intersect 
	-> 1) Will set iter according to chooseChr and start and stop, and possibly using -sites
	-> Only read nSites: 1534851 will therefore prepare next chromosome (or exit)
	-> Done reading data from chromosome will prepare next chromosome
	-> Is in multi sfs, will now read data from chr:JASDQU010028532.1
	-> hello Im the master merge part of realSFS. and I'll now do a tripple bypass to find intersect 
	-> 1) Will set iter according to chooseChr and start and stop, and possibly using -sites
	-> Only read nSites: 1535029 will therefore prepare next chromosome (or exit)
	-> Done reading data from chromosome will prepare next chromosome
	-> Is in multi sfs, will now read data from chr:JASDQU010028537.1
	-> hello Im the master merge part of realSFS. and I'll now do a tripple bypass to find intersect 
	-> 1) Will set iter according to chooseChr and start and stop, and possibly using -sites
	-> Only read nSites: 1535679 will therefore prepare next chromosome (or exit)
	-> Done reading data from chromosome will prepare next chromosome
	-> Is in multi sfs, will now read data from chr:JASDQU010028544.1
	-> hello Im the master merge part of realSFS. and I'll now do a tripple bypass to find intersect 
	-> 1) Will set iter according to chooseChr and start and stop, and possibly using -sites
	-> Only read nSites: 1537164 will therefore prepare next chromosome (or exit)
	-> Done reading data from chromosome will prepare next chromosome
	-> Is in multi sfs, will now read data from chr:JASDQU010028599.1
	-> hello Im the master merge part of realSFS. and I'll now do a tripple bypass to find intersect 
	-> 1) Will set iter according to chooseChr and start and stop, and possibly using -sites
	-> Only read nSites: 1539033 will therefore prepare next chromosome (or exit)
	-> Done reading data from chromosome will prepare next chromosome
	-> Is in multi sfs, will now read data from chr:JASDQU010028650.1
	-> hello Im the master merge part of realSFS. and I'll now do a tripple bypass to find intersect 
	-> 1) Will set iter according to chooseChr and start and stop, and possibly using -sites
	-> Only read nSites: 1539374 will therefore prepare next chromosome (or exit)
	-> Done reading data from chromosome will prepare next chromosome
	-> Is in multi sfs, will now read data from chr:JASDQU010028658.1
	-> hello Im the master merge part of realSFS. and I'll now do a tripple bypass to find intersect 
	-> 1) Will set iter according to chooseChr and start and stop, and possibly using -sites
	-> Only read nSites: 1539579 will therefore prepare next chromosome (or exit)
	-> Done reading data from chromosome will prepare next chromosome
	-> Is in multi sfs, will now read data from chr:JASDQU010028675.1
	-> hello Im the master merge part of realSFS. and I'll now do a tripple bypass to find intersect 
	-> 1) Will set iter according to chooseChr and start and stop, and possibly using -sites
	-> Only read nSites: 1541016 will therefore prepare next chromosome (or exit)
	-> Done reading data from chromosome will prepare next chromosome
	-> Is in multi sfs, will now read data from chr:JASDQU010028690.1
	-> hello Im the master merge part of realSFS. and I'll now do a tripple bypass to find intersect 
	-> 1) Will set iter according to chooseChr and start and stop, and possibly using -sites
	-> Only read nSites: 1541773 will therefore prepare next chromosome (or exit)
	-> Done reading data from chromosome will prepare next chromosome
	-> Is in multi sfs, will now read data from chr:JASDQU010028694.1
	-> hello Im the master merge part of realSFS. and I'll now do a tripple bypass to find intersect 
	-> 1) Will set iter according to chooseChr and start and stop, and possibly using -sites
	-> Only read nSites: 1541903 will therefore prepare next chromosome (or exit)
	-> Done reading data from chromosome will prepare next chromosome
	-> Is in multi sfs, will now read data from chr:JASDQU010028731.1
	-> hello Im the master merge part of realSFS. and I'll now do a tripple bypass to find intersect 
	-> 1) Will set iter according to chooseChr and start and stop, and possibly using -sites
	-> Only read nSites: 1543582 will therefore prepare next chromosome (or exit)
	-> Done reading data from chromosome will prepare next chromosome
	-> Is in multi sfs, will now read data from chr:JASDQU010028776.1
	-> hello Im the master merge part of realSFS. and I'll now do a tripple bypass to find intersect 
	-> 1) Will set iter according to chooseChr and start and stop, and possibly using -sites
	-> Only read nSites: 1544341 will therefore prepare next chromosome (or exit)
	-> Done reading data from chromosome will prepare next chromosome
	-> Is in multi sfs, will now read data from chr:JASDQU010028781.1
	-> hello Im the master merge part of realSFS. and I'll now do a tripple bypass to find intersect 
	-> 1) Will set iter according to chooseChr and start and stop, and possibly using -sites
	-> Only read nSites: 1545228 will therefore prepare next chromosome (or exit)
	-> Done reading data from chromosome will prepare next chromosome
	-> Is in multi sfs, will now read data from chr:JASDQU010028785.1
	-> hello Im the master merge part of realSFS. and I'll now do a tripple bypass to find intersect 
	-> 1) Will set iter according to chooseChr and start and stop, and possibly using -sites
	-> Only read nSites: 1545734 will therefore prepare next chromosome (or exit)
	-> Done reading data from chromosome will prepare next chromosome
	-> Is in multi sfs, will now read data from chr:JASDQU010028790.1
	-> hello Im the master merge part of realSFS. and I'll now do a tripple bypass to find intersect 
	-> 1) Will set iter according to chooseChr and start and stop, and possibly using -sites
	-> Only read nSites: 1546771 will therefore prepare next chromosome (or exit)
	-> Done reading data from chromosome will prepare next chromosome
	-> Is in multi sfs, will now read data from chr:JASDQU010028822.1
	-> hello Im the master merge part of realSFS. and I'll now do a tripple bypass to find intersect 
	-> 1) Will set iter according to chooseChr and start and stop, and possibly using -sites
	-> Only read nSites: 1547353 will therefore prepare next chromosome (or exit)
	-> Done reading data from chromosome will prepare next chromosome
	-> Is in multi sfs, will now read data from chr:JASDQU010028825.1
	-> hello Im the master merge part of realSFS. and I'll now do a tripple bypass to find intersect 
	-> 1) Will set iter according to chooseChr and start and stop, and possibly using -sites
	-> Only read nSites: 1547761 will therefore prepare next chromosome (or exit)
	-> Done reading data from chromosome will prepare next chromosome
	-> Is in multi sfs, will now read data from chr:JASDQU010028907.1
	-> hello Im the master merge part of realSFS. and I'll now do a tripple bypass to find intersect 
	-> 1) Will set iter according to chooseChr and start and stop, and possibly using -sites
	-> Only read nSites: 1548281 will therefore prepare next chromosome (or exit)
	-> Done reading data from chromosome will prepare next chromosome
	-> Is in multi sfs, will now read data from chr:JASDQU010028913.1
	-> hello Im the master merge part of realSFS. and I'll now do a tripple bypass to find intersect 
	-> 1) Will set iter according to chooseChr and start and stop, and possibly using -sites
	-> Only read nSites: 1548356 will therefore prepare next chromosome (or exit)
	-> Done reading data from chromosome will prepare next chromosome
	-> Is in multi sfs, will now read data from chr:JASDQU010028947.1
	-> hello Im the master merge part of realSFS. and I'll now do a tripple bypass to find intersect 
	-> 1) Will set iter according to chooseChr and start and stop, and possibly using -sites
	-> Only read nSites: 1548413 will therefore prepare next chromosome (or exit)
	-> Done reading data from chromosome will prepare next chromosome
	-> Is in multi sfs, will now read data from chr:JASDQU010028981.1
	-> hello Im the master merge part of realSFS. and I'll now do a tripple bypass to find intersect 
	-> 1) Will set iter according to chooseChr and start and stop, and possibly using -sites
	-> Only read nSites: 1548592 will therefore prepare next chromosome (or exit)
	-> Done reading data from chromosome will prepare next chromosome
	-> Is in multi sfs, will now read data from chr:JASDQU010029000.1
	-> hello Im the master merge part of realSFS. and I'll now do a tripple bypass to find intersect 
	-> 1) Will set iter according to chooseChr and start and stop, and possibly using -sites
	-> Only read nSites: 1549720 will therefore prepare next chromosome (or exit)
	-> Done reading data from chromosome will prepare next chromosome
	-> Is in multi sfs, will now read data from chr:JASDQU010029033.1
	-> hello Im the master merge part of realSFS. and I'll now do a tripple bypass to find intersect 
	-> 1) Will set iter according to chooseChr and start and stop, and possibly using -sites
	-> Only read nSites: 1549772 will therefore prepare next chromosome (or exit)
	-> Done reading data from chromosome will prepare next chromosome
	-> Is in multi sfs, will now read data from chr:JASDQU010029043.1
	-> hello Im the master merge part of realSFS. and I'll now do a tripple bypass to find intersect 
	-> 1) Will set iter according to chooseChr and start and stop, and possibly using -sites
	-> Only read nSites: 1550390 will therefore prepare next chromosome (or exit)
	-> Done reading data from chromosome will prepare next chromosome
	-> Is in multi sfs, will now read data from chr:JASDQU010029048.1
	-> hello Im the master merge part of realSFS. and I'll now do a tripple bypass to find intersect 
	-> 1) Will set iter according to chooseChr and start and stop, and possibly using -sites
	-> Only read nSites: 1551891 will therefore prepare next chromosome (or exit)
	-> Done reading data from chromosome will prepare next chromosome
	-> Is in multi sfs, will now read data from chr:JASDQU010029059.1
	-> hello Im the master merge part of realSFS. and I'll now do a tripple bypass to find intersect 
	-> 1) Will set iter according to chooseChr and start and stop, and possibly using -sites
	-> Only read nSites: 1552133 will therefore prepare next chromosome (or exit)
	-> Done reading data from chromosome will prepare next chromosome
	-> Is in multi sfs, will now read data from chr:JASDQU010029063.1
	-> hello Im the master merge part of realSFS. and I'll now do a tripple bypass to find intersect 
	-> 1) Will set iter according to chooseChr and start and stop, and possibly using -sites
	-> Only read nSites: 1554589 will therefore prepare next chromosome (or exit)
	-> Done reading data from chromosome will prepare next chromosome
	-> Is in multi sfs, will now read data from chr:JASDQU010029085.1
	-> hello Im the master merge part of realSFS. and I'll now do a tripple bypass to find intersect 
	-> 1) Will set iter according to chooseChr and start and stop, and possibly using -sites
	-> Only read nSites: 1557142 will therefore prepare next chromosome (or exit)
	-> Done reading data from chromosome will prepare next chromosome
	-> Is in multi sfs, will now read data from chr:JASDQU010029109.1
	-> hello Im the master merge part of realSFS. and I'll now do a tripple bypass to find intersect 
	-> 1) Will set iter according to chooseChr and start and stop, and possibly using -sites
	-> Only read nSites: 1561768 will therefore prepare next chromosome (or exit)
	-> Done reading data from chromosome will prepare next chromosome
	-> Is in multi sfs, will now read data from chr:JASDQU010029137.1
	-> hello Im the master merge part of realSFS. and I'll now do a tripple bypass to find intersect 
	-> 1) Will set iter according to chooseChr and start and stop, and possibly using -sites
	-> Only read nSites: 1562236 will therefore prepare next chromosome (or exit)
	-> Done reading data from chromosome will prepare next chromosome
	-> Is in multi sfs, will now read data from chr:JASDQU010029196.1
	-> hello Im the master merge part of realSFS. and I'll now do a tripple bypass to find intersect 
	-> 1) Will set iter according to chooseChr and start and stop, and possibly using -sites
	-> Only read nSites: 1562492 will therefore prepare next chromosome (or exit)
	-> Done reading data from chromosome will prepare next chromosome
	-> Is in multi sfs, will now read data from chr:JASDQU010029204.1
	-> hello Im the master merge part of realSFS. and I'll now do a tripple bypass to find intersect 
	-> 1) Will set iter according to chooseChr and start and stop, and possibly using -sites
	-> Only read nSites: 1562531 will therefore prepare next chromosome (or exit)
	-> Done reading data from chromosome will prepare next chromosome
	-> Is in multi sfs, will now read data from chr:JASDQU010029215.1
	-> hello Im the master merge part of realSFS. and I'll now do a tripple bypass to find intersect 
	-> 1) Will set iter according to chooseChr and start and stop, and possibly using -sites
	-> Only read nSites: 1563022 will therefore prepare next chromosome (or exit)
	-> Done reading data from chromosome will prepare next chromosome
	-> Is in multi sfs, will now read data from chr:JASDQU010029225.1
	-> hello Im the master merge part of realSFS. and I'll now do a tripple bypass to find intersect 
	-> 1) Will set iter according to chooseChr and start and stop, and possibly using -sites
	-> Only read nSites: 1563450 will therefore prepare next chromosome (or exit)
	-> Done reading data from chromosome will prepare next chromosome
	-> Is in multi sfs, will now read data from chr:JASDQU010029229.1
	-> hello Im the master merge part of realSFS. and I'll now do a tripple bypass to find intersect 
	-> 1) Will set iter according to chooseChr and start and stop, and possibly using -sites
	-> Only read nSites: 1563922 will therefore prepare next chromosome (or exit)
	-> Done reading data from chromosome will prepare next chromosome
	-> Is in multi sfs, will now read data from chr:JASDQU010029241.1
	-> hello Im the master merge part of realSFS. and I'll now do a tripple bypass to find intersect 
	-> 1) Will set iter according to chooseChr and start and stop, and possibly using -sites
	-> Only read nSites: 1564732 will therefore prepare next chromosome (or exit)
	-> Done reading data from chromosome will prepare next chromosome
	-> Is in multi sfs, will now read data from chr:JASDQU010029276.1
	-> hello Im the master merge part of realSFS. and I'll now do a tripple bypass to find intersect 
	-> 1) Will set iter according to chooseChr and start and stop, and possibly using -sites
	-> Only read nSites: 1565311 will therefore prepare next chromosome (or exit)
	-> Done reading data from chromosome will prepare next chromosome
	-> Is in multi sfs, will now read data from chr:JASDQU010029278.1
	-> hello Im the master merge part of realSFS. and I'll now do a tripple bypass to find intersect 
	-> 1) Will set iter according to chooseChr and start and stop, and possibly using -sites
	-> Only read nSites: 1566547 will therefore prepare next chromosome (or exit)
	-> Done reading data from chromosome will prepare next chromosome
	-> Is in multi sfs, will now read data from chr:JASDQU010029293.1
	-> hello Im the master merge part of realSFS. and I'll now do a tripple bypass to find intersect 
	-> 1) Will set iter according to chooseChr and start and stop, and possibly using -sites
	-> Only read nSites: 1568244 will therefore prepare next chromosome (or exit)
	-> Done reading data from chromosome will prepare next chromosome
	-> Is in multi sfs, will now read data from chr:JASDQU010029358.1
	-> hello Im the master merge part of realSFS. and I'll now do a tripple bypass to find intersect 
	-> 1) Will set iter according to chooseChr and start and stop, and possibly using -sites
	-> Only read nSites: 1568790 will therefore prepare next chromosome (or exit)
	-> Done reading data from chromosome will prepare next chromosome
	-> Is in multi sfs, will now read data from chr:JASDQU010029425.1
	-> hello Im the master merge part of realSFS. and I'll now do a tripple bypass to find intersect 
	-> 1) Will set iter according to chooseChr and start and stop, and possibly using -sites
	-> Only read nSites: 1570318 will therefore prepare next chromosome (or exit)
	-> Done reading data from chromosome will prepare next chromosome
	-> Is in multi sfs, will now read data from chr:JASDQU010029435.1
	-> hello Im the master merge part of realSFS. and I'll now do a tripple bypass to find intersect 
	-> 1) Will set iter according to chooseChr and start and stop, and possibly using -sites
	-> Only read nSites: 1570407 will therefore prepare next chromosome (or exit)
	-> Done reading data from chromosome will prepare next chromosome
	-> Is in multi sfs, will now read data from chr:JASDQU010029456.1
	-> hello Im the master merge part of realSFS. and I'll now do a tripple bypass to find intersect 
	-> 1) Will set iter according to chooseChr and start and stop, and possibly using -sites
	-> Only read nSites: 1570461 will therefore prepare next chromosome (or exit)
	-> Done reading data from chromosome will prepare next chromosome
	-> Is in multi sfs, will now read data from chr:JASDQU010029469.1
	-> hello Im the master merge part of realSFS. and I'll now do a tripple bypass to find intersect 
	-> 1) Will set iter according to chooseChr and start and stop, and possibly using -sites
	-> Only read nSites: 1570593 will therefore prepare next chromosome (or exit)
	-> Done reading data from chromosome will prepare next chromosome
	-> Is in multi sfs, will now read data from chr:JASDQU010029524.1
	-> hello Im the master merge part of realSFS. and I'll now do a tripple bypass to find intersect 
	-> 1) Will set iter according to chooseChr and start and stop, and possibly using -sites
	-> Only read nSites: 1571300 will therefore prepare next chromosome (or exit)
	-> Done reading data from chromosome will prepare next chromosome
	-> Is in multi sfs, will now read data from chr:JASDQU010029536.1
	-> hello Im the master merge part of realSFS. and I'll now do a tripple bypass to find intersect 
	-> 1) Will set iter according to chooseChr and start and stop, and possibly using -sites
	-> Only read nSites: 1573148 will therefore prepare next chromosome (or exit)
	-> Done reading data from chromosome will prepare next chromosome
	-> Is in multi sfs, will now read data from chr:JASDQU010029555.1
	-> hello Im the master merge part of realSFS. and I'll now do a tripple bypass to find intersect 
	-> 1) Will set iter according to chooseChr and start and stop, and possibly using -sites
	-> Only read nSites: 1574077 will therefore prepare next chromosome (or exit)
	-> Done reading data from chromosome will prepare next chromosome
	-> Is in multi sfs, will now read data from chr:JASDQU010029562.1
	-> hello Im the master merge part of realSFS. and I'll now do a tripple bypass to find intersect 
	-> 1) Will set iter according to chooseChr and start and stop, and possibly using -sites
	-> Only read nSites: 1574866 will therefore prepare next chromosome (or exit)
	-> Done reading data from chromosome will prepare next chromosome
	-> Is in multi sfs, will now read data from chr:JASDQU010029575.1
	-> hello Im the master merge part of realSFS. and I'll now do a tripple bypass to find intersect 
	-> 1) Will set iter according to chooseChr and start and stop, and possibly using -sites
	-> Only read nSites: 1577463 will therefore prepare next chromosome (or exit)
	-> Done reading data from chromosome will prepare next chromosome
	-> Is in multi sfs, will now read data from chr:JASDQU010029586.1
	-> hello Im the master merge part of realSFS. and I'll now do a tripple bypass to find intersect 
	-> 1) Will set iter according to chooseChr and start and stop, and possibly using -sites
	-> Only read nSites: 1577525 will therefore prepare next chromosome (or exit)
	-> Done reading data from chromosome will prepare next chromosome
	-> Is in multi sfs, will now read data from chr:JASDQU010029594.1
	-> hello Im the master merge part of realSFS. and I'll now do a tripple bypass to find intersect 
	-> 1) Will set iter according to chooseChr and start and stop, and possibly using -sites
	-> Only read nSites: 1578156 will therefore prepare next chromosome (or exit)
	-> Done reading data from chromosome will prepare next chromosome
	-> Is in multi sfs, will now read data from chr:JASDQU010029596.1
	-> hello Im the master merge part of realSFS. and I'll now do a tripple bypass to find intersect 
	-> 1) Will set iter according to chooseChr and start and stop, and possibly using -sites
	-> Only read nSites: 1579143 will therefore prepare next chromosome (or exit)
	-> Done reading data from chromosome will prepare next chromosome
	-> Is in multi sfs, will now read data from chr:JASDQU010029601.1
	-> hello Im the master merge part of realSFS. and I'll now do a tripple bypass to find intersect 
	-> 1) Will set iter according to chooseChr and start and stop, and possibly using -sites
	-> Only read nSites: 1579273 will therefore prepare next chromosome (or exit)
	-> Done reading data from chromosome will prepare next chromosome
	-> Is in multi sfs, will now read data from chr:JASDQU010029605.1
	-> hello Im the master merge part of realSFS. and I'll now do a tripple bypass to find intersect 
	-> 1) Will set iter according to chooseChr and start and stop, and possibly using -sites
	-> Only read nSites: 1579873 will therefore prepare next chromosome (or exit)
	-> Done reading data from chromosome will prepare next chromosome
	-> Is in multi sfs, will now read data from chr:JASDQU010029630.1
	-> hello Im the master merge part of realSFS. and I'll now do a tripple bypass to find intersect 
	-> 1) Will set iter according to chooseChr and start and stop, and possibly using -sites
	-> Only read nSites: 1580443 will therefore prepare next chromosome (or exit)
	-> Done reading data from chromosome will prepare next chromosome
	-> Is in multi sfs, will now read data from chr:JASDQU010029635.1
	-> hello Im the master merge part of realSFS. and I'll now do a tripple bypass to find intersect 
	-> 1) Will set iter according to chooseChr and start and stop, and possibly using -sites
	-> Only read nSites: 1581220 will therefore prepare next chromosome (or exit)
	-> Done reading data from chromosome will prepare next chromosome
	-> Is in multi sfs, will now read data from chr:JASDQU010029665.1
	-> hello Im the master merge part of realSFS. and I'll now do a tripple bypass to find intersect 
	-> 1) Will set iter according to chooseChr and start and stop, and possibly using -sites
	-> Only read nSites: 1581929 will therefore prepare next chromosome (or exit)
	-> Done reading data from chromosome will prepare next chromosome
	-> Is in multi sfs, will now read data from chr:JASDQU010029689.1
	-> hello Im the master merge part of realSFS. and I'll now do a tripple bypass to find intersect 
	-> 1) Will set iter according to chooseChr and start and stop, and possibly using -sites
	-> Only read nSites: 1582696 will therefore prepare next chromosome (or exit)
	-> Done reading data from chromosome will prepare next chromosome
	-> Is in multi sfs, will now read data from chr:JASDQU010029702.1
	-> hello Im the master merge part of realSFS. and I'll now do a tripple bypass to find intersect 
	-> 1) Will set iter according to chooseChr and start and stop, and possibly using -sites
	-> Only read nSites: 1583242 will therefore prepare next chromosome (or exit)
	-> Done reading data from chromosome will prepare next chromosome
	-> Is in multi sfs, will now read data from chr:JASDQU010029715.1
	-> hello Im the master merge part of realSFS. and I'll now do a tripple bypass to find intersect 
	-> 1) Will set iter according to chooseChr and start and stop, and possibly using -sites
	-> Only read nSites: 1587180 will therefore prepare next chromosome (or exit)
	-> Done reading data from chromosome will prepare next chromosome
	-> Is in multi sfs, will now read data from chr:JASDQU010029735.1
	-> hello Im the master merge part of realSFS. and I'll now do a tripple bypass to find intersect 
	-> 1) Will set iter according to chooseChr and start and stop, and possibly using -sites
	-> Only read nSites: 1587819 will therefore prepare next chromosome (or exit)
	-> Done reading data from chromosome will prepare next chromosome
	-> Is in multi sfs, will now read data from chr:JASDQU010029745.1
	-> hello Im the master merge part of realSFS. and I'll now do a tripple bypass to find intersect 
	-> 1) Will set iter according to chooseChr and start and stop, and possibly using -sites
	-> Only read nSites: 1589095 will therefore prepare next chromosome (or exit)
	-> Done reading data from chromosome will prepare next chromosome
	-> Is in multi sfs, will now read data from chr:JASDQU010029777.1
	-> hello Im the master merge part of realSFS. and I'll now do a tripple bypass to find intersect 
	-> 1) Will set iter according to chooseChr and start and stop, and possibly using -sites
	-> Only read nSites: 1589735 will therefore prepare next chromosome (or exit)
	-> Done reading data from chromosome will prepare next chromosome
	-> Is in multi sfs, will now read data from chr:JASDQU010029779.1
	-> hello Im the master merge part of realSFS. and I'll now do a tripple bypass to find intersect 
	-> 1) Will set iter according to chooseChr and start and stop, and possibly using -sites
	-> Only read nSites: 1591092 will therefore prepare next chromosome (or exit)
	-> Done reading data from chromosome will prepare next chromosome
	-> Is in multi sfs, will now read data from chr:JASDQU010029780.1
	-> hello Im the master merge part of realSFS. and I'll now do a tripple bypass to find intersect 
	-> 1) Will set iter according to chooseChr and start and stop, and possibly using -sites
	-> Only read nSites: 1592179 will therefore prepare next chromosome (or exit)
	-> Done reading data from chromosome will prepare next chromosome
	-> Is in multi sfs, will now read data from chr:JASDQU010029782.1
	-> hello Im the master merge part of realSFS. and I'll now do a tripple bypass to find intersect 
	-> 1) Will set iter according to chooseChr and start and stop, and possibly using -sites
	-> Only read nSites: 1592971 will therefore prepare next chromosome (or exit)
	-> Done reading data from chromosome will prepare next chromosome
	-> Is in multi sfs, will now read data from chr:JASDQU010029815.1
	-> hello Im the master merge part of realSFS. and I'll now do a tripple bypass to find intersect 
	-> 1) Will set iter according to chooseChr and start and stop, and possibly using -sites
	-> Only read nSites: 1593746 will therefore prepare next chromosome (or exit)
	-> Done reading data from chromosome will prepare next chromosome
	-> Is in multi sfs, will now read data from chr:JASDQU010029819.1
	-> hello Im the master merge part of realSFS. and I'll now do a tripple bypass to find intersect 
	-> 1) Will set iter according to chooseChr and start and stop, and possibly using -sites
	-> Only read nSites: 1593747 will therefore prepare next chromosome (or exit)
	-> Done reading data from chromosome will prepare next chromosome
	-> Is in multi sfs, will now read data from chr:JASDQU010029825.1
	-> hello Im the master merge part of realSFS. and I'll now do a tripple bypass to find intersect 
	-> 1) Will set iter according to chooseChr and start and stop, and possibly using -sites
	-> Only read nSites: 1594703 will therefore prepare next chromosome (or exit)
	-> Done reading data from chromosome will prepare next chromosome
	-> Is in multi sfs, will now read data from chr:JASDQU010029846.1
	-> hello Im the master merge part of realSFS. and I'll now do a tripple bypass to find intersect 
	-> 1) Will set iter according to chooseChr and start and stop, and possibly using -sites
	-> Only read nSites: 1594878 will therefore prepare next chromosome (or exit)
	-> Done reading data from chromosome will prepare next chromosome
	-> Is in multi sfs, will now read data from chr:JASDQU010029854.1
	-> hello Im the master merge part of realSFS. and I'll now do a tripple bypass to find intersect 
	-> 1) Will set iter according to chooseChr and start and stop, and possibly using -sites
	-> Only read nSites: 1595119 will therefore prepare next chromosome (or exit)
	-> Done reading data from chromosome will prepare next chromosome
	-> Is in multi sfs, will now read data from chr:JASDQU010029874.1
	-> hello Im the master merge part of realSFS. and I'll now do a tripple bypass to find intersect 
	-> 1) Will set iter according to chooseChr and start and stop, and possibly using -sites
	-> Only read nSites: 1595328 will therefore prepare next chromosome (or exit)
	-> Done reading data from chromosome will prepare next chromosome
	-> Is in multi sfs, will now read data from chr:JASDQU010029884.1
	-> hello Im the master merge part of realSFS. and I'll now do a tripple bypass to find intersect 
	-> 1) Will set iter according to chooseChr and start and stop, and possibly using -sites
	-> Only read nSites: 1595778 will therefore prepare next chromosome (or exit)
	-> Done reading data from chromosome will prepare next chromosome
	-> Is in multi sfs, will now read data from chr:JASDQU010029920.1
	-> hello Im the master merge part of realSFS. and I'll now do a tripple bypass to find intersect 
	-> 1) Will set iter according to chooseChr and start and stop, and possibly using -sites
	-> Only read nSites: 1598537 will therefore prepare next chromosome (or exit)
	-> Done reading data from chromosome will prepare next chromosome
	-> Is in multi sfs, will now read data from chr:JASDQU010029926.1
	-> hello Im the master merge part of realSFS. and I'll now do a tripple bypass to find intersect 
	-> 1) Will set iter according to chooseChr and start and stop, and possibly using -sites
	-> Only read nSites: 1598568 will therefore prepare next chromosome (or exit)
	-> Done reading data from chromosome will prepare next chromosome
	-> Is in multi sfs, will now read data from chr:JASDQU010029932.1
	-> hello Im the master merge part of realSFS. and I'll now do a tripple bypass to find intersect 
	-> 1) Will set iter according to chooseChr and start and stop, and possibly using -sites
	-> Only read nSites: 1600033 will therefore prepare next chromosome (or exit)
	-> Done reading data from chromosome will prepare next chromosome
	-> Is in multi sfs, will now read data from chr:JASDQU010029935.1
	-> hello Im the master merge part of realSFS. and I'll now do a tripple bypass to find intersect 
	-> 1) Will set iter according to chooseChr and start and stop, and possibly using -sites
	-> Only read nSites: 1600935 will therefore prepare next chromosome (or exit)
	-> Done reading data from chromosome will prepare next chromosome
	-> Is in multi sfs, will now read data from chr:JASDQU010029937.1
	-> hello Im the master merge part of realSFS. and I'll now do a tripple bypass to find intersect 
	-> 1) Will set iter according to chooseChr and start and stop, and possibly using -sites
	-> Only read nSites: 1603032 will therefore prepare next chromosome (or exit)
	-> Done reading data from chromosome will prepare next chromosome
	-> Is in multi sfs, will now read data from chr:JASDQU010029957.1
	-> hello Im the master merge part of realSFS. and I'll now do a tripple bypass to find intersect 
	-> 1) Will set iter according to chooseChr and start and stop, and possibly using -sites
	-> Only read nSites: 1603954 will therefore prepare next chromosome (or exit)
	-> Done reading data from chromosome will prepare next chromosome
	-> Is in multi sfs, will now read data from chr:JASDQU010029960.1
	-> hello Im the master merge part of realSFS. and I'll now do a tripple bypass to find intersect 
	-> 1) Will set iter according to chooseChr and start and stop, and possibly using -sites
	-> Only read nSites: 1605129 will therefore prepare next chromosome (or exit)
	-> Done reading data from chromosome will prepare next chromosome
	-> Is in multi sfs, will now read data from chr:JASDQU010029998.1
	-> hello Im the master merge part of realSFS. and I'll now do a tripple bypass to find intersect 
	-> 1) Will set iter according to chooseChr and start and stop, and possibly using -sites
	-> Only read nSites: 1605281 will therefore prepare next chromosome (or exit)
	-> Done reading data from chromosome will prepare next chromosome
	-> Is in multi sfs, will now read data from chr:JASDQU010030020.1
	-> hello Im the master merge part of realSFS. and I'll now do a tripple bypass to find intersect 
	-> 1) Will set iter according to chooseChr and start and stop, and possibly using -sites
	-> Only read nSites: 1606264 will therefore prepare next chromosome (or exit)
	-> Done reading data from chromosome will prepare next chromosome
	-> Is in multi sfs, will now read data from chr:JASDQU010030108.1
	-> hello Im the master merge part of realSFS. and I'll now do a tripple bypass to find intersect 
	-> 1) Will set iter according to chooseChr and start and stop, and possibly using -sites
	-> Only read nSites: 1608942 will therefore prepare next chromosome (or exit)
	-> Done reading data from chromosome will prepare next chromosome
	-> Is in multi sfs, will now read data from chr:JASDQU010030214.1
	-> hello Im the master merge part of realSFS. and I'll now do a tripple bypass to find intersect 
	-> 1) Will set iter according to chooseChr and start and stop, and possibly using -sites
	-> Only read nSites: 1609494 will therefore prepare next chromosome (or exit)
	-> Done reading data from chromosome will prepare next chromosome
	-> Is in multi sfs, will now read data from chr:JASDQU010030231.1
	-> hello Im the master merge part of realSFS. and I'll now do a tripple bypass to find intersect 
	-> 1) Will set iter according to chooseChr and start and stop, and possibly using -sites
	-> Only read nSites: 1609547 will therefore prepare next chromosome (or exit)
	-> Done reading data from chromosome will prepare next chromosome
	-> Is in multi sfs, will now read data from chr:JASDQU010030240.1
	-> hello Im the master merge part of realSFS. and I'll now do a tripple bypass to find intersect 
	-> 1) Will set iter according to chooseChr and start and stop, and possibly using -sites
	-> Only read nSites: 1610518 will therefore prepare next chromosome (or exit)
	-> Done reading data from chromosome will prepare next chromosome
	-> Is in multi sfs, will now read data from chr:JASDQU010030260.1
	-> hello Im the master merge part of realSFS. and I'll now do a tripple bypass to find intersect 
	-> 1) Will set iter according to chooseChr and start and stop, and possibly using -sites
	-> Only read nSites: 1610791 will therefore prepare next chromosome (or exit)
	-> Done reading data from chromosome will prepare next chromosome
	-> Is in multi sfs, will now read data from chr:JASDQU010030273.1
	-> hello Im the master merge part of realSFS. and I'll now do a tripple bypass to find intersect 
	-> 1) Will set iter according to chooseChr and start and stop, and possibly using -sites
	-> Only read nSites: 1611383 will therefore prepare next chromosome (or exit)
	-> Done reading data from chromosome will prepare next chromosome
	-> Is in multi sfs, will now read data from chr:JASDQU010030337.1
	-> hello Im the master merge part of realSFS. and I'll now do a tripple bypass to find intersect 
	-> 1) Will set iter according to chooseChr and start and stop, and possibly using -sites
	-> Only read nSites: 1613244 will therefore prepare next chromosome (or exit)
	-> Done reading data from chromosome will prepare next chromosome
	-> Is in multi sfs, will now read data from chr:JASDQU010030348.1
	-> hello Im the master merge part of realSFS. and I'll now do a tripple bypass to find intersect 
	-> 1) Will set iter according to chooseChr and start and stop, and possibly using -sites
	-> Only read nSites: 1613846 will therefore prepare next chromosome (or exit)
	-> Done reading data from chromosome will prepare next chromosome
	-> Is in multi sfs, will now read data from chr:JASDQU010030370.1
	-> hello Im the master merge part of realSFS. and I'll now do a tripple bypass to find intersect 
	-> 1) Will set iter according to chooseChr and start and stop, and possibly using -sites
	-> Only read nSites: 1614910 will therefore prepare next chromosome (or exit)
	-> Done reading data from chromosome will prepare next chromosome
	-> Is in multi sfs, will now read data from chr:JASDQU010030374.1
	-> hello Im the master merge part of realSFS. and I'll now do a tripple bypass to find intersect 
	-> 1) Will set iter according to chooseChr and start and stop, and possibly using -sites
	-> Only read nSites: 1615916 will therefore prepare next chromosome (or exit)
	-> Done reading data from chromosome will prepare next chromosome
	-> Is in multi sfs, will now read data from chr:JASDQU010030377.1
	-> hello Im the master merge part of realSFS. and I'll now do a tripple bypass to find intersect 
	-> 1) Will set iter according to chooseChr and start and stop, and possibly using -sites
	-> Only read nSites: 1616557 will therefore prepare next chromosome (or exit)
	-> Done reading data from chromosome will prepare next chromosome
	-> Is in multi sfs, will now read data from chr:JASDQU010030382.1
	-> hello Im the master merge part of realSFS. and I'll now do a tripple bypass to find intersect 
	-> 1) Will set iter according to chooseChr and start and stop, and possibly using -sites
	-> Only read nSites: 1617367 will therefore prepare next chromosome (or exit)
	-> Done reading data from chromosome will prepare next chromosome
	-> Is in multi sfs, will now read data from chr:JASDQU010030391.1
	-> hello Im the master merge part of realSFS. and I'll now do a tripple bypass to find intersect 
	-> 1) Will set iter according to chooseChr and start and stop, and possibly using -sites
	-> Only read nSites: 1618319 will therefore prepare next chromosome (or exit)
	-> Done reading data from chromosome will prepare next chromosome
	-> Is in multi sfs, will now read data from chr:JASDQU010030413.1
	-> hello Im the master merge part of realSFS. and I'll now do a tripple bypass to find intersect 
	-> 1) Will set iter according to chooseChr and start and stop, and possibly using -sites
	-> Only read nSites: 1618398 will therefore prepare next chromosome (or exit)
	-> Done reading data from chromosome will prepare next chromosome
	-> Is in multi sfs, will now read data from chr:JASDQU010030423.1
	-> hello Im the master merge part of realSFS. and I'll now do a tripple bypass to find intersect 
	-> 1) Will set iter according to chooseChr and start and stop, and possibly using -sites
	-> Only read nSites: 1620230 will therefore prepare next chromosome (or exit)
	-> Done reading data from chromosome will prepare next chromosome
	-> Is in multi sfs, will now read data from chr:JASDQU010030462.1
	-> hello Im the master merge part of realSFS. and I'll now do a tripple bypass to find intersect 
	-> 1) Will set iter according to chooseChr and start and stop, and possibly using -sites
	-> Only read nSites: 1621386 will therefore prepare next chromosome (or exit)
	-> Done reading data from chromosome will prepare next chromosome
	-> Is in multi sfs, will now read data from chr:JASDQU010030505.1
	-> hello Im the master merge part of realSFS. and I'll now do a tripple bypass to find intersect 
	-> 1) Will set iter according to chooseChr and start and stop, and possibly using -sites
	-> Only read nSites: 1622306 will therefore prepare next chromosome (or exit)
	-> Done reading data from chromosome will prepare next chromosome
	-> Is in multi sfs, will now read data from chr:JASDQU010030507.1
	-> hello Im the master merge part of realSFS. and I'll now do a tripple bypass to find intersect 
	-> 1) Will set iter according to chooseChr and start and stop, and possibly using -sites
	-> Only read nSites: 1623414 will therefore prepare next chromosome (or exit)
	-> Done reading data from chromosome will prepare next chromosome
	-> Is in multi sfs, will now read data from chr:JASDQU010030607.1
	-> hello Im the master merge part of realSFS. and I'll now do a tripple bypass to find intersect 
	-> 1) Will set iter according to chooseChr and start and stop, and possibly using -sites
	-> Only read nSites: 1624786 will therefore prepare next chromosome (or exit)
	-> Done reading data from chromosome will prepare next chromosome
	-> Is in multi sfs, will now read data from chr:JASDQU010030648.1
	-> hello Im the master merge part of realSFS. and I'll now do a tripple bypass to find intersect 
	-> 1) Will set iter according to chooseChr and start and stop, and possibly using -sites
	-> Only read nSites: 1624897 will therefore prepare next chromosome (or exit)
	-> Done reading data from chromosome will prepare next chromosome
	-> Is in multi sfs, will now read data from chr:JASDQU010030665.1
	-> hello Im the master merge part of realSFS. and I'll now do a tripple bypass to find intersect 
	-> 1) Will set iter according to chooseChr and start and stop, and possibly using -sites
	-> Only read nSites: 1625464 will therefore prepare next chromosome (or exit)
	-> Done reading data from chromosome will prepare next chromosome
	-> Is in multi sfs, will now read data from chr:JASDQU010030691.1
	-> hello Im the master merge part of realSFS. and I'll now do a tripple bypass to find intersect 
	-> 1) Will set iter according to chooseChr and start and stop, and possibly using -sites
	-> Only read nSites: 1626562 will therefore prepare next chromosome (or exit)
	-> Done reading data from chromosome will prepare next chromosome
	-> Is in multi sfs, will now read data from chr:JASDQU010030777.1
	-> hello Im the master merge part of realSFS. and I'll now do a tripple bypass to find intersect 
	-> 1) Will set iter according to chooseChr and start and stop, and possibly using -sites
	-> Only read nSites: 1627608 will therefore prepare next chromosome (or exit)
	-> Done reading data from chromosome will prepare next chromosome
	-> Is in multi sfs, will now read data from chr:JASDQU010030796.1
	-> hello Im the master merge part of realSFS. and I'll now do a tripple bypass to find intersect 
	-> 1) Will set iter according to chooseChr and start and stop, and possibly using -sites
	-> Only read nSites: 1627814 will therefore prepare next chromosome (or exit)
	-> Done reading data from chromosome will prepare next chromosome
	-> Is in multi sfs, will now read data from chr:JASDQU010030802.1
	-> hello Im the master merge part of realSFS. and I'll now do a tripple bypass to find intersect 
	-> 1) Will set iter according to chooseChr and start and stop, and possibly using -sites
	-> Only read nSites: 1629338 will therefore prepare next chromosome (or exit)
	-> Done reading data from chromosome will prepare next chromosome
	-> Is in multi sfs, will now read data from chr:JASDQU010030806.1
	-> hello Im the master merge part of realSFS. and I'll now do a tripple bypass to find intersect 
	-> 1) Will set iter according to chooseChr and start and stop, and possibly using -sites
	-> Only read nSites: 1631797 will therefore prepare next chromosome (or exit)
	-> Done reading data from chromosome will prepare next chromosome
	-> Is in multi sfs, will now read data from chr:JASDQU010030808.1
	-> hello Im the master merge part of realSFS. and I'll now do a tripple bypass to find intersect 
	-> 1) Will set iter according to chooseChr and start and stop, and possibly using -sites
	-> Only read nSites: 1631882 will therefore prepare next chromosome (or exit)
	-> Done reading data from chromosome will prepare next chromosome
	-> Is in multi sfs, will now read data from chr:JASDQU010030909.1
	-> hello Im the master merge part of realSFS. and I'll now do a tripple bypass to find intersect 
	-> 1) Will set iter according to chooseChr and start and stop, and possibly using -sites
	-> Only read nSites: 1632306 will therefore prepare next chromosome (or exit)
	-> Done reading data from chromosome will prepare next chromosome
	-> Is in multi sfs, will now read data from chr:JASDQU010030912.1
	-> hello Im the master merge part of realSFS. and I'll now do a tripple bypass to find intersect 
	-> 1) Will set iter according to chooseChr and start and stop, and possibly using -sites
	-> Only read nSites: 1632609 will therefore prepare next chromosome (or exit)
	-> Done reading data from chromosome will prepare next chromosome
	-> Is in multi sfs, will now read data from chr:JASDQU010030934.1
	-> hello Im the master merge part of realSFS. and I'll now do a tripple bypass to find intersect 
	-> 1) Will set iter according to chooseChr and start and stop, and possibly using -sites
	-> Only read nSites: 1633436 will therefore prepare next chromosome (or exit)
	-> Done reading data from chromosome will prepare next chromosome
	-> Is in multi sfs, will now read data from chr:JASDQU010030936.1
	-> hello Im the master merge part of realSFS. and I'll now do a tripple bypass to find intersect 
	-> 1) Will set iter according to chooseChr and start and stop, and possibly using -sites
	-> Only read nSites: 1633606 will therefore prepare next chromosome (or exit)
	-> Done reading data from chromosome will prepare next chromosome
	-> Is in multi sfs, will now read data from chr:JASDQU010030945.1
	-> hello Im the master merge part of realSFS. and I'll now do a tripple bypass to find intersect 
	-> 1) Will set iter according to chooseChr and start and stop, and possibly using -sites
	-> Only read nSites: 1633614 will therefore prepare next chromosome (or exit)
	-> Done reading data from chromosome will prepare next chromosome
	-> Is in multi sfs, will now read data from chr:JASDQU010030956.1
	-> hello Im the master merge part of realSFS. and I'll now do a tripple bypass to find intersect 
	-> 1) Will set iter according to chooseChr and start and stop, and possibly using -sites
	-> Only read nSites: 1634513 will therefore prepare next chromosome (or exit)
	-> Done reading data from chromosome will prepare next chromosome
	-> Is in multi sfs, will now read data from chr:JASDQU010030964.1
	-> hello Im the master merge part of realSFS. and I'll now do a tripple bypass to find intersect 
	-> 1) Will set iter according to chooseChr and start and stop, and possibly using -sites
	-> Only read nSites: 1635151 will therefore prepare next chromosome (or exit)
	-> Done reading data from chromosome will prepare next chromosome
	-> Is in multi sfs, will now read data from chr:JASDQU010030965.1
	-> hello Im the master merge part of realSFS. and I'll now do a tripple bypass to find intersect 
	-> 1) Will set iter according to chooseChr and start and stop, and possibly using -sites
	-> Only read nSites: 1636383 will therefore prepare next chromosome (or exit)
	-> Done reading data from chromosome will prepare next chromosome
	-> Is in multi sfs, will now read data from chr:JASDQU010030985.1
	-> hello Im the master merge part of realSFS. and I'll now do a tripple bypass to find intersect 
	-> 1) Will set iter according to chooseChr and start and stop, and possibly using -sites
	-> Only read nSites: 1636932 will therefore prepare next chromosome (or exit)
	-> Done reading data from chromosome will prepare next chromosome
	-> Is in multi sfs, will now read data from chr:JASDQU010031031.1
	-> hello Im the master merge part of realSFS. and I'll now do a tripple bypass to find intersect 
	-> 1) Will set iter according to chooseChr and start and stop, and possibly using -sites
	-> Only read nSites: 1638958 will therefore prepare next chromosome (or exit)
	-> Done reading data from chromosome will prepare next chromosome
	-> Is in multi sfs, will now read data from chr:JASDQU010031134.1
	-> hello Im the master merge part of realSFS. and I'll now do a tripple bypass to find intersect 
	-> 1) Will set iter according to chooseChr and start and stop, and possibly using -sites
	-> Only read nSites: 1639348 will therefore prepare next chromosome (or exit)
	-> Done reading data from chromosome will prepare next chromosome
	-> Is in multi sfs, will now read data from chr:JASDQU010031146.1
	-> hello Im the master merge part of realSFS. and I'll now do a tripple bypass to find intersect 
	-> 1) Will set iter according to chooseChr and start and stop, and possibly using -sites
	-> Only read nSites: 1640093 will therefore prepare next chromosome (or exit)
	-> Done reading data from chromosome will prepare next chromosome
	-> Is in multi sfs, will now read data from chr:JASDQU010031177.1
	-> hello Im the master merge part of realSFS. and I'll now do a tripple bypass to find intersect 
	-> 1) Will set iter according to chooseChr and start and stop, and possibly using -sites
	-> Only read nSites: 1641383 will therefore prepare next chromosome (or exit)
	-> Done reading data from chromosome will prepare next chromosome
	-> Is in multi sfs, will now read data from chr:JASDQU010031196.1
	-> hello Im the master merge part of realSFS. and I'll now do a tripple bypass to find intersect 
	-> 1) Will set iter according to chooseChr and start and stop, and possibly using -sites
	-> Only read nSites: 1641937 will therefore prepare next chromosome (or exit)
	-> Done reading data from chromosome will prepare next chromosome
	-> Is in multi sfs, will now read data from chr:JASDQU010031197.1
	-> hello Im the master merge part of realSFS. and I'll now do a tripple bypass to find intersect 
	-> 1) Will set iter according to chooseChr and start and stop, and possibly using -sites
	-> Only read nSites: 1642246 will therefore prepare next chromosome (or exit)
	-> Done reading data from chromosome will prepare next chromosome
	-> Is in multi sfs, will now read data from chr:JASDQU010031206.1
	-> hello Im the master merge part of realSFS. and I'll now do a tripple bypass to find intersect 
	-> 1) Will set iter according to chooseChr and start and stop, and possibly using -sites
	-> Only read nSites: 1643436 will therefore prepare next chromosome (or exit)
	-> Done reading data from chromosome will prepare next chromosome
	-> Is in multi sfs, will now read data from chr:JASDQU010031245.1
	-> hello Im the master merge part of realSFS. and I'll now do a tripple bypass to find intersect 
	-> 1) Will set iter according to chooseChr and start and stop, and possibly using -sites
	-> Only read nSites: 1649008 will therefore prepare next chromosome (or exit)
	-> Done reading data from chromosome will prepare next chromosome
	-> Is in multi sfs, will now read data from chr:JASDQU010031277.1
	-> hello Im the master merge part of realSFS. and I'll now do a tripple bypass to find intersect 
	-> 1) Will set iter according to chooseChr and start and stop, and possibly using -sites
	-> Only read nSites: 1649944 will therefore prepare next chromosome (or exit)
	-> Done reading data from chromosome will prepare next chromosome
	-> Is in multi sfs, will now read data from chr:JASDQU010031308.1
	-> hello Im the master merge part of realSFS. and I'll now do a tripple bypass to find intersect 
	-> 1) Will set iter according to chooseChr and start and stop, and possibly using -sites
	-> Only read nSites: 1650015 will therefore prepare next chromosome (or exit)
	-> Done reading data from chromosome will prepare next chromosome
	-> Is in multi sfs, will now read data from chr:JASDQU010031366.1
	-> hello Im the master merge part of realSFS. and I'll now do a tripple bypass to find intersect 
	-> 1) Will set iter according to chooseChr and start and stop, and possibly using -sites
	-> Only read nSites: 1650779 will therefore prepare next chromosome (or exit)
	-> Done reading data from chromosome will prepare next chromosome
	-> Is in multi sfs, will now read data from chr:JASDQU010031367.1
	-> hello Im the master merge part of realSFS. and I'll now do a tripple bypass to find intersect 
	-> 1) Will set iter according to chooseChr and start and stop, and possibly using -sites
	-> Only read nSites: 1651000 will therefore prepare next chromosome (or exit)
	-> Done reading data from chromosome will prepare next chromosome
	-> Is in multi sfs, will now read data from chr:JASDQU010031379.1
	-> hello Im the master merge part of realSFS. and I'll now do a tripple bypass to find intersect 
	-> 1) Will set iter according to chooseChr and start and stop, and possibly using -sites
	-> Only read nSites: 1651911 will therefore prepare next chromosome (or exit)
	-> Done reading data from chromosome will prepare next chromosome
	-> Is in multi sfs, will now read data from chr:JASDQU010031393.1
	-> hello Im the master merge part of realSFS. and I'll now do a tripple bypass to find intersect 
	-> 1) Will set iter according to chooseChr and start and stop, and possibly using -sites
	-> Only read nSites: 1652853 will therefore prepare next chromosome (or exit)
	-> Done reading data from chromosome will prepare next chromosome
	-> Is in multi sfs, will now read data from chr:JASDQU010031399.1
	-> hello Im the master merge part of realSFS. and I'll now do a tripple bypass to find intersect 
	-> 1) Will set iter according to chooseChr and start and stop, and possibly using -sites
	-> Only read nSites: 1654078 will therefore prepare next chromosome (or exit)
	-> Done reading data from chromosome will prepare next chromosome
	-> Is in multi sfs, will now read data from chr:JASDQU010031405.1
	-> hello Im the master merge part of realSFS. and I'll now do a tripple bypass to find intersect 
	-> 1) Will set iter according to chooseChr and start and stop, and possibly using -sites
	-> Only read nSites: 1654114 will therefore prepare next chromosome (or exit)
	-> Done reading data from chromosome will prepare next chromosome
	-> Is in multi sfs, will now read data from chr:JASDQU010031406.1
	-> hello Im the master merge part of realSFS. and I'll now do a tripple bypass to find intersect 
	-> 1) Will set iter according to chooseChr and start and stop, and possibly using -sites
	-> Only read nSites: 1654498 will therefore prepare next chromosome (or exit)
	-> Done reading data from chromosome will prepare next chromosome
	-> Is in multi sfs, will now read data from chr:JASDQU010031410.1
	-> hello Im the master merge part of realSFS. and I'll now do a tripple bypass to find intersect 
	-> 1) Will set iter according to chooseChr and start and stop, and possibly using -sites
	-> Only read nSites: 1655483 will therefore prepare next chromosome (or exit)
	-> Done reading data from chromosome will prepare next chromosome
	-> Is in multi sfs, will now read data from chr:JASDQU010031415.1
	-> hello Im the master merge part of realSFS. and I'll now do a tripple bypass to find intersect 
	-> 1) Will set iter according to chooseChr and start and stop, and possibly using -sites
	-> Only read nSites: 1656091 will therefore prepare next chromosome (or exit)
	-> Done reading data from chromosome will prepare next chromosome
	-> Is in multi sfs, will now read data from chr:JASDQU010031422.1
	-> hello Im the master merge part of realSFS. and I'll now do a tripple bypass to find intersect 
	-> 1) Will set iter according to chooseChr and start and stop, and possibly using -sites
	-> Only read nSites: 1657264 will therefore prepare next chromosome (or exit)
	-> Done reading data from chromosome will prepare next chromosome
	-> Is in multi sfs, will now read data from chr:JASDQU010031459.1
	-> hello Im the master merge part of realSFS. and I'll now do a tripple bypass to find intersect 
	-> 1) Will set iter according to chooseChr and start and stop, and possibly using -sites
	-> Only read nSites: 1658263 will therefore prepare next chromosome (or exit)
	-> Done reading data from chromosome will prepare next chromosome
	-> Is in multi sfs, will now read data from chr:JASDQU010031547.1
	-> hello Im the master merge part of realSFS. and I'll now do a tripple bypass to find intersect 
	-> 1) Will set iter according to chooseChr and start and stop, and possibly using -sites
	-> Only read nSites: 1659527 will therefore prepare next chromosome (or exit)
	-> Done reading data from chromosome will prepare next chromosome
	-> Is in multi sfs, will now read data from chr:JASDQU010031555.1
	-> hello Im the master merge part of realSFS. and I'll now do a tripple bypass to find intersect 
	-> 1) Will set iter according to chooseChr and start and stop, and possibly using -sites
	-> Only read nSites: 1660338 will therefore prepare next chromosome (or exit)
	-> Done reading data from chromosome will prepare next chromosome
	-> Is in multi sfs, will now read data from chr:JASDQU010031560.1
	-> hello Im the master merge part of realSFS. and I'll now do a tripple bypass to find intersect 
	-> 1) Will set iter according to chooseChr and start and stop, and possibly using -sites
	-> Only read nSites: 1661090 will therefore prepare next chromosome (or exit)
	-> Done reading data from chromosome will prepare next chromosome
	-> Is in multi sfs, will now read data from chr:JASDQU010031612.1
	-> hello Im the master merge part of realSFS. and I'll now do a tripple bypass to find intersect 
	-> 1) Will set iter according to chooseChr and start and stop, and possibly using -sites
	-> Only read nSites: 1661409 will therefore prepare next chromosome (or exit)
	-> Done reading data from chromosome will prepare next chromosome
	-> Is in multi sfs, will now read data from chr:JASDQU010031656.1
	-> hello Im the master merge part of realSFS. and I'll now do a tripple bypass to find intersect 
	-> 1) Will set iter according to chooseChr and start and stop, and possibly using -sites
	-> Only read nSites: 1662531 will therefore prepare next chromosome (or exit)
	-> Done reading data from chromosome will prepare next chromosome
	-> Is in multi sfs, will now read data from chr:JASDQU010031694.1
	-> hello Im the master merge part of realSFS. and I'll now do a tripple bypass to find intersect 
	-> 1) Will set iter according to chooseChr and start and stop, and possibly using -sites
	-> Only read nSites: 1663346 will therefore prepare next chromosome (or exit)
	-> Done reading data from chromosome will prepare next chromosome
	-> Is in multi sfs, will now read data from chr:JASDQU010031719.1
	-> hello Im the master merge part of realSFS. and I'll now do a tripple bypass to find intersect 
	-> 1) Will set iter according to chooseChr and start and stop, and possibly using -sites
	-> Only read nSites: 1663517 will therefore prepare next chromosome (or exit)
	-> Done reading data from chromosome will prepare next chromosome
	-> Is in multi sfs, will now read data from chr:JASDQU010031762.1
	-> hello Im the master merge part of realSFS. and I'll now do a tripple bypass to find intersect 
	-> 1) Will set iter according to chooseChr and start and stop, and possibly using -sites
	-> Only read nSites: 1663662 will therefore prepare next chromosome (or exit)
	-> Done reading data from chromosome will prepare next chromosome
	-> Is in multi sfs, will now read data from chr:JASDQU010031770.1
	-> hello Im the master merge part of realSFS. and I'll now do a tripple bypass to find intersect 
	-> 1) Will set iter according to chooseChr and start and stop, and possibly using -sites
	-> Only read nSites: 1664509 will therefore prepare next chromosome (or exit)
	-> Done reading data from chromosome will prepare next chromosome
	-> Is in multi sfs, will now read data from chr:JASDQU010031771.1
	-> hello Im the master merge part of realSFS. and I'll now do a tripple bypass to find intersect 
	-> 1) Will set iter according to chooseChr and start and stop, and possibly using -sites
	-> Only read nSites: 1665215 will therefore prepare next chromosome (or exit)
	-> Done reading data from chromosome will prepare next chromosome
	-> Is in multi sfs, will now read data from chr:JASDQU010031776.1
	-> hello Im the master merge part of realSFS. and I'll now do a tripple bypass to find intersect 
	-> 1) Will set iter according to chooseChr and start and stop, and possibly using -sites
	-> Only read nSites: 1665832 will therefore prepare next chromosome (or exit)
	-> Done reading data from chromosome will prepare next chromosome
	-> Is in multi sfs, will now read data from chr:JASDQU010031787.1
	-> hello Im the master merge part of realSFS. and I'll now do a tripple bypass to find intersect 
	-> 1) Will set iter according to chooseChr and start and stop, and possibly using -sites
	-> Only read nSites: 1674911 will therefore prepare next chromosome (or exit)
	-> Done reading data from chromosome will prepare next chromosome
	-> Is in multi sfs, will now read data from chr:JASDQU010031850.1
	-> hello Im the master merge part of realSFS. and I'll now do a tripple bypass to find intersect 
	-> 1) Will set iter according to chooseChr and start and stop, and possibly using -sites
	-> Only read nSites: 1677019 will therefore prepare next chromosome (or exit)
	-> Done reading data from chromosome will prepare next chromosome
	-> Is in multi sfs, will now read data from chr:JASDQU010031855.1
	-> hello Im the master merge part of realSFS. and I'll now do a tripple bypass to find intersect 
	-> 1) Will set iter according to chooseChr and start and stop, and possibly using -sites
	-> Only read nSites: 1678580 will therefore prepare next chromosome (or exit)
	-> Done reading data from chromosome will prepare next chromosome
	-> Is in multi sfs, will now read data from chr:JASDQU010031860.1
	-> hello Im the master merge part of realSFS. and I'll now do a tripple bypass to find intersect 
	-> 1) Will set iter according to chooseChr and start and stop, and possibly using -sites
	-> Only read nSites: 1681237 will therefore prepare next chromosome (or exit)
	-> Done reading data from chromosome will prepare next chromosome
	-> Is in multi sfs, will now read data from chr:JASDQU010031865.1
	-> hello Im the master merge part of realSFS. and I'll now do a tripple bypass to find intersect 
	-> 1) Will set iter according to chooseChr and start and stop, and possibly using -sites
	-> Only read nSites: 1682187 will therefore prepare next chromosome (or exit)
	-> Done reading data from chromosome will prepare next chromosome
	-> Is in multi sfs, will now read data from chr:JASDQU010031869.1
	-> hello Im the master merge part of realSFS. and I'll now do a tripple bypass to find intersect 
	-> 1) Will set iter according to chooseChr and start and stop, and possibly using -sites
	-> Only read nSites: 1683076 will therefore prepare next chromosome (or exit)
	-> Done reading data from chromosome will prepare next chromosome
	-> Is in multi sfs, will now read data from chr:JASDQU010031990.1
	-> hello Im the master merge part of realSFS. and I'll now do a tripple bypass to find intersect 
	-> 1) Will set iter according to chooseChr and start and stop, and possibly using -sites
	-> Only read nSites: 1683615 will therefore prepare next chromosome (or exit)
	-> Done reading data from chromosome will prepare next chromosome
	-> Is in multi sfs, will now read data from chr:JASDQU010032018.1
	-> hello Im the master merge part of realSFS. and I'll now do a tripple bypass to find intersect 
	-> 1) Will set iter according to chooseChr and start and stop, and possibly using -sites
	-> Only read nSites: 1685499 will therefore prepare next chromosome (or exit)
	-> Done reading data from chromosome will prepare next chromosome
	-> Is in multi sfs, will now read data from chr:JASDQU010032034.1
	-> hello Im the master merge part of realSFS. and I'll now do a tripple bypass to find intersect 
	-> 1) Will set iter according to chooseChr and start and stop, and possibly using -sites
	-> Only read nSites: 1685577 will therefore prepare next chromosome (or exit)
	-> Done reading data from chromosome will prepare next chromosome
	-> Is in multi sfs, will now read data from chr:JASDQU010032064.1
	-> hello Im the master merge part of realSFS. and I'll now do a tripple bypass to find intersect 
	-> 1) Will set iter according to chooseChr and start and stop, and possibly using -sites
	-> Only read nSites: 1685628 will therefore prepare next chromosome (or exit)
	-> Done reading data from chromosome will prepare next chromosome
	-> Is in multi sfs, will now read data from chr:JASDQU010032137.1
	-> hello Im the master merge part of realSFS. and I'll now do a tripple bypass to find intersect 
	-> 1) Will set iter according to chooseChr and start and stop, and possibly using -sites
	-> Only read nSites: 1686349 will therefore prepare next chromosome (or exit)
	-> Done reading data from chromosome will prepare next chromosome
	-> Is in multi sfs, will now read data from chr:JASDQU010032139.1
	-> hello Im the master merge part of realSFS. and I'll now do a tripple bypass to find intersect 
	-> 1) Will set iter according to chooseChr and start and stop, and possibly using -sites
	-> Only read nSites: 1686699 will therefore prepare next chromosome (or exit)
	-> Done reading data from chromosome will prepare next chromosome
	-> Is in multi sfs, will now read data from chr:JASDQU010032188.1
	-> hello Im the master merge part of realSFS. and I'll now do a tripple bypass to find intersect 
	-> 1) Will set iter according to chooseChr and start and stop, and possibly using -sites
	-> Only read nSites: 1687467 will therefore prepare next chromosome (or exit)
	-> Done reading data from chromosome will prepare next chromosome
	-> Is in multi sfs, will now read data from chr:JASDQU010032201.1
	-> hello Im the master merge part of realSFS. and I'll now do a tripple bypass to find intersect 
	-> 1) Will set iter according to chooseChr and start and stop, and possibly using -sites
	-> Only read nSites: 1688510 will therefore prepare next chromosome (or exit)
	-> Done reading data from chromosome will prepare next chromosome
	-> Is in multi sfs, will now read data from chr:JASDQU010032232.1
	-> hello Im the master merge part of realSFS. and I'll now do a tripple bypass to find intersect 
	-> 1) Will set iter according to chooseChr and start and stop, and possibly using -sites
	-> Only read nSites: 1688520 will therefore prepare next chromosome (or exit)
	-> Done reading data from chromosome will prepare next chromosome
	-> Is in multi sfs, will now read data from chr:JASDQU010032234.1
	-> hello Im the master merge part of realSFS. and I'll now do a tripple bypass to find intersect 
	-> 1) Will set iter according to chooseChr and start and stop, and possibly using -sites
	-> Only read nSites: 1693577 will therefore prepare next chromosome (or exit)
	-> Done reading data from chromosome will prepare next chromosome
	-> Is in multi sfs, will now read data from chr:JASDQU010032342.1
	-> hello Im the master merge part of realSFS. and I'll now do a tripple bypass to find intersect 
	-> 1) Will set iter according to chooseChr and start and stop, and possibly using -sites
	-> Only read nSites: 1694534 will therefore prepare next chromosome (or exit)
	-> Done reading data from chromosome will prepare next chromosome
	-> Is in multi sfs, will now read data from chr:JASDQU010032409.1
	-> hello Im the master merge part of realSFS. and I'll now do a tripple bypass to find intersect 
	-> 1) Will set iter according to chooseChr and start and stop, and possibly using -sites
	-> Only read nSites: 1695124 will therefore prepare next chromosome (or exit)
	-> Done reading data from chromosome will prepare next chromosome
	-> Is in multi sfs, will now read data from chr:JASDQU010032443.1
	-> hello Im the master merge part of realSFS. and I'll now do a tripple bypass to find intersect 
	-> 1) Will set iter according to chooseChr and start and stop, and possibly using -sites
	-> Only read nSites: 1695259 will therefore prepare next chromosome (or exit)
	-> Done reading data from chromosome will prepare next chromosome
	-> Is in multi sfs, will now read data from chr:JASDQU010032464.1
	-> hello Im the master merge part of realSFS. and I'll now do a tripple bypass to find intersect 
	-> 1) Will set iter according to chooseChr and start and stop, and possibly using -sites
	-> Only read nSites: 1695578 will therefore prepare next chromosome (or exit)
	-> Done reading data from chromosome will prepare next chromosome
	-> Is in multi sfs, will now read data from chr:JASDQU010032476.1
	-> hello Im the master merge part of realSFS. and I'll now do a tripple bypass to find intersect 
	-> 1) Will set iter according to chooseChr and start and stop, and possibly using -sites
	-> Only read nSites: 1696473 will therefore prepare next chromosome (or exit)
	-> Done reading data from chromosome will prepare next chromosome
	-> Is in multi sfs, will now read data from chr:JASDQU010032490.1
	-> hello Im the master merge part of realSFS. and I'll now do a tripple bypass to find intersect 
	-> 1) Will set iter according to chooseChr and start and stop, and possibly using -sites
	-> Only read nSites: 1699081 will therefore prepare next chromosome (or exit)
	-> Done reading data from chromosome will prepare next chromosome
	-> Is in multi sfs, will now read data from chr:JASDQU010032519.1
	-> hello Im the master merge part of realSFS. and I'll now do a tripple bypass to find intersect 
	-> 1) Will set iter according to chooseChr and start and stop, and possibly using -sites
	-> Only read nSites: 1699568 will therefore prepare next chromosome (or exit)
	-> Done reading data from chromosome will prepare next chromosome
	-> Is in multi sfs, will now read data from chr:JASDQU010032557.1
	-> hello Im the master merge part of realSFS. and I'll now do a tripple bypass to find intersect 
	-> 1) Will set iter according to chooseChr and start and stop, and possibly using -sites
	-> Only read nSites: 1700254 will therefore prepare next chromosome (or exit)
	-> Done reading data from chromosome will prepare next chromosome
	-> Is in multi sfs, will now read data from chr:JASDQU010032581.1
	-> hello Im the master merge part of realSFS. and I'll now do a tripple bypass to find intersect 
	-> 1) Will set iter according to chooseChr and start and stop, and possibly using -sites
	-> Only read nSites: 1701310 will therefore prepare next chromosome (or exit)
	-> Done reading data from chromosome will prepare next chromosome
	-> Is in multi sfs, will now read data from chr:JASDQU010032644.1
	-> hello Im the master merge part of realSFS. and I'll now do a tripple bypass to find intersect 
	-> 1) Will set iter according to chooseChr and start and stop, and possibly using -sites
	-> Only read nSites: 1701463 will therefore prepare next chromosome (or exit)
	-> Done reading data from chromosome will prepare next chromosome
	-> Is in multi sfs, will now read data from chr:JASDQU010032665.1
	-> hello Im the master merge part of realSFS. and I'll now do a tripple bypass to find intersect 
	-> 1) Will set iter according to chooseChr and start and stop, and possibly using -sites
	-> Only read nSites: 1701948 will therefore prepare next chromosome (or exit)
	-> Done reading data from chromosome will prepare next chromosome
	-> Is in multi sfs, will now read data from chr:JASDQU010032715.1
	-> hello Im the master merge part of realSFS. and I'll now do a tripple bypass to find intersect 
	-> 1) Will set iter according to chooseChr and start and stop, and possibly using -sites
	-> Only read nSites: 1702623 will therefore prepare next chromosome (or exit)
	-> Done reading data from chromosome will prepare next chromosome
	-> Is in multi sfs, will now read data from chr:JASDQU010032720.1
	-> hello Im the master merge part of realSFS. and I'll now do a tripple bypass to find intersect 
	-> 1) Will set iter according to chooseChr and start and stop, and possibly using -sites
	-> Only read nSites: 1702674 will therefore prepare next chromosome (or exit)
	-> Done reading data from chromosome will prepare next chromosome
	-> Is in multi sfs, will now read data from chr:JASDQU010032771.1
	-> hello Im the master merge part of realSFS. and I'll now do a tripple bypass to find intersect 
	-> 1) Will set iter according to chooseChr and start and stop, and possibly using -sites
	-> Only read nSites: 1703505 will therefore prepare next chromosome (or exit)
	-> Done reading data from chromosome will prepare next chromosome
	-> Is in multi sfs, will now read data from chr:JASDQU010032779.1
	-> hello Im the master merge part of realSFS. and I'll now do a tripple bypass to find intersect 
	-> 1) Will set iter according to chooseChr and start and stop, and possibly using -sites
	-> Only read nSites: 1704834 will therefore prepare next chromosome (or exit)
	-> Done reading data from chromosome will prepare next chromosome
	-> Is in multi sfs, will now read data from chr:JASDQU010032827.1
	-> hello Im the master merge part of realSFS. and I'll now do a tripple bypass to find intersect 
	-> 1) Will set iter according to chooseChr and start and stop, and possibly using -sites
	-> Only read nSites: 1705949 will therefore prepare next chromosome (or exit)
	-> Done reading data from chromosome will prepare next chromosome
	-> Is in multi sfs, will now read data from chr:JASDQU010032830.1
	-> hello Im the master merge part of realSFS. and I'll now do a tripple bypass to find intersect 
	-> 1) Will set iter according to chooseChr and start and stop, and possibly using -sites
	-> Only read nSites: 1706845 will therefore prepare next chromosome (or exit)
	-> Done reading data from chromosome will prepare next chromosome
	-> Is in multi sfs, will now read data from chr:JASDQU010032837.1
	-> hello Im the master merge part of realSFS. and I'll now do a tripple bypass to find intersect 
	-> 1) Will set iter according to chooseChr and start and stop, and possibly using -sites
	-> Only read nSites: 1707237 will therefore prepare next chromosome (or exit)
	-> Done reading data from chromosome will prepare next chromosome
	-> Is in multi sfs, will now read data from chr:JASDQU010032844.1
	-> hello Im the master merge part of realSFS. and I'll now do a tripple bypass to find intersect 
	-> 1) Will set iter according to chooseChr and start and stop, and possibly using -sites
	-> Only read nSites: 1707244 will therefore prepare next chromosome (or exit)
	-> Done reading data from chromosome will prepare next chromosome
	-> Is in multi sfs, will now read data from chr:JASDQU010032861.1
	-> hello Im the master merge part of realSFS. and I'll now do a tripple bypass to find intersect 
	-> 1) Will set iter according to chooseChr and start and stop, and possibly using -sites
	-> Only read nSites: 1708181 will therefore prepare next chromosome (or exit)
	-> Done reading data from chromosome will prepare next chromosome
	-> Is in multi sfs, will now read data from chr:JASDQU010032909.1
	-> hello Im the master merge part of realSFS. and I'll now do a tripple bypass to find intersect 
	-> 1) Will set iter according to chooseChr and start and stop, and possibly using -sites
	-> Only read nSites: 1708223 will therefore prepare next chromosome (or exit)
	-> Done reading data from chromosome will prepare next chromosome
	-> Is in multi sfs, will now read data from chr:JASDQU010032925.1
	-> hello Im the master merge part of realSFS. and I'll now do a tripple bypass to find intersect 
	-> 1) Will set iter according to chooseChr and start and stop, and possibly using -sites
	-> Only read nSites: 1709001 will therefore prepare next chromosome (or exit)
	-> Done reading data from chromosome will prepare next chromosome
	-> Is in multi sfs, will now read data from chr:JASDQU010032927.1
	-> hello Im the master merge part of realSFS. and I'll now do a tripple bypass to find intersect 
	-> 1) Will set iter according to chooseChr and start and stop, and possibly using -sites
	-> Only read nSites: 1709337 will therefore prepare next chromosome (or exit)
	-> Done reading data from chromosome will prepare next chromosome
	-> Is in multi sfs, will now read data from chr:JASDQU010032964.1
	-> hello Im the master merge part of realSFS. and I'll now do a tripple bypass to find intersect 
	-> 1) Will set iter according to chooseChr and start and stop, and possibly using -sites
	-> Only read nSites: 1709778 will therefore prepare next chromosome (or exit)
	-> Done reading data from chromosome will prepare next chromosome
	-> Is in multi sfs, will now read data from chr:JASDQU010032975.1
	-> hello Im the master merge part of realSFS. and I'll now do a tripple bypass to find intersect 
	-> 1) Will set iter according to chooseChr and start and stop, and possibly using -sites
	-> Only read nSites: 1709791 will therefore prepare next chromosome (or exit)
	-> Done reading data from chromosome will prepare next chromosome
	-> Is in multi sfs, will now read data from chr:JASDQU010033001.1
	-> hello Im the master merge part of realSFS. and I'll now do a tripple bypass to find intersect 
	-> 1) Will set iter according to chooseChr and start and stop, and possibly using -sites
	-> Only read nSites: 1710952 will therefore prepare next chromosome (or exit)
	-> Done reading data from chromosome will prepare next chromosome
	-> Is in multi sfs, will now read data from chr:JASDQU010033036.1
	-> hello Im the master merge part of realSFS. and I'll now do a tripple bypass to find intersect 
	-> 1) Will set iter according to chooseChr and start and stop, and possibly using -sites
	-> Only read nSites: 1711289 will therefore prepare next chromosome (or exit)
	-> Done reading data from chromosome will prepare next chromosome
	-> Is in multi sfs, will now read data from chr:JASDQU010033077.1
	-> hello Im the master merge part of realSFS. and I'll now do a tripple bypass to find intersect 
	-> 1) Will set iter according to chooseChr and start and stop, and possibly using -sites
	-> Only read nSites: 1711868 will therefore prepare next chromosome (or exit)
	-> Done reading data from chromosome will prepare next chromosome
	-> Is in multi sfs, will now read data from chr:JASDQU010033085.1
	-> hello Im the master merge part of realSFS. and I'll now do a tripple bypass to find intersect 
	-> 1) Will set iter according to chooseChr and start and stop, and possibly using -sites
	-> Only read nSites: 1712042 will therefore prepare next chromosome (or exit)
	-> Done reading data from chromosome will prepare next chromosome
	-> Is in multi sfs, will now read data from chr:JASDQU010033163.1
	-> hello Im the master merge part of realSFS. and I'll now do a tripple bypass to find intersect 
	-> 1) Will set iter according to chooseChr and start and stop, and possibly using -sites
	-> Only read nSites: 1712919 will therefore prepare next chromosome (or exit)
	-> Done reading data from chromosome will prepare next chromosome
	-> Is in multi sfs, will now read data from chr:JASDQU010033189.1
	-> hello Im the master merge part of realSFS. and I'll now do a tripple bypass to find intersect 
	-> 1) Will set iter according to chooseChr and start and stop, and possibly using -sites
	-> Only read nSites: 1713283 will therefore prepare next chromosome (or exit)
	-> Done reading data from chromosome will prepare next chromosome
	-> Is in multi sfs, will now read data from chr:JASDQU010033190.1
	-> hello Im the master merge part of realSFS. and I'll now do a tripple bypass to find intersect 
	-> 1) Will set iter according to chooseChr and start and stop, and possibly using -sites
	-> Only read nSites: 1714993 will therefore prepare next chromosome (or exit)
	-> Done reading data from chromosome will prepare next chromosome
	-> Is in multi sfs, will now read data from chr:JASDQU010033203.1
	-> hello Im the master merge part of realSFS. and I'll now do a tripple bypass to find intersect 
	-> 1) Will set iter according to chooseChr and start and stop, and possibly using -sites
	-> Only read nSites: 1717716 will therefore prepare next chromosome (or exit)
	-> Done reading data from chromosome will prepare next chromosome
	-> Is in multi sfs, will now read data from chr:JASDQU010033216.1
	-> hello Im the master merge part of realSFS. and I'll now do a tripple bypass to find intersect 
	-> 1) Will set iter according to chooseChr and start and stop, and possibly using -sites
	-> Only read nSites: 1718449 will therefore prepare next chromosome (or exit)
	-> Done reading data from chromosome will prepare next chromosome
	-> Is in multi sfs, will now read data from chr:JASDQU010033242.1
	-> hello Im the master merge part of realSFS. and I'll now do a tripple bypass to find intersect 
	-> 1) Will set iter according to chooseChr and start and stop, and possibly using -sites
	-> Only read nSites: 1719127 will therefore prepare next chromosome (or exit)
	-> Done reading data from chromosome will prepare next chromosome
	-> Is in multi sfs, will now read data from chr:JASDQU010033278.1
	-> hello Im the master merge part of realSFS. and I'll now do a tripple bypass to find intersect 
	-> 1) Will set iter according to chooseChr and start and stop, and possibly using -sites
	-> Only read nSites: 1719776 will therefore prepare next chromosome (or exit)
	-> Done reading data from chromosome will prepare next chromosome
	-> Is in multi sfs, will now read data from chr:JASDQU010033306.1
	-> hello Im the master merge part of realSFS. and I'll now do a tripple bypass to find intersect 
	-> 1) Will set iter according to chooseChr and start and stop, and possibly using -sites
	-> Only read nSites: 1720882 will therefore prepare next chromosome (or exit)
	-> Done reading data from chromosome will prepare next chromosome
	-> Is in multi sfs, will now read data from chr:JASDQU010033330.1
	-> hello Im the master merge part of realSFS. and I'll now do a tripple bypass to find intersect 
	-> 1) Will set iter according to chooseChr and start and stop, and possibly using -sites
	-> Only read nSites: 1720930 will therefore prepare next chromosome (or exit)
	-> Done reading data from chromosome will prepare next chromosome
	-> Is in multi sfs, will now read data from chr:JASDQU010033380.1
	-> hello Im the master merge part of realSFS. and I'll now do a tripple bypass to find intersect 
	-> 1) Will set iter according to chooseChr and start and stop, and possibly using -sites
	-> Only read nSites: 1721246 will therefore prepare next chromosome (or exit)
	-> Done reading data from chromosome will prepare next chromosome
	-> Is in multi sfs, will now read data from chr:JASDQU010033384.1
	-> hello Im the master merge part of realSFS. and I'll now do a tripple bypass to find intersect 
	-> 1) Will set iter according to chooseChr and start and stop, and possibly using -sites
	-> Only read nSites: 1722418 will therefore prepare next chromosome (or exit)
	-> Done reading data from chromosome will prepare next chromosome
	-> Is in multi sfs, will now read data from chr:JASDQU010033396.1
	-> hello Im the master merge part of realSFS. and I'll now do a tripple bypass to find intersect 
	-> 1) Will set iter according to chooseChr and start and stop, and possibly using -sites
	-> Only read nSites: 1723362 will therefore prepare next chromosome (or exit)
	-> Done reading data from chromosome will prepare next chromosome
	-> Is in multi sfs, will now read data from chr:JASDQU010033442.1
	-> hello Im the master merge part of realSFS. and I'll now do a tripple bypass to find intersect 
	-> 1) Will set iter according to chooseChr and start and stop, and possibly using -sites
	-> Only read nSites: 1723936 will therefore prepare next chromosome (or exit)
	-> Done reading data from chromosome will prepare next chromosome
	-> Is in multi sfs, will now read data from chr:JASDQU010033462.1
	-> hello Im the master merge part of realSFS. and I'll now do a tripple bypass to find intersect 
	-> 1) Will set iter according to chooseChr and start and stop, and possibly using -sites
	-> Only read nSites: 1725157 will therefore prepare next chromosome (or exit)
	-> Done reading data from chromosome will prepare next chromosome
	-> Is in multi sfs, will now read data from chr:JASDQU010033509.1
	-> hello Im the master merge part of realSFS. and I'll now do a tripple bypass to find intersect 
	-> 1) Will set iter according to chooseChr and start and stop, and possibly using -sites
	-> Only read nSites: 1725167 will therefore prepare next chromosome (or exit)
	-> Done reading data from chromosome will prepare next chromosome
	-> Is in multi sfs, will now read data from chr:JASDQU010033515.1
	-> hello Im the master merge part of realSFS. and I'll now do a tripple bypass to find intersect 
	-> 1) Will set iter according to chooseChr and start and stop, and possibly using -sites
	-> Only read nSites: 1727274 will therefore prepare next chromosome (or exit)
	-> Done reading data from chromosome will prepare next chromosome
	-> Is in multi sfs, will now read data from chr:JASDQU010033525.1
	-> hello Im the master merge part of realSFS. and I'll now do a tripple bypass to find intersect 
	-> 1) Will set iter according to chooseChr and start and stop, and possibly using -sites
	-> Only read nSites: 1727513 will therefore prepare next chromosome (or exit)
	-> Done reading data from chromosome will prepare next chromosome
	-> Is in multi sfs, will now read data from chr:JASDQU010033537.1
	-> hello Im the master merge part of realSFS. and I'll now do a tripple bypass to find intersect 
	-> 1) Will set iter according to chooseChr and start and stop, and possibly using -sites
	-> Only read nSites: 1727703 will therefore prepare next chromosome (or exit)
	-> Done reading data from chromosome will prepare next chromosome
	-> Is in multi sfs, will now read data from chr:JASDQU010033554.1
	-> hello Im the master merge part of realSFS. and I'll now do a tripple bypass to find intersect 
	-> 1) Will set iter according to chooseChr and start and stop, and possibly using -sites
	-> Only read nSites: 1728302 will therefore prepare next chromosome (or exit)
	-> Done reading data from chromosome will prepare next chromosome
	-> Is in multi sfs, will now read data from chr:JASDQU010033634.1
	-> hello Im the master merge part of realSFS. and I'll now do a tripple bypass to find intersect 
	-> 1) Will set iter according to chooseChr and start and stop, and possibly using -sites
	-> Only read nSites: 1728627 will therefore prepare next chromosome (or exit)
	-> Done reading data from chromosome will prepare next chromosome
	-> Is in multi sfs, will now read data from chr:JASDQU010033687.1
	-> hello Im the master merge part of realSFS. and I'll now do a tripple bypass to find intersect 
	-> 1) Will set iter according to chooseChr and start and stop, and possibly using -sites
	-> Only read nSites: 1729535 will therefore prepare next chromosome (or exit)
	-> Done reading data from chromosome will prepare next chromosome
	-> Is in multi sfs, will now read data from chr:JASDQU010033707.1
	-> hello Im the master merge part of realSFS. and I'll now do a tripple bypass to find intersect 
	-> 1) Will set iter according to chooseChr and start and stop, and possibly using -sites
	-> Only read nSites: 1732302 will therefore prepare next chromosome (or exit)
	-> Done reading data from chromosome will prepare next chromosome
	-> Is in multi sfs, will now read data from chr:JASDQU010033725.1
	-> hello Im the master merge part of realSFS. and I'll now do a tripple bypass to find intersect 
	-> 1) Will set iter according to chooseChr and start and stop, and possibly using -sites
	-> Only read nSites: 1732893 will therefore prepare next chromosome (or exit)
	-> Done reading data from chromosome will prepare next chromosome
	-> Is in multi sfs, will now read data from chr:JASDQU010033824.1
	-> hello Im the master merge part of realSFS. and I'll now do a tripple bypass to find intersect 
	-> 1) Will set iter according to chooseChr and start and stop, and possibly using -sites
	-> Only read nSites: 1733121 will therefore prepare next chromosome (or exit)
	-> Done reading data from chromosome will prepare next chromosome
	-> Is in multi sfs, will now read data from chr:JASDQU010033853.1
	-> hello Im the master merge part of realSFS. and I'll now do a tripple bypass to find intersect 
	-> 1) Will set iter according to chooseChr and start and stop, and possibly using -sites
	-> Only read nSites: 1733279 will therefore prepare next chromosome (or exit)
	-> Done reading data from chromosome will prepare next chromosome
	-> Is in multi sfs, will now read data from chr:JASDQU010033855.1
	-> hello Im the master merge part of realSFS. and I'll now do a tripple bypass to find intersect 
	-> 1) Will set iter according to chooseChr and start and stop, and possibly using -sites
	-> Only read nSites: 1734640 will therefore prepare next chromosome (or exit)
	-> Done reading data from chromosome will prepare next chromosome
	-> Is in multi sfs, will now read data from chr:JASDQU010033871.1
	-> hello Im the master merge part of realSFS. and I'll now do a tripple bypass to find intersect 
	-> 1) Will set iter according to chooseChr and start and stop, and possibly using -sites
	-> Only read nSites: 1737992 will therefore prepare next chromosome (or exit)
	-> Done reading data from chromosome will prepare next chromosome
	-> Is in multi sfs, will now read data from chr:JASDQU010033928.1
	-> hello Im the master merge part of realSFS. and I'll now do a tripple bypass to find intersect 
	-> 1) Will set iter according to chooseChr and start and stop, and possibly using -sites
	-> Only read nSites: 1738595 will therefore prepare next chromosome (or exit)
	-> Done reading data from chromosome will prepare next chromosome
	-> Is in multi sfs, will now read data from chr:JASDQU010034011.1
	-> hello Im the master merge part of realSFS. and I'll now do a tripple bypass to find intersect 
	-> 1) Will set iter according to chooseChr and start and stop, and possibly using -sites
	-> Only read nSites: 1738650 will therefore prepare next chromosome (or exit)
	-> Done reading data from chromosome will prepare next chromosome
	-> Is in multi sfs, will now read data from chr:JASDQU010034053.1
	-> hello Im the master merge part of realSFS. and I'll now do a tripple bypass to find intersect 
	-> 1) Will set iter according to chooseChr and start and stop, and possibly using -sites
	-> Only read nSites: 1738711 will therefore prepare next chromosome (or exit)
	-> Done reading data from chromosome will prepare next chromosome
	-> Is in multi sfs, will now read data from chr:JASDQU010034082.1
	-> hello Im the master merge part of realSFS. and I'll now do a tripple bypass to find intersect 
	-> 1) Will set iter according to chooseChr and start and stop, and possibly using -sites
	-> Only read nSites: 1740184 will therefore prepare next chromosome (or exit)
	-> Done reading data from chromosome will prepare next chromosome
	-> Is in multi sfs, will now read data from chr:JASDQU010034088.1
	-> hello Im the master merge part of realSFS. and I'll now do a tripple bypass to find intersect 
	-> 1) Will set iter according to chooseChr and start and stop, and possibly using -sites
	-> Only read nSites: 1741175 will therefore prepare next chromosome (or exit)
	-> Done reading data from chromosome will prepare next chromosome
	-> Is in multi sfs, will now read data from chr:JASDQU010034121.1
	-> hello Im the master merge part of realSFS. and I'll now do a tripple bypass to find intersect 
	-> 1) Will set iter according to chooseChr and start and stop, and possibly using -sites
	-> Only read nSites: 1741622 will therefore prepare next chromosome (or exit)
	-> Done reading data from chromosome will prepare next chromosome
	-> Is in multi sfs, will now read data from chr:JASDQU010034155.1
	-> hello Im the master merge part of realSFS. and I'll now do a tripple bypass to find intersect 
	-> 1) Will set iter according to chooseChr and start and stop, and possibly using -sites
	-> Only read nSites: 1742883 will therefore prepare next chromosome (or exit)
	-> Done reading data from chromosome will prepare next chromosome
	-> Is in multi sfs, will now read data from chr:JASDQU010034191.1
	-> hello Im the master merge part of realSFS. and I'll now do a tripple bypass to find intersect 
	-> 1) Will set iter according to chooseChr and start and stop, and possibly using -sites
	-> Only read nSites: 1743570 will therefore prepare next chromosome (or exit)
	-> Done reading data from chromosome will prepare next chromosome
	-> Is in multi sfs, will now read data from chr:JASDQU010034260.1
	-> hello Im the master merge part of realSFS. and I'll now do a tripple bypass to find intersect 
	-> 1) Will set iter according to chooseChr and start and stop, and possibly using -sites
	-> Only read nSites: 1744394 will therefore prepare next chromosome (or exit)
	-> Done reading data from chromosome will prepare next chromosome
	-> Is in multi sfs, will now read data from chr:JASDQU010034275.1
	-> hello Im the master merge part of realSFS. and I'll now do a tripple bypass to find intersect 
	-> 1) Will set iter according to chooseChr and start and stop, and possibly using -sites
	-> Only read nSites: 1745259 will therefore prepare next chromosome (or exit)
	-> Done reading data from chromosome will prepare next chromosome
	-> Is in multi sfs, will now read data from chr:JASDQU010034290.1
	-> hello Im the master merge part of realSFS. and I'll now do a tripple bypass to find intersect 
	-> 1) Will set iter according to chooseChr and start and stop, and possibly using -sites
	-> Only read nSites: 1745705 will therefore prepare next chromosome (or exit)
	-> Done reading data from chromosome will prepare next chromosome
	-> Is in multi sfs, will now read data from chr:JASDQU010034299.1
	-> hello Im the master merge part of realSFS. and I'll now do a tripple bypass to find intersect 
	-> 1) Will set iter according to chooseChr and start and stop, and possibly using -sites
	-> Only read nSites: 1745734 will therefore prepare next chromosome (or exit)
	-> Done reading data from chromosome will prepare next chromosome
	-> Is in multi sfs, will now read data from chr:JASDQU010034311.1
	-> hello Im the master merge part of realSFS. and I'll now do a tripple bypass to find intersect 
	-> 1) Will set iter according to chooseChr and start and stop, and possibly using -sites
	-> Only read nSites: 1746413 will therefore prepare next chromosome (or exit)
	-> Done reading data from chromosome will prepare next chromosome
	-> Is in multi sfs, will now read data from chr:JASDQU010034317.1
	-> hello Im the master merge part of realSFS. and I'll now do a tripple bypass to find intersect 
	-> 1) Will set iter according to chooseChr and start and stop, and possibly using -sites
	-> Only read nSites: 1747318 will therefore prepare next chromosome (or exit)
	-> Done reading data from chromosome will prepare next chromosome
	-> Is in multi sfs, will now read data from chr:JASDQU010034324.1
	-> hello Im the master merge part of realSFS. and I'll now do a tripple bypass to find intersect 
	-> 1) Will set iter according to chooseChr and start and stop, and possibly using -sites
	-> Only read nSites: 1747939 will therefore prepare next chromosome (or exit)
	-> Done reading data from chromosome will prepare next chromosome
	-> Is in multi sfs, will now read data from chr:JASDQU010034325.1
	-> hello Im the master merge part of realSFS. and I'll now do a tripple bypass to find intersect 
	-> 1) Will set iter according to chooseChr and start and stop, and possibly using -sites
	-> Only read nSites: 1749010 will therefore prepare next chromosome (or exit)
	-> Done reading data from chromosome will prepare next chromosome
	-> Is in multi sfs, will now read data from chr:JASDQU010034343.1
	-> hello Im the master merge part of realSFS. and I'll now do a tripple bypass to find intersect 
	-> 1) Will set iter according to chooseChr and start and stop, and possibly using -sites
	-> Only read nSites: 1749385 will therefore prepare next chromosome (or exit)
	-> Done reading data from chromosome will prepare next chromosome
	-> Is in multi sfs, will now read data from chr:JASDQU010034353.1
	-> hello Im the master merge part of realSFS. and I'll now do a tripple bypass to find intersect 
	-> 1) Will set iter according to chooseChr and start and stop, and possibly using -sites
	-> Only read nSites: 1749482 will therefore prepare next chromosome (or exit)
	-> Done reading data from chromosome will prepare next chromosome
	-> Is in multi sfs, will now read data from chr:JASDQU010034367.1
	-> hello Im the master merge part of realSFS. and I'll now do a tripple bypass to find intersect 
	-> 1) Will set iter according to chooseChr and start and stop, and possibly using -sites
	-> Only read nSites: 1751610 will therefore prepare next chromosome (or exit)
	-> Done reading data from chromosome will prepare next chromosome
	-> Is in multi sfs, will now read data from chr:JASDQU010034399.1
	-> hello Im the master merge part of realSFS. and I'll now do a tripple bypass to find intersect 
	-> 1) Will set iter according to chooseChr and start and stop, and possibly using -sites
	-> Only read nSites: 1751650 will therefore prepare next chromosome (or exit)
	-> Done reading data from chromosome will prepare next chromosome
	-> Is in multi sfs, will now read data from chr:JASDQU010034492.1
	-> hello Im the master merge part of realSFS. and I'll now do a tripple bypass to find intersect 
	-> 1) Will set iter according to chooseChr and start and stop, and possibly using -sites
	-> Only read nSites: 1754624 will therefore prepare next chromosome (or exit)
	-> Done reading data from chromosome will prepare next chromosome
	-> Is in multi sfs, will now read data from chr:JASDQU010034529.1
	-> hello Im the master merge part of realSFS. and I'll now do a tripple bypass to find intersect 
	-> 1) Will set iter according to chooseChr and start and stop, and possibly using -sites
	-> Only read nSites: 1754676 will therefore prepare next chromosome (or exit)
	-> Done reading data from chromosome will prepare next chromosome
	-> Is in multi sfs, will now read data from chr:JASDQU010034535.1
	-> hello Im the master merge part of realSFS. and I'll now do a tripple bypass to find intersect 
	-> 1) Will set iter according to chooseChr and start and stop, and possibly using -sites
	-> Only read nSites: 1755107 will therefore prepare next chromosome (or exit)
	-> Done reading data from chromosome will prepare next chromosome
	-> Is in multi sfs, will now read data from chr:JASDQU010034553.1
	-> hello Im the master merge part of realSFS. and I'll now do a tripple bypass to find intersect 
	-> 1) Will set iter according to chooseChr and start and stop, and possibly using -sites
	-> Only read nSites: 1755333 will therefore prepare next chromosome (or exit)
	-> Done reading data from chromosome will prepare next chromosome
	-> Is in multi sfs, will now read data from chr:JASDQU010034562.1
	-> hello Im the master merge part of realSFS. and I'll now do a tripple bypass to find intersect 
	-> 1) Will set iter according to chooseChr and start and stop, and possibly using -sites
	-> Only read nSites: 1756239 will therefore prepare next chromosome (or exit)
	-> Done reading data from chromosome will prepare next chromosome
	-> Is in multi sfs, will now read data from chr:JASDQU010034571.1
	-> hello Im the master merge part of realSFS. and I'll now do a tripple bypass to find intersect 
	-> 1) Will set iter according to chooseChr and start and stop, and possibly using -sites
	-> Only read nSites: 1756552 will therefore prepare next chromosome (or exit)
	-> Done reading data from chromosome will prepare next chromosome
	-> Is in multi sfs, will now read data from chr:JASDQU010034580.1
	-> hello Im the master merge part of realSFS. and I'll now do a tripple bypass to find intersect 
	-> 1) Will set iter according to chooseChr and start and stop, and possibly using -sites
	-> Only read nSites: 1757037 will therefore prepare next chromosome (or exit)
	-> Done reading data from chromosome will prepare next chromosome
	-> Is in multi sfs, will now read data from chr:JASDQU010034612.1
	-> hello Im the master merge part of realSFS. and I'll now do a tripple bypass to find intersect 
	-> 1) Will set iter according to chooseChr and start and stop, and possibly using -sites
	-> Only read nSites: 1757063 will therefore prepare next chromosome (or exit)
	-> Done reading data from chromosome will prepare next chromosome
	-> Is in multi sfs, will now read data from chr:JASDQU010034613.1
	-> hello Im the master merge part of realSFS. and I'll now do a tripple bypass to find intersect 
	-> 1) Will set iter according to chooseChr and start and stop, and possibly using -sites
	-> Only read nSites: 1758032 will therefore prepare next chromosome (or exit)
	-> Done reading data from chromosome will prepare next chromosome
	-> Is in multi sfs, will now read data from chr:JASDQU010034620.1
	-> hello Im the master merge part of realSFS. and I'll now do a tripple bypass to find intersect 
	-> 1) Will set iter according to chooseChr and start and stop, and possibly using -sites
	-> Only read nSites: 1758325 will therefore prepare next chromosome (or exit)
	-> Done reading data from chromosome will prepare next chromosome
	-> Is in multi sfs, will now read data from chr:JASDQU010034679.1
	-> hello Im the master merge part of realSFS. and I'll now do a tripple bypass to find intersect 
	-> 1) Will set iter according to chooseChr and start and stop, and possibly using -sites
	-> Only read nSites: 1759969 will therefore prepare next chromosome (or exit)
	-> Done reading data from chromosome will prepare next chromosome
	-> Is in multi sfs, will now read data from chr:JASDQU010034687.1
	-> hello Im the master merge part of realSFS. and I'll now do a tripple bypass to find intersect 
	-> 1) Will set iter according to chooseChr and start and stop, and possibly using -sites
	-> Only read nSites: 1760747 will therefore prepare next chromosome (or exit)
	-> Done reading data from chromosome will prepare next chromosome
	-> Is in multi sfs, will now read data from chr:JASDQU010034697.1
	-> hello Im the master merge part of realSFS. and I'll now do a tripple bypass to find intersect 
	-> 1) Will set iter according to chooseChr and start and stop, and possibly using -sites
	-> Only read nSites: 1763122 will therefore prepare next chromosome (or exit)
	-> Done reading data from chromosome will prepare next chromosome
	-> Is in multi sfs, will now read data from chr:JASDQU010034725.1
	-> hello Im the master merge part of realSFS. and I'll now do a tripple bypass to find intersect 
	-> 1) Will set iter according to chooseChr and start and stop, and possibly using -sites
	-> Only read nSites: 1763974 will therefore prepare next chromosome (or exit)
	-> Done reading data from chromosome will prepare next chromosome
	-> Is in multi sfs, will now read data from chr:JASDQU010034728.1
	-> hello Im the master merge part of realSFS. and I'll now do a tripple bypass to find intersect 
	-> 1) Will set iter according to chooseChr and start and stop, and possibly using -sites
	-> Only read nSites: 1764067 will therefore prepare next chromosome (or exit)
	-> Done reading data from chromosome will prepare next chromosome
	-> Is in multi sfs, will now read data from chr:JASDQU010034736.1
	-> hello Im the master merge part of realSFS. and I'll now do a tripple bypass to find intersect 
	-> 1) Will set iter according to chooseChr and start and stop, and possibly using -sites
	-> Only read nSites: 1764216 will therefore prepare next chromosome (or exit)
	-> Done reading data from chromosome will prepare next chromosome
	-> Is in multi sfs, will now read data from chr:JASDQU010034740.1
	-> hello Im the master merge part of realSFS. and I'll now do a tripple bypass to find intersect 
	-> 1) Will set iter according to chooseChr and start and stop, and possibly using -sites
	-> Only read nSites: 1764897 will therefore prepare next chromosome (or exit)
	-> Done reading data from chromosome will prepare next chromosome
	-> Is in multi sfs, will now read data from chr:JASDQU010038009.1
	-> hello Im the master merge part of realSFS. and I'll now do a tripple bypass to find intersect 
	-> 1) Will set iter according to chooseChr and start and stop, and possibly using -sites
	-> Only read nSites: 1765872 will therefore prepare next chromosome (or exit)
	-> Done reading data from chromosome will prepare next chromosome
	-> Is in multi sfs, will now read data from chr:JASDQU010039683.1
	-> hello Im the master merge part of realSFS. and I'll now do a tripple bypass to find intersect 
	-> 1) Will set iter according to chooseChr and start and stop, and possibly using -sites
	-> Only read nSites: 1766522 will therefore prepare next chromosome (or exit)
	-> Done reading data from chromosome will prepare next chromosome
	-> Is in multi sfs, will now read data from chr:JASDQU010041986.1
	-> hello Im the master merge part of realSFS. and I'll now do a tripple bypass to find intersect 
	-> 1) Will set iter according to chooseChr and start and stop, and possibly using -sites
	-> Only read nSites: 1766702 will therefore prepare next chromosome (or exit)
	-> Done reading data from chromosome will prepare next chromosome
	-> Is in multi sfs, will now read data from chr:JASDQU010044966.1
	-> hello Im the master merge part of realSFS. and I'll now do a tripple bypass to find intersect 
	-> 1) Will set iter according to chooseChr and start and stop, and possibly using -sites
	-> Only read nSites: 1766953 will therefore prepare next chromosome (or exit)
	-> Done reading data from chromosome will prepare next chromosome
	-> Is in multi sfs, will now read data from chr:JASDQU010046577.1
	-> hello Im the master merge part of realSFS. and I'll now do a tripple bypass to find intersect 
	-> 1) Will set iter according to chooseChr and start and stop, and possibly using -sites
	-> Only read nSites: 1767869 will therefore prepare next chromosome (or exit)
	-> Done reading data from chromosome will prepare next chromosome
	-> Is in multi sfs, will now read data from chr:JASDQU010048466.1
	-> hello Im the master merge part of realSFS. and I'll now do a tripple bypass to find intersect 
	-> 1) Will set iter according to chooseChr and start and stop, and possibly using -sites
	-> Only read nSites: 1768343 will therefore prepare next chromosome (or exit)
	-> Done reading data from chromosome will prepare next chromosome
	-> Is in multi sfs, will now read data from chr:JASDQU010056223.1
	-> hello Im the master merge part of realSFS. and I'll now do a tripple bypass to find intersect 
	-> 1) Will set iter according to chooseChr and start and stop, and possibly using -sites
	-> Only read nSites: 1768779 will therefore prepare next chromosome (or exit)
	-> Done reading data from chromosome will prepare next chromosome
	-> Is in multi sfs, will now read data from chr:JASDQU010060736.1
	-> hello Im the master merge part of realSFS. and I'll now do a tripple bypass to find intersect 
	-> 1) Will set iter according to chooseChr and start and stop, and possibly using -sites
	-> Only read nSites: 1769360 will therefore prepare next chromosome (or exit)
	-> Done reading data from chromosome will prepare next chromosome
	-> Is in multi sfs, will now read data from chr:JASDQU010063594.1
	-> hello Im the master merge part of realSFS. and I'll now do a tripple bypass to find intersect 
	-> 1) Will set iter according to chooseChr and start and stop, and possibly using -sites
	-> Only read nSites: 1769682 will therefore prepare next chromosome (or exit)
	-> Done reading data from chromosome will prepare next chromosome
	-> Is in multi sfs, will now read data from chr:JASDQU010065574.1
	-> hello Im the master merge part of realSFS. and I'll now do a tripple bypass to find intersect 
	-> 1) Will set iter according to chooseChr and start and stop, and possibly using -sites
	-> Only read nSites: 1769708 will therefore prepare next chromosome (or exit)
	-> Done reading data from chromosome will prepare next chromosome
	-> Is in multi sfs, will now read data from chr:JASDQU010065686.1
	-> hello Im the master merge part of realSFS. and I'll now do a tripple bypass to find intersect 
	-> 1) Will set iter according to chooseChr and start and stop, and possibly using -sites
	-> Only read nSites: 1771113 will therefore prepare next chromosome (or exit)
	-> Done reading data from chromosome will prepare next chromosome
	-> Is in multi sfs, will now read data from chr:JASDQU010065730.1
	-> hello Im the master merge part of realSFS. and I'll now do a tripple bypass to find intersect 
	-> 1) Will set iter according to chooseChr and start and stop, and possibly using -sites
	-> Only read nSites: 1771175 will therefore prepare next chromosome (or exit)
	-> Done reading data from chromosome will prepare next chromosome
	-> Is in multi sfs, will now read data from chr:JASDQU010065743.1
	-> hello Im the master merge part of realSFS. and I'll now do a tripple bypass to find intersect 
	-> 1) Will set iter according to chooseChr and start and stop, and possibly using -sites
	-> Only read nSites: 1771802 will therefore prepare next chromosome (or exit)
	-> Done reading data from chromosome will prepare next chromosome
	-> Is in multi sfs, will now read data from chr:JASDQU010065883.1
	-> hello Im the master merge part of realSFS. and I'll now do a tripple bypass to find intersect 
	-> 1) Will set iter according to chooseChr and start and stop, and possibly using -sites
	-> Only read nSites: 1772093 will therefore prepare next chromosome (or exit)
	-> Done reading data from chromosome will prepare next chromosome
	-> Is in multi sfs, will now read data from chr:JASDQU010065918.1
	-> hello Im the master merge part of realSFS. and I'll now do a tripple bypass to find intersect 
	-> 1) Will set iter according to chooseChr and start and stop, and possibly using -sites
	-> Only read nSites: 1772630 will therefore prepare next chromosome (or exit)
	-> Done reading data from chromosome will prepare next chromosome
	-> Is in multi sfs, will now read data from chr:JASDQU010066193.1
	-> hello Im the master merge part of realSFS. and I'll now do a tripple bypass to find intersect 
	-> 1) Will set iter according to chooseChr and start and stop, and possibly using -sites
	-> Only read nSites: 1773130 will therefore prepare next chromosome (or exit)
	-> Done reading data from chromosome will prepare next chromosome
	-> Is in multi sfs, will now read data from chr:JASDQU010066350.1
	-> hello Im the master merge part of realSFS. and I'll now do a tripple bypass to find intersect 
	-> 1) Will set iter according to chooseChr and start and stop, and possibly using -sites
	-> Only read nSites: 1773323 will therefore prepare next chromosome (or exit)
	-> Done reading data from chromosome will prepare next chromosome
	-> Is in multi sfs, will now read data from chr:JASDQU010066503.1
	-> hello Im the master merge part of realSFS. and I'll now do a tripple bypass to find intersect 
	-> 1) Will set iter according to chooseChr and start and stop, and possibly using -sites
	-> Only read nSites: 1774036 will therefore prepare next chromosome (or exit)
	-> Done reading data from chromosome will prepare next chromosome
	-> Is in multi sfs, will now read data from chr:JASDQU010066629.1
	-> hello Im the master merge part of realSFS. and I'll now do a tripple bypass to find intersect 
	-> 1) Will set iter according to chooseChr and start and stop, and possibly using -sites
	-> Only read nSites: 1774208 will therefore prepare next chromosome (or exit)
	-> Done reading data from chromosome will prepare next chromosome
	-> Is in multi sfs, will now read data from chr:JASDQU010066796.1
	-> hello Im the master merge part of realSFS. and I'll now do a tripple bypass to find intersect 
	-> 1) Will set iter according to chooseChr and start and stop, and possibly using -sites
	-> Only read nSites: 1774649 will therefore prepare next chromosome (or exit)
	-> Done reading data from chromosome will prepare next chromosome
	-> Is in multi sfs, will now read data from chr:JASDQU010066938.1
	-> hello Im the master merge part of realSFS. and I'll now do a tripple bypass to find intersect 
	-> 1) Will set iter according to chooseChr and start and stop, and possibly using -sites
	-> Only read nSites: 1775326 will therefore prepare next chromosome (or exit)
	-> Done reading data from chromosome will prepare next chromosome
	-> Is in multi sfs, will now read data from chr:JASDQU010067324.1
	-> hello Im the master merge part of realSFS. and I'll now do a tripple bypass to find intersect 
	-> 1) Will set iter according to chooseChr and start and stop, and possibly using -sites
	-> Only read nSites: 1776106 will therefore prepare next chromosome (or exit)
	-> Done reading data from chromosome will prepare next chromosome
	-> Is in multi sfs, will now read data from chr:JASDQU010067417.1
	-> hello Im the master merge part of realSFS. and I'll now do a tripple bypass to find intersect 
	-> 1) Will set iter according to chooseChr and start and stop, and possibly using -sites
	-> Only read nSites: 1776616 will therefore prepare next chromosome (or exit)
	-> Done reading data from chromosome will prepare next chromosome
	-> Is in multi sfs, will now read data from chr:JASDQU010067708.1
	-> hello Im the master merge part of realSFS. and I'll now do a tripple bypass to find intersect 
	-> 1) Will set iter according to chooseChr and start and stop, and possibly using -sites
	-> Only read nSites: 1777193 will therefore prepare next chromosome (or exit)
	-> Done reading data from chromosome will prepare next chromosome
	-> Is in multi sfs, will now read data from chr:JASDQU010068505.1
	-> hello Im the master merge part of realSFS. and I'll now do a tripple bypass to find intersect 
	-> 1) Will set iter according to chooseChr and start and stop, and possibly using -sites
	-> Only read nSites: 1778152 will therefore prepare next chromosome (or exit)
	-> Done reading data from chromosome will prepare next chromosome
	-> Is in multi sfs, will now read data from chr:JASDQU010068568.1
	-> hello Im the master merge part of realSFS. and I'll now do a tripple bypass to find intersect 
	-> 1) Will set iter according to chooseChr and start and stop, and possibly using -sites
	-> Only read nSites: 1778421 will therefore prepare next chromosome (or exit)
	-> Done reading data from chromosome will prepare next chromosome
	-> Is in multi sfs, will now read data from chr:JASDQU010068665.1
	-> hello Im the master merge part of realSFS. and I'll now do a tripple bypass to find intersect 
	-> 1) Will set iter according to chooseChr and start and stop, and possibly using -sites
	-> Only read nSites: 1779577 will therefore prepare next chromosome (or exit)
	-> Done reading data from chromosome will prepare next chromosome
	-> Is in multi sfs, will now read data from chr:JASDQU010068795.1
	-> hello Im the master merge part of realSFS. and I'll now do a tripple bypass to find intersect 
	-> 1) Will set iter according to chooseChr and start and stop, and possibly using -sites
	-> Only read nSites: 1779638 will therefore prepare next chromosome (or exit)
	-> Done reading data from chromosome will prepare next chromosome
	-> Is in multi sfs, will now read data from chr:JASDQU010068923.1
	-> hello Im the master merge part of realSFS. and I'll now do a tripple bypass to find intersect 
	-> 1) Will set iter according to chooseChr and start and stop, and possibly using -sites
	-> Only read nSites: 1780429 will therefore prepare next chromosome (or exit)
	-> Done reading data from chromosome will prepare next chromosome
	-> Is in multi sfs, will now read data from chr:JASDQU010068956.1
	-> hello Im the master merge part of realSFS. and I'll now do a tripple bypass to find intersect 
	-> 1) Will set iter according to chooseChr and start and stop, and possibly using -sites
	-> Only read nSites: 1781355 will therefore prepare next chromosome (or exit)
	-> Done reading data from chromosome will prepare next chromosome
	-> Is in multi sfs, will now read data from chr:JASDQU010069450.1
	-> hello Im the master merge part of realSFS. and I'll now do a tripple bypass to find intersect 
	-> 1) Will set iter according to chooseChr and start and stop, and possibly using -sites
	-> Only read nSites: 1782144 will therefore prepare next chromosome (or exit)
	-> Done reading data from chromosome will prepare next chromosome
	-> Is in multi sfs, will now read data from chr:JASDQU010069464.1
	-> hello Im the master merge part of realSFS. and I'll now do a tripple bypass to find intersect 
	-> 1) Will set iter according to chooseChr and start and stop, and possibly using -sites
	-> Only read nSites: 1782931 will therefore prepare next chromosome (or exit)
	-> Done reading data from chromosome will prepare next chromosome
	-> Is in multi sfs, will now read data from chr:JASDQU010069519.1
	-> hello Im the master merge part of realSFS. and I'll now do a tripple bypass to find intersect 
	-> 1) Will set iter according to chooseChr and start and stop, and possibly using -sites
	-> Only read nSites: 1783466 will therefore prepare next chromosome (or exit)
	-> Done reading data from chromosome will prepare next chromosome
	-> Is in multi sfs, will now read data from chr:JASDQU010069548.1
	-> hello Im the master merge part of realSFS. and I'll now do a tripple bypass to find intersect 
	-> 1) Will set iter according to chooseChr and start and stop, and possibly using -sites
	-> Only read nSites: 1783964 will therefore prepare next chromosome (or exit)
	-> Done reading data from chromosome will prepare next chromosome
	-> Is in multi sfs, will now read data from chr:JASDQU010069667.1
	-> hello Im the master merge part of realSFS. and I'll now do a tripple bypass to find intersect 
	-> 1) Will set iter according to chooseChr and start and stop, and possibly using -sites
	-> Only read nSites: 1785316 will therefore prepare next chromosome (or exit)
	-> Done reading data from chromosome will prepare next chromosome
	-> Is in multi sfs, will now read data from chr:JASDQU010069710.1
	-> hello Im the master merge part of realSFS. and I'll now do a tripple bypass to find intersect 
	-> 1) Will set iter according to chooseChr and start and stop, and possibly using -sites
	-> Only read nSites: 1785501 will therefore prepare next chromosome (or exit)
	-> Done reading data from chromosome will prepare next chromosome
	-> Is in multi sfs, will now read data from chr:JASDQU010069891.1
	-> hello Im the master merge part of realSFS. and I'll now do a tripple bypass to find intersect 
	-> 1) Will set iter according to chooseChr and start and stop, and possibly using -sites
	-> Only read nSites: 1785602 will therefore prepare next chromosome (or exit)
	-> Done reading data from chromosome will prepare next chromosome
	-> Is in multi sfs, will now read data from chr:JASDQU010070615.1
	-> hello Im the master merge part of realSFS. and I'll now do a tripple bypass to find intersect 
	-> 1) Will set iter according to chooseChr and start and stop, and possibly using -sites
	-> Only read nSites: 1786521 will therefore prepare next chromosome (or exit)
	-> Done reading data from chromosome will prepare next chromosome
	-> Is in multi sfs, will now read data from chr:JASDQU010070616.1
	-> hello Im the master merge part of realSFS. and I'll now do a tripple bypass to find intersect 
	-> 1) Will set iter according to chooseChr and start and stop, and possibly using -sites
	-> Only read nSites: 1786927 will therefore prepare next chromosome (or exit)
	-> Done reading data from chromosome will prepare next chromosome
	-> Is in multi sfs, will now read data from chr:JASDQU010072868.1
	-> hello Im the master merge part of realSFS. and I'll now do a tripple bypass to find intersect 
	-> 1) Will set iter according to chooseChr and start and stop, and possibly using -sites
	-> Only read nSites: 1787294 will therefore prepare next chromosome (or exit)
	-> Done reading data from chromosome will prepare next chromosome
	-> Is in multi sfs, will now read data from chr:JASDQU010076328.1
	-> hello Im the master merge part of realSFS. and I'll now do a tripple bypass to find intersect 
	-> 1) Will set iter according to chooseChr and start and stop, and possibly using -sites
	-> Only read nSites: 1788212 will therefore prepare next chromosome (or exit)
	-> Done reading data from chromosome will prepare next chromosome
	-> Is in multi sfs, will now read data from chr:JASDQU010077133.1
	-> hello Im the master merge part of realSFS. and I'll now do a tripple bypass to find intersect 
	-> 1) Will set iter according to chooseChr and start and stop, and possibly using -sites
	-> Only read nSites: 1788602 will therefore prepare next chromosome (or exit)
	-> Done reading data from chromosome will prepare next chromosome
	-> Is in multi sfs, will now read data from chr:JASDQU010080889.1
	-> hello Im the master merge part of realSFS. and I'll now do a tripple bypass to find intersect 
	-> 1) Will set iter according to chooseChr and start and stop, and possibly using -sites
	-> Only read nSites: 1788966 will therefore prepare next chromosome (or exit)
	-> Done reading data from chromosome will prepare next chromosome
	-> Is in multi sfs, will now read data from chr:JASDQU010087037.1
	-> hello Im the master merge part of realSFS. and I'll now do a tripple bypass to find intersect 
	-> 1) Will set iter according to chooseChr and start and stop, and possibly using -sites
	-> Only read nSites: 1789581 will therefore prepare next chromosome (or exit)
	-> Done reading data from chromosome will prepare next chromosome
	-> Is in multi sfs, will now read data from chr:JASDQU010088084.1
	-> hello Im the master merge part of realSFS. and I'll now do a tripple bypass to find intersect 
	-> 1) Will set iter according to chooseChr and start and stop, and possibly using -sites
	-> Only read nSites: 1790387 will therefore prepare next chromosome (or exit)
	-> Done reading data from chromosome will prepare next chromosome
	-> Is in multi sfs, will now read data from chr:JASDQU010090301.1
	-> hello Im the master merge part of realSFS. and I'll now do a tripple bypass to find intersect 
	-> 1) Will set iter according to chooseChr and start and stop, and possibly using -sites
	-> Only read nSites: 1790701 will therefore prepare next chromosome (or exit)
	-> Done reading data from chromosome will prepare next chromosome
	-> Is in multi sfs, will now read data from chr:JASDQU010091512.1
	-> hello Im the master merge part of realSFS. and I'll now do a tripple bypass to find intersect 
	-> 1) Will set iter according to chooseChr and start and stop, and possibly using -sites
	-> Only read nSites: 1790906 will therefore prepare next chromosome (or exit)
	-> Done reading data from chromosome will prepare next chromosome
	-> Is in multi sfs, will now read data from chr:JASDQU010092910.1
	-> hello Im the master merge part of realSFS. and I'll now do a tripple bypass to find intersect 
	-> 1) Will set iter according to chooseChr and start and stop, and possibly using -sites
	-> Only read nSites: 1791313 will therefore prepare next chromosome (or exit)
	-> Done reading data from chromosome will prepare next chromosome
	-> Is in multi sfs, will now read data from chr:JASDQU010094718.1
	-> hello Im the master merge part of realSFS. and I'll now do a tripple bypass to find intersect 
	-> 1) Will set iter according to chooseChr and start and stop, and possibly using -sites
	-> Only read nSites: 1792078 will therefore prepare next chromosome (or exit)
	-> Done reading data from chromosome will prepare next chromosome
	-> Is in multi sfs, will now read data from chr:JASDQU010094730.1
	-> hello Im the master merge part of realSFS. and I'll now do a tripple bypass to find intersect 
	-> 1) Will set iter according to chooseChr and start and stop, and possibly using -sites
	-> Only read nSites: 1792598 will therefore prepare next chromosome (or exit)
	-> Done reading data from chromosome will prepare next chromosome
	-> Is in multi sfs, will now read data from chr:JASDQU010094776.1
	-> hello Im the master merge part of realSFS. and I'll now do a tripple bypass to find intersect 
	-> 1) Will set iter according to chooseChr and start and stop, and possibly using -sites
	-> Only read nSites: 1793795 will therefore prepare next chromosome (or exit)
	-> Done reading data from chromosome will prepare next chromosome
	-> Is in multi sfs, will now read data from chr:JASDQU010094787.1
	-> hello Im the master merge part of realSFS. and I'll now do a tripple bypass to find intersect 
	-> 1) Will set iter according to chooseChr and start and stop, and possibly using -sites
	-> Only read nSites: 1794015 will therefore prepare next chromosome (or exit)
	-> Done reading data from chromosome will prepare next chromosome
	-> Is in multi sfs, will now read data from chr:JASDQU010094826.1
	-> hello Im the master merge part of realSFS. and I'll now do a tripple bypass to find intersect 
	-> 1) Will set iter according to chooseChr and start and stop, and possibly using -sites
	-> Only read nSites: 1794414 will therefore prepare next chromosome (or exit)
	-> Done reading data from chromosome will prepare next chromosome
	-> Is in multi sfs, will now read data from chr:JASDQU010094832.1
	-> hello Im the master merge part of realSFS. and I'll now do a tripple bypass to find intersect 
	-> 1) Will set iter according to chooseChr and start and stop, and possibly using -sites
	-> Only read nSites: 1796640 will therefore prepare next chromosome (or exit)
	-> Done reading data from chromosome will prepare next chromosome
	-> Is in multi sfs, will now read data from chr:JASDQU010094833.1
	-> hello Im the master merge part of realSFS. and I'll now do a tripple bypass to find intersect 
	-> 1) Will set iter according to chooseChr and start and stop, and possibly using -sites
	-> Only read nSites: 1797409 will therefore prepare next chromosome (or exit)
	-> Done reading data from chromosome will prepare next chromosome
	-> Is in multi sfs, will now read data from chr:JASDQU010094872.1
	-> hello Im the master merge part of realSFS. and I'll now do a tripple bypass to find intersect 
	-> 1) Will set iter according to chooseChr and start and stop, and possibly using -sites
	-> Only read nSites: 1797832 will therefore prepare next chromosome (or exit)
	-> Done reading data from chromosome will prepare next chromosome
	-> Is in multi sfs, will now read data from chr:JASDQU010094884.1
	-> hello Im the master merge part of realSFS. and I'll now do a tripple bypass to find intersect 
	-> 1) Will set iter according to chooseChr and start and stop, and possibly using -sites
	-> Only read nSites: 1798196 will therefore prepare next chromosome (or exit)
	-> Done reading data from chromosome will prepare next chromosome
	-> Is in multi sfs, will now read data from chr:JASDQU010094887.1
	-> hello Im the master merge part of realSFS. and I'll now do a tripple bypass to find intersect 
	-> 1) Will set iter according to chooseChr and start and stop, and possibly using -sites
	-> Only read nSites: 1798470 will therefore prepare next chromosome (or exit)
	-> Done reading data from chromosome will prepare next chromosome
	-> Is in multi sfs, will now read data from chr:JASDQU010095001.1
	-> hello Im the master merge part of realSFS. and I'll now do a tripple bypass to find intersect 
	-> 1) Will set iter according to chooseChr and start and stop, and possibly using -sites
	-> Only read nSites: 1799127 will therefore prepare next chromosome (or exit)
	-> Done reading data from chromosome will prepare next chromosome
	-> Is in multi sfs, will now read data from chr:JASDQU010095024.1
	-> hello Im the master merge part of realSFS. and I'll now do a tripple bypass to find intersect 
	-> 1) Will set iter according to chooseChr and start and stop, and possibly using -sites
	-> Only read nSites: 1799589 will therefore prepare next chromosome (or exit)
	-> Done reading data from chromosome will prepare next chromosome
	-> Is in multi sfs, will now read data from chr:JASDQU010095031.1
	-> hello Im the master merge part of realSFS. and I'll now do a tripple bypass to find intersect 
	-> 1) Will set iter according to chooseChr and start and stop, and possibly using -sites
	-> Only read nSites: 1800516 will therefore prepare next chromosome (or exit)
	-> Done reading data from chromosome will prepare next chromosome
	-> Is in multi sfs, will now read data from chr:JASDQU010095050.1
	-> hello Im the master merge part of realSFS. and I'll now do a tripple bypass to find intersect 
	-> 1) Will set iter according to chooseChr and start and stop, and possibly using -sites
	-> Only read nSites: 1801210 will therefore prepare next chromosome (or exit)
	-> Done reading data from chromosome will prepare next chromosome
	-> Is in multi sfs, will now read data from chr:JASDQU010095065.1
	-> hello Im the master merge part of realSFS. and I'll now do a tripple bypass to find intersect 
	-> 1) Will set iter according to chooseChr and start and stop, and possibly using -sites
	-> Only read nSites: 1801383 will therefore prepare next chromosome (or exit)
	-> Done reading data from chromosome will prepare next chromosome
	-> Is in multi sfs, will now read data from chr:JASDQU010095155.1
	-> hello Im the master merge part of realSFS. and I'll now do a tripple bypass to find intersect 
	-> 1) Will set iter according to chooseChr and start and stop, and possibly using -sites
	-> Only read nSites: 1803247 will therefore prepare next chromosome (or exit)
	-> Done reading data from chromosome will prepare next chromosome
	-> Is in multi sfs, will now read data from chr:JASDQU010095169.1
	-> hello Im the master merge part of realSFS. and I'll now do a tripple bypass to find intersect 
	-> 1) Will set iter according to chooseChr and start and stop, and possibly using -sites
	-> Only read nSites: 1804420 will therefore prepare next chromosome (or exit)
	-> Done reading data from chromosome will prepare next chromosome
	-> Is in multi sfs, will now read data from chr:JASDQU010095189.1
	-> hello Im the master merge part of realSFS. and I'll now do a tripple bypass to find intersect 
	-> 1) Will set iter according to chooseChr and start and stop, and possibly using -sites
	-> Only read nSites: 1804566 will therefore prepare next chromosome (or exit)
	-> Done reading data from chromosome will prepare next chromosome
	-> Is in multi sfs, will now read data from chr:JASDQU010095190.1
	-> hello Im the master merge part of realSFS. and I'll now do a tripple bypass to find intersect 
	-> 1) Will set iter according to chooseChr and start and stop, and possibly using -sites
	-> Only read nSites: 1807520 will therefore prepare next chromosome (or exit)
	-> Done reading data from chromosome will prepare next chromosome
	-> Is in multi sfs, will now read data from chr:JASDQU010095194.1
	-> hello Im the master merge part of realSFS. and I'll now do a tripple bypass to find intersect 
	-> 1) Will set iter according to chooseChr and start and stop, and possibly using -sites
	-> Only read nSites: 1810970 will therefore prepare next chromosome (or exit)
	-> Done reading data from chromosome will prepare next chromosome
	-> Is in multi sfs, will now read data from chr:JASDQU010095301.1
	-> hello Im the master merge part of realSFS. and I'll now do a tripple bypass to find intersect 
	-> 1) Will set iter according to chooseChr and start and stop, and possibly using -sites
	-> Only read nSites: 1811993 will therefore prepare next chromosome (or exit)
	-> Done reading data from chromosome will prepare next chromosome
	-> Is in multi sfs, will now read data from chr:JASDQU010095336.1
	-> hello Im the master merge part of realSFS. and I'll now do a tripple bypass to find intersect 
	-> 1) Will set iter according to chooseChr and start and stop, and possibly using -sites
	-> Only read nSites: 1812770 will therefore prepare next chromosome (or exit)
	-> Done reading data from chromosome will prepare next chromosome
	-> Is in multi sfs, will now read data from chr:JASDQU010095354.1
	-> hello Im the master merge part of realSFS. and I'll now do a tripple bypass to find intersect 
	-> 1) Will set iter according to chooseChr and start and stop, and possibly using -sites
	-> Only read nSites: 1814322 will therefore prepare next chromosome (or exit)
	-> Done reading data from chromosome will prepare next chromosome
	-> Is in multi sfs, will now read data from chr:JASDQU010095375.1
	-> hello Im the master merge part of realSFS. and I'll now do a tripple bypass to find intersect 
	-> 1) Will set iter according to chooseChr and start and stop, and possibly using -sites
	-> Only read nSites: 1814524 will therefore prepare next chromosome (or exit)
	-> Done reading data from chromosome will prepare next chromosome
	-> Is in multi sfs, will now read data from chr:JASDQU010095376.1
	-> hello Im the master merge part of realSFS. and I'll now do a tripple bypass to find intersect 
	-> 1) Will set iter according to chooseChr and start and stop, and possibly using -sites
	-> Only read nSites: 1815034 will therefore prepare next chromosome (or exit)
	-> Done reading data from chromosome will prepare next chromosome
	-> Is in multi sfs, will now read data from chr:JASDQU010095393.1
	-> hello Im the master merge part of realSFS. and I'll now do a tripple bypass to find intersect 
	-> 1) Will set iter according to chooseChr and start and stop, and possibly using -sites
	-> Only read nSites: 1815882 will therefore prepare next chromosome (or exit)
	-> Done reading data from chromosome will prepare next chromosome
	-> Is in multi sfs, will now read data from chr:JASDQU010095401.1
	-> hello Im the master merge part of realSFS. and I'll now do a tripple bypass to find intersect 
	-> 1) Will set iter according to chooseChr and start and stop, and possibly using -sites
	-> Only read nSites: 1816351 will therefore prepare next chromosome (or exit)
	-> Done reading data from chromosome will prepare next chromosome
	-> Is in multi sfs, will now read data from chr:JASDQU010095455.1
	-> hello Im the master merge part of realSFS. and I'll now do a tripple bypass to find intersect 
	-> 1) Will set iter according to chooseChr and start and stop, and possibly using -sites
	-> Only read nSites: 1816843 will therefore prepare next chromosome (or exit)
	-> Done reading data from chromosome will prepare next chromosome
	-> Is in multi sfs, will now read data from chr:JASDQU010095465.1
	-> hello Im the master merge part of realSFS. and I'll now do a tripple bypass to find intersect 
	-> 1) Will set iter according to chooseChr and start and stop, and possibly using -sites
	-> Only read nSites: 1816884 will therefore prepare next chromosome (or exit)
	-> Done reading data from chromosome will prepare next chromosome
	-> Is in multi sfs, will now read data from chr:JASDQU010095468.1
	-> hello Im the master merge part of realSFS. and I'll now do a tripple bypass to find intersect 
	-> 1) Will set iter according to chooseChr and start and stop, and possibly using -sites
	-> Only read nSites: 1817397 will therefore prepare next chromosome (or exit)
	-> Done reading data from chromosome will prepare next chromosome
	-> Is in multi sfs, will now read data from chr:JASDQU010095488.1
	-> hello Im the master merge part of realSFS. and I'll now do a tripple bypass to find intersect 
	-> 1) Will set iter according to chooseChr and start and stop, and possibly using -sites
	-> Only read nSites: 1818295 will therefore prepare next chromosome (or exit)
	-> Done reading data from chromosome will prepare next chromosome
	-> Is in multi sfs, will now read data from chr:JASDQU010095492.1
	-> hello Im the master merge part of realSFS. and I'll now do a tripple bypass to find intersect 
	-> 1) Will set iter according to chooseChr and start and stop, and possibly using -sites
	-> Only read nSites: 1818466 will therefore prepare next chromosome (or exit)
	-> Done reading data from chromosome will prepare next chromosome
	-> Is in multi sfs, will now read data from chr:JASDQU010095580.1
	-> hello Im the master merge part of realSFS. and I'll now do a tripple bypass to find intersect 
	-> 1) Will set iter according to chooseChr and start and stop, and possibly using -sites
	-> Only read nSites: 1819161 will therefore prepare next chromosome (or exit)
	-> Done reading data from chromosome will prepare next chromosome
	-> Is in multi sfs, will now read data from chr:JASDQU010095581.1
	-> hello Im the master merge part of realSFS. and I'll now do a tripple bypass to find intersect 
	-> 1) Will set iter according to chooseChr and start and stop, and possibly using -sites
	-> Only read nSites: 1819353 will therefore prepare next chromosome (or exit)
	-> Done reading data from chromosome will prepare next chromosome
	-> Is in multi sfs, will now read data from chr:JASDQU010095624.1
	-> hello Im the master merge part of realSFS. and I'll now do a tripple bypass to find intersect 
	-> 1) Will set iter according to chooseChr and start and stop, and possibly using -sites
	-> Only read nSites: 1819571 will therefore prepare next chromosome (or exit)
	-> Done reading data from chromosome will prepare next chromosome
	-> Is in multi sfs, will now read data from chr:JASDQU010095671.1
	-> hello Im the master merge part of realSFS. and I'll now do a tripple bypass to find intersect 
	-> 1) Will set iter according to chooseChr and start and stop, and possibly using -sites
	-> Only read nSites: 1820747 will therefore prepare next chromosome (or exit)
	-> Done reading data from chromosome will prepare next chromosome
	-> Is in multi sfs, will now read data from chr:JASDQU010095684.1
	-> hello Im the master merge part of realSFS. and I'll now do a tripple bypass to find intersect 
	-> 1) Will set iter according to chooseChr and start and stop, and possibly using -sites
	-> Only read nSites: 1822632 will therefore prepare next chromosome (or exit)
	-> Done reading data from chromosome will prepare next chromosome
	-> Is in multi sfs, will now read data from chr:JASDQU010095686.1
	-> hello Im the master merge part of realSFS. and I'll now do a tripple bypass to find intersect 
	-> 1) Will set iter according to chooseChr and start and stop, and possibly using -sites
	-> Only read nSites: 1822674 will therefore prepare next chromosome (or exit)
	-> Done reading data from chromosome will prepare next chromosome
	-> Is in multi sfs, will now read data from chr:JASDQU010095802.1
	-> hello Im the master merge part of realSFS. and I'll now do a tripple bypass to find intersect 
	-> 1) Will set iter according to chooseChr and start and stop, and possibly using -sites
	-> Only read nSites: 1823760 will therefore prepare next chromosome (or exit)
	-> Done reading data from chromosome will prepare next chromosome
	-> Is in multi sfs, will now read data from chr:JASDQU010095835.1
	-> hello Im the master merge part of realSFS. and I'll now do a tripple bypass to find intersect 
	-> 1) Will set iter according to chooseChr and start and stop, and possibly using -sites
	-> Only read nSites: 1823844 will therefore prepare next chromosome (or exit)
	-> Done reading data from chromosome will prepare next chromosome
	-> Is in multi sfs, will now read data from chr:JASDQU010095838.1
	-> hello Im the master merge part of realSFS. and I'll now do a tripple bypass to find intersect 
	-> 1) Will set iter according to chooseChr and start and stop, and possibly using -sites
	-> Only read nSites: 1824361 will therefore prepare next chromosome (or exit)
	-> Done reading data from chromosome will prepare next chromosome
	-> Is in multi sfs, will now read data from chr:JASDQU010095885.1
	-> hello Im the master merge part of realSFS. and I'll now do a tripple bypass to find intersect 
	-> 1) Will set iter according to chooseChr and start and stop, and possibly using -sites
	-> Only read nSites: 1825913 will therefore prepare next chromosome (or exit)
	-> Done reading data from chromosome will prepare next chromosome
	-> Is in multi sfs, will now read data from chr:JASDQU010095911.1
	-> hello Im the master merge part of realSFS. and I'll now do a tripple bypass to find intersect 
	-> 1) Will set iter according to chooseChr and start and stop, and possibly using -sites
	-> Only read nSites: 1826322 will therefore prepare next chromosome (or exit)
	-> Done reading data from chromosome will prepare next chromosome
	-> Is in multi sfs, will now read data from chr:JASDQU010095952.1
	-> hello Im the master merge part of realSFS. and I'll now do a tripple bypass to find intersect 
	-> 1) Will set iter according to chooseChr and start and stop, and possibly using -sites
	-> Only read nSites: 1827011 will therefore prepare next chromosome (or exit)
	-> Done reading data from chromosome will prepare next chromosome
	-> Is in multi sfs, will now read data from chr:JASDQU010095967.1
	-> hello Im the master merge part of realSFS. and I'll now do a tripple bypass to find intersect 
	-> 1) Will set iter according to chooseChr and start and stop, and possibly using -sites
	-> Only read nSites: 1827244 will therefore prepare next chromosome (or exit)
	-> Done reading data from chromosome will prepare next chromosome
	-> Is in multi sfs, will now read data from chr:JASDQU010095983.1
	-> hello Im the master merge part of realSFS. and I'll now do a tripple bypass to find intersect 
	-> 1) Will set iter according to chooseChr and start and stop, and possibly using -sites
	-> Only read nSites: 1827742 will therefore prepare next chromosome (or exit)
	-> Done reading data from chromosome will prepare next chromosome
	-> Is in multi sfs, will now read data from chr:JASDQU010096005.1
	-> hello Im the master merge part of realSFS. and I'll now do a tripple bypass to find intersect 
	-> 1) Will set iter according to chooseChr and start and stop, and possibly using -sites
	-> Only read nSites: 1828198 will therefore prepare next chromosome (or exit)
	-> Done reading data from chromosome will prepare next chromosome
	-> Is in multi sfs, will now read data from chr:JASDQU010096020.1
	-> hello Im the master merge part of realSFS. and I'll now do a tripple bypass to find intersect 
	-> 1) Will set iter according to chooseChr and start and stop, and possibly using -sites
	-> Only read nSites: 1828354 will therefore prepare next chromosome (or exit)
	-> Done reading data from chromosome will prepare next chromosome
	-> Is in multi sfs, will now read data from chr:JASDQU010096021.1
	-> hello Im the master merge part of realSFS. and I'll now do a tripple bypass to find intersect 
	-> 1) Will set iter according to chooseChr and start and stop, and possibly using -sites
	-> Only read nSites: 1832000 will therefore prepare next chromosome (or exit)
	-> Done reading data from chromosome will prepare next chromosome
	-> Is in multi sfs, will now read data from chr:JASDQU010096038.1
	-> hello Im the master merge part of realSFS. and I'll now do a tripple bypass to find intersect 
	-> 1) Will set iter according to chooseChr and start and stop, and possibly using -sites
	-> Only read nSites: 1832182 will therefore prepare next chromosome (or exit)
	-> Done reading data from chromosome will prepare next chromosome
	-> Is in multi sfs, will now read data from chr:JASDQU010096084.1
	-> hello Im the master merge part of realSFS. and I'll now do a tripple bypass to find intersect 
	-> 1) Will set iter according to chooseChr and start and stop, and possibly using -sites
	-> Only read nSites: 1835930 will therefore prepare next chromosome (or exit)
	-> Done reading data from chromosome will prepare next chromosome
	-> Is in multi sfs, will now read data from chr:JASDQU010096092.1
	-> hello Im the master merge part of realSFS. and I'll now do a tripple bypass to find intersect 
	-> 1) Will set iter according to chooseChr and start and stop, and possibly using -sites
	-> Only read nSites: 1836271 will therefore prepare next chromosome (or exit)
	-> Done reading data from chromosome will prepare next chromosome
	-> Is in multi sfs, will now read data from chr:JASDQU010096198.1
	-> hello Im the master merge part of realSFS. and I'll now do a tripple bypass to find intersect 
	-> 1) Will set iter according to chooseChr and start and stop, and possibly using -sites
	-> Only read nSites: 1837041 will therefore prepare next chromosome (or exit)
	-> Done reading data from chromosome will prepare next chromosome
	-> Is in multi sfs, will now read data from chr:JASDQU010096213.1
	-> hello Im the master merge part of realSFS. and I'll now do a tripple bypass to find intersect 
	-> 1) Will set iter according to chooseChr and start and stop, and possibly using -sites
	-> Only read nSites: 1838668 will therefore prepare next chromosome (or exit)
	-> Done reading data from chromosome will prepare next chromosome
	-> Is in multi sfs, will now read data from chr:JASDQU010096301.1
	-> hello Im the master merge part of realSFS. and I'll now do a tripple bypass to find intersect 
	-> 1) Will set iter according to chooseChr and start and stop, and possibly using -sites
	-> Only read nSites: 1838962 will therefore prepare next chromosome (or exit)
	-> Done reading data from chromosome will prepare next chromosome
	-> Is in multi sfs, will now read data from chr:JASDQU010096323.1
	-> hello Im the master merge part of realSFS. and I'll now do a tripple bypass to find intersect 
	-> 1) Will set iter according to chooseChr and start and stop, and possibly using -sites
	-> Only read nSites: 1839373 will therefore prepare next chromosome (or exit)
	-> Done reading data from chromosome will prepare next chromosome
	-> Is in multi sfs, will now read data from chr:JASDQU010096333.1
	-> hello Im the master merge part of realSFS. and I'll now do a tripple bypass to find intersect 
	-> 1) Will set iter according to chooseChr and start and stop, and possibly using -sites
	-> Only read nSites: 1839915 will therefore prepare next chromosome (or exit)
	-> Done reading data from chromosome will prepare next chromosome
	-> Is in multi sfs, will now read data from chr:JASDQU010096365.1
	-> hello Im the master merge part of realSFS. and I'll now do a tripple bypass to find intersect 
	-> 1) Will set iter according to chooseChr and start and stop, and possibly using -sites
	-> Only read nSites: 1841905 will therefore prepare next chromosome (or exit)
	-> Done reading data from chromosome will prepare next chromosome
	-> Is in multi sfs, will now read data from chr:JASDQU010096375.1
	-> hello Im the master merge part of realSFS. and I'll now do a tripple bypass to find intersect 
	-> 1) Will set iter according to chooseChr and start and stop, and possibly using -sites
	-> Only read nSites: 1842841 will therefore prepare next chromosome (or exit)
	-> Done reading data from chromosome will prepare next chromosome
	-> Is in multi sfs, will now read data from chr:JASDQU010096383.1
	-> hello Im the master merge part of realSFS. and I'll now do a tripple bypass to find intersect 
	-> 1) Will set iter according to chooseChr and start and stop, and possibly using -sites
	-> Only read nSites: 1842935 will therefore prepare next chromosome (or exit)
	-> Done reading data from chromosome will prepare next chromosome
	-> Is in multi sfs, will now read data from chr:JASDQU010096404.1
	-> hello Im the master merge part of realSFS. and I'll now do a tripple bypass to find intersect 
	-> 1) Will set iter according to chooseChr and start and stop, and possibly using -sites
	-> Only read nSites: 1843024 will therefore prepare next chromosome (or exit)
	-> Done reading data from chromosome will prepare next chromosome
	-> Is in multi sfs, will now read data from chr:JASDQU010096452.1
	-> hello Im the master merge part of realSFS. and I'll now do a tripple bypass to find intersect 
	-> 1) Will set iter according to chooseChr and start and stop, and possibly using -sites
	-> Only read nSites: 1844784 will therefore prepare next chromosome (or exit)
	-> Done reading data from chromosome will prepare next chromosome
	-> Is in multi sfs, will now read data from chr:JASDQU010096476.1
	-> hello Im the master merge part of realSFS. and I'll now do a tripple bypass to find intersect 
	-> 1) Will set iter according to chooseChr and start and stop, and possibly using -sites
	-> Only read nSites: 1844896 will therefore prepare next chromosome (or exit)
	-> Done reading data from chromosome will prepare next chromosome
	-> Is in multi sfs, will now read data from chr:JASDQU010096478.1
	-> hello Im the master merge part of realSFS. and I'll now do a tripple bypass to find intersect 
	-> 1) Will set iter according to chooseChr and start and stop, and possibly using -sites
	-> Only read nSites: 1845359 will therefore prepare next chromosome (or exit)
	-> Done reading data from chromosome will prepare next chromosome
	-> Is in multi sfs, will now read data from chr:JASDQU010096517.1
	-> hello Im the master merge part of realSFS. and I'll now do a tripple bypass to find intersect 
	-> 1) Will set iter according to chooseChr and start and stop, and possibly using -sites
	-> Only read nSites: 1845373 will therefore prepare next chromosome (or exit)
	-> Done reading data from chromosome will prepare next chromosome
	-> Is in multi sfs, will now read data from chr:JASDQU010096531.1
	-> hello Im the master merge part of realSFS. and I'll now do a tripple bypass to find intersect 
	-> 1) Will set iter according to chooseChr and start and stop, and possibly using -sites
	-> Only read nSites: 1846064 will therefore prepare next chromosome (or exit)
	-> Done reading data from chromosome will prepare next chromosome
	-> Is in multi sfs, will now read data from chr:JASDQU010096587.1
	-> hello Im the master merge part of realSFS. and I'll now do a tripple bypass to find intersect 
	-> 1) Will set iter according to chooseChr and start and stop, and possibly using -sites
	-> Only read nSites: 1847258 will therefore prepare next chromosome (or exit)
	-> Done reading data from chromosome will prepare next chromosome
	-> Is in multi sfs, will now read data from chr:JASDQU010096592.1
	-> hello Im the master merge part of realSFS. and I'll now do a tripple bypass to find intersect 
	-> 1) Will set iter according to chooseChr and start and stop, and possibly using -sites
	-> Only read nSites: 1848359 will therefore prepare next chromosome (or exit)
	-> Done reading data from chromosome will prepare next chromosome
	-> Is in multi sfs, will now read data from chr:JASDQU010096684.1
	-> hello Im the master merge part of realSFS. and I'll now do a tripple bypass to find intersect 
	-> 1) Will set iter according to chooseChr and start and stop, and possibly using -sites
	-> Only read nSites: 1849236 will therefore prepare next chromosome (or exit)
	-> Done reading data from chromosome will prepare next chromosome
	-> Is in multi sfs, will now read data from chr:JASDQU010096691.1
	-> hello Im the master merge part of realSFS. and I'll now do a tripple bypass to find intersect 
	-> 1) Will set iter according to chooseChr and start and stop, and possibly using -sites
	-> Only read nSites: 1849669 will therefore prepare next chromosome (or exit)
	-> Done reading data from chromosome will prepare next chromosome
	-> Is in multi sfs, will now read data from chr:JASDQU010096698.1
	-> hello Im the master merge part of realSFS. and I'll now do a tripple bypass to find intersect 
	-> 1) Will set iter according to chooseChr and start and stop, and possibly using -sites
	-> Only read nSites: 1850649 will therefore prepare next chromosome (or exit)
	-> Done reading data from chromosome will prepare next chromosome
	-> Is in multi sfs, will now read data from chr:JASDQU010096708.1
	-> hello Im the master merge part of realSFS. and I'll now do a tripple bypass to find intersect 
	-> 1) Will set iter according to chooseChr and start and stop, and possibly using -sites
	-> Only read nSites: 1851673 will therefore prepare next chromosome (or exit)
	-> Done reading data from chromosome will prepare next chromosome
	-> Is in multi sfs, will now read data from chr:JASDQU010096737.1
	-> hello Im the master merge part of realSFS. and I'll now do a tripple bypass to find intersect 
	-> 1) Will set iter according to chooseChr and start and stop, and possibly using -sites
	-> Only read nSites: 1852426 will therefore prepare next chromosome (or exit)
	-> Done reading data from chromosome will prepare next chromosome
	-> Is in multi sfs, will now read data from chr:JASDQU010096766.1
	-> hello Im the master merge part of realSFS. and I'll now do a tripple bypass to find intersect 
	-> 1) Will set iter according to chooseChr and start and stop, and possibly using -sites
	-> Only read nSites: 1852441 will therefore prepare next chromosome (or exit)
	-> Done reading data from chromosome will prepare next chromosome
	-> Is in multi sfs, will now read data from chr:JASDQU010096804.1
	-> hello Im the master merge part of realSFS. and I'll now do a tripple bypass to find intersect 
	-> 1) Will set iter according to chooseChr and start and stop, and possibly using -sites
	-> Only read nSites: 1852532 will therefore prepare next chromosome (or exit)
	-> Done reading data from chromosome will prepare next chromosome
	-> Is in multi sfs, will now read data from chr:JASDQU010096911.1
	-> hello Im the master merge part of realSFS. and I'll now do a tripple bypass to find intersect 
	-> 1) Will set iter according to chooseChr and start and stop, and possibly using -sites
	-> Only read nSites: 1855109 will therefore prepare next chromosome (or exit)
	-> Done reading data from chromosome will prepare next chromosome
	-> Is in multi sfs, will now read data from chr:JASDQU010096924.1
	-> hello Im the master merge part of realSFS. and I'll now do a tripple bypass to find intersect 
	-> 1) Will set iter according to chooseChr and start and stop, and possibly using -sites
	-> Only read nSites: 1855380 will therefore prepare next chromosome (or exit)
	-> Done reading data from chromosome will prepare next chromosome
	-> Is in multi sfs, will now read data from chr:JASDQU010096944.1
	-> hello Im the master merge part of realSFS. and I'll now do a tripple bypass to find intersect 
	-> 1) Will set iter according to chooseChr and start and stop, and possibly using -sites
	-> Only read nSites: 1856665 will therefore prepare next chromosome (or exit)
	-> Done reading data from chromosome will prepare next chromosome
	-> Is in multi sfs, will now read data from chr:JASDQU010096997.1
	-> hello Im the master merge part of realSFS. and I'll now do a tripple bypass to find intersect 
	-> 1) Will set iter according to chooseChr and start and stop, and possibly using -sites
	-> Only read nSites: 1856751 will therefore prepare next chromosome (or exit)
	-> Done reading data from chromosome will prepare next chromosome
	-> Is in multi sfs, will now read data from chr:JASDQU010097063.1
	-> hello Im the master merge part of realSFS. and I'll now do a tripple bypass to find intersect 
	-> 1) Will set iter according to chooseChr and start and stop, and possibly using -sites
	-> Only read nSites: 1857167 will therefore prepare next chromosome (or exit)
	-> Done reading data from chromosome will prepare next chromosome
	-> Is in multi sfs, will now read data from chr:JASDQU010097072.1
	-> hello Im the master merge part of realSFS. and I'll now do a tripple bypass to find intersect 
	-> 1) Will set iter according to chooseChr and start and stop, and possibly using -sites
	-> Only read nSites: 1861247 will therefore prepare next chromosome (or exit)
	-> Done reading data from chromosome will prepare next chromosome
	-> Is in multi sfs, will now read data from chr:JASDQU010097098.1
	-> hello Im the master merge part of realSFS. and I'll now do a tripple bypass to find intersect 
	-> 1) Will set iter according to chooseChr and start and stop, and possibly using -sites
	-> Only read nSites: 1861791 will therefore prepare next chromosome (or exit)
	-> Done reading data from chromosome will prepare next chromosome
	-> Is in multi sfs, will now read data from chr:JASDQU010097099.1
	-> hello Im the master merge part of realSFS. and I'll now do a tripple bypass to find intersect 
	-> 1) Will set iter according to chooseChr and start and stop, and possibly using -sites
	-> Only read nSites: 1862324 will therefore prepare next chromosome (or exit)
	-> Done reading data from chromosome will prepare next chromosome
	-> Is in multi sfs, will now read data from chr:JASDQU010097151.1
	-> hello Im the master merge part of realSFS. and I'll now do a tripple bypass to find intersect 
	-> 1) Will set iter according to chooseChr and start and stop, and possibly using -sites
	-> Only read nSites: 1862363 will therefore prepare next chromosome (or exit)
	-> Done reading data from chromosome will prepare next chromosome
	-> Is in multi sfs, will now read data from chr:JASDQU010097164.1
	-> hello Im the master merge part of realSFS. and I'll now do a tripple bypass to find intersect 
	-> 1) Will set iter according to chooseChr and start and stop, and possibly using -sites
	-> Only read nSites: 1862864 will therefore prepare next chromosome (or exit)
	-> Done reading data from chromosome will prepare next chromosome
	-> Is in multi sfs, will now read data from chr:JASDQU010097174.1
	-> hello Im the master merge part of realSFS. and I'll now do a tripple bypass to find intersect 
	-> 1) Will set iter according to chooseChr and start and stop, and possibly using -sites
	-> Only read nSites: 1863184 will therefore prepare next chromosome (or exit)
	-> Done reading data from chromosome will prepare next chromosome
	-> Is in multi sfs, will now read data from chr:JASDQU010097176.1
	-> hello Im the master merge part of realSFS. and I'll now do a tripple bypass to find intersect 
	-> 1) Will set iter according to chooseChr and start and stop, and possibly using -sites
	-> Only read nSites: 1863266 will therefore prepare next chromosome (or exit)
	-> Done reading data from chromosome will prepare next chromosome
	-> Is in multi sfs, will now read data from chr:JASDQU010097262.1
	-> hello Im the master merge part of realSFS. and I'll now do a tripple bypass to find intersect 
	-> 1) Will set iter according to chooseChr and start and stop, and possibly using -sites
	-> Only read nSites: 1863538 will therefore prepare next chromosome (or exit)
	-> Done reading data from chromosome will prepare next chromosome
	-> Is in multi sfs, will now read data from chr:JASDQU010097285.1
	-> hello Im the master merge part of realSFS. and I'll now do a tripple bypass to find intersect 
	-> 1) Will set iter according to chooseChr and start and stop, and possibly using -sites
	-> Only read nSites: 1864136 will therefore prepare next chromosome (or exit)
	-> Done reading data from chromosome will prepare next chromosome
	-> Is in multi sfs, will now read data from chr:JASDQU010097402.1
	-> hello Im the master merge part of realSFS. and I'll now do a tripple bypass to find intersect 
	-> 1) Will set iter according to chooseChr and start and stop, and possibly using -sites
	-> Only read nSites: 1865035 will therefore prepare next chromosome (or exit)
	-> Done reading data from chromosome will prepare next chromosome
	-> Is in multi sfs, will now read data from chr:JASDQU010097493.1
	-> hello Im the master merge part of realSFS. and I'll now do a tripple bypass to find intersect 
	-> 1) Will set iter according to chooseChr and start and stop, and possibly using -sites
	-> Only read nSites: 1865260 will therefore prepare next chromosome (or exit)
	-> Done reading data from chromosome will prepare next chromosome
	-> Is in multi sfs, will now read data from chr:JASDQU010097499.1
	-> hello Im the master merge part of realSFS. and I'll now do a tripple bypass to find intersect 
	-> 1) Will set iter according to chooseChr and start and stop, and possibly using -sites
	-> Only read nSites: 1866058 will therefore prepare next chromosome (or exit)
	-> Done reading data from chromosome will prepare next chromosome
	-> Is in multi sfs, will now read data from chr:JASDQU010097513.1
	-> hello Im the master merge part of realSFS. and I'll now do a tripple bypass to find intersect 
	-> 1) Will set iter according to chooseChr and start and stop, and possibly using -sites
	-> Only read nSites: 1866240 will therefore prepare next chromosome (or exit)
	-> Done reading data from chromosome will prepare next chromosome
	-> Is in multi sfs, will now read data from chr:JASDQU010097589.1
	-> hello Im the master merge part of realSFS. and I'll now do a tripple bypass to find intersect 
	-> 1) Will set iter according to chooseChr and start and stop, and possibly using -sites
	-> Only read nSites: 1867666 will therefore prepare next chromosome (or exit)
	-> Done reading data from chromosome will prepare next chromosome
	-> Is in multi sfs, will now read data from chr:JASDQU010097615.1
	-> hello Im the master merge part of realSFS. and I'll now do a tripple bypass to find intersect 
	-> 1) Will set iter according to chooseChr and start and stop, and possibly using -sites
	-> Only read nSites: 1868478 will therefore prepare next chromosome (or exit)
	-> Done reading data from chromosome will prepare next chromosome
	-> Is in multi sfs, will now read data from chr:JASDQU010097626.1
	-> hello Im the master merge part of realSFS. and I'll now do a tripple bypass to find intersect 
	-> 1) Will set iter according to chooseChr and start and stop, and possibly using -sites
	-> Only read nSites: 1870360 will therefore prepare next chromosome (or exit)
	-> Done reading data from chromosome will prepare next chromosome
	-> Is in multi sfs, will now read data from chr:JASDQU010097633.1
	-> hello Im the master merge part of realSFS. and I'll now do a tripple bypass to find intersect 
	-> 1) Will set iter according to chooseChr and start and stop, and possibly using -sites
	-> Only read nSites: 1871166 will therefore prepare next chromosome (or exit)
	-> Done reading data from chromosome will prepare next chromosome
	-> Is in multi sfs, will now read data from chr:JASDQU010097683.1
	-> hello Im the master merge part of realSFS. and I'll now do a tripple bypass to find intersect 
	-> 1) Will set iter according to chooseChr and start and stop, and possibly using -sites
	-> Only read nSites: 1871246 will therefore prepare next chromosome (or exit)
	-> Done reading data from chromosome will prepare next chromosome
	-> Is in multi sfs, will now read data from chr:JASDQU010097704.1
	-> hello Im the master merge part of realSFS. and I'll now do a tripple bypass to find intersect 
	-> 1) Will set iter according to chooseChr and start and stop, and possibly using -sites
	-> Only read nSites: 1872128 will therefore prepare next chromosome (or exit)
	-> Done reading data from chromosome will prepare next chromosome
	-> Is in multi sfs, will now read data from chr:JASDQU010097780.1
	-> hello Im the master merge part of realSFS. and I'll now do a tripple bypass to find intersect 
	-> 1) Will set iter according to chooseChr and start and stop, and possibly using -sites
	-> Only read nSites: 1873170 will therefore prepare next chromosome (or exit)
	-> Done reading data from chromosome will prepare next chromosome
	-> Is in multi sfs, will now read data from chr:JASDQU010097785.1
	-> hello Im the master merge part of realSFS. and I'll now do a tripple bypass to find intersect 
	-> 1) Will set iter according to chooseChr and start and stop, and possibly using -sites
	-> Only read nSites: 1873678 will therefore prepare next chromosome (or exit)
	-> Done reading data from chromosome will prepare next chromosome
	-> Is in multi sfs, will now read data from chr:JASDQU010097795.1
	-> hello Im the master merge part of realSFS. and I'll now do a tripple bypass to find intersect 
	-> 1) Will set iter according to chooseChr and start and stop, and possibly using -sites
	-> Only read nSites: 1874317 will therefore prepare next chromosome (or exit)
	-> Done reading data from chromosome will prepare next chromosome
	-> Is in multi sfs, will now read data from chr:JASDQU010097815.1
	-> hello Im the master merge part of realSFS. and I'll now do a tripple bypass to find intersect 
	-> 1) Will set iter according to chooseChr and start and stop, and possibly using -sites
	-> Only read nSites: 1875505 will therefore prepare next chromosome (or exit)
	-> Done reading data from chromosome will prepare next chromosome
	-> Is in multi sfs, will now read data from chr:JASDQU010097817.1
	-> hello Im the master merge part of realSFS. and I'll now do a tripple bypass to find intersect 
	-> 1) Will set iter according to chooseChr and start and stop, and possibly using -sites
	-> Only read nSites: 1876733 will therefore prepare next chromosome (or exit)
	-> Done reading data from chromosome will prepare next chromosome
	-> Is in multi sfs, will now read data from chr:JASDQU010097834.1
	-> hello Im the master merge part of realSFS. and I'll now do a tripple bypass to find intersect 
	-> 1) Will set iter according to chooseChr and start and stop, and possibly using -sites
	-> Only read nSites: 1876884 will therefore prepare next chromosome (or exit)
	-> Done reading data from chromosome will prepare next chromosome
	-> Is in multi sfs, will now read data from chr:JASDQU010097849.1
	-> hello Im the master merge part of realSFS. and I'll now do a tripple bypass to find intersect 
	-> 1) Will set iter according to chooseChr and start and stop, and possibly using -sites
	-> Only read nSites: 1877942 will therefore prepare next chromosome (or exit)
	-> Done reading data from chromosome will prepare next chromosome
	-> Is in multi sfs, will now read data from chr:JASDQU010097872.1
	-> hello Im the master merge part of realSFS. and I'll now do a tripple bypass to find intersect 
	-> 1) Will set iter according to chooseChr and start and stop, and possibly using -sites
	-> Only read nSites: 1878893 will therefore prepare next chromosome (or exit)
	-> Done reading data from chromosome will prepare next chromosome
	-> Is in multi sfs, will now read data from chr:JASDQU010097901.1
	-> hello Im the master merge part of realSFS. and I'll now do a tripple bypass to find intersect 
	-> 1) Will set iter according to chooseChr and start and stop, and possibly using -sites
	-> Only read nSites: 1879657 will therefore prepare next chromosome (or exit)
	-> Done reading data from chromosome will prepare next chromosome
	-> Is in multi sfs, will now read data from chr:JASDQU010097903.1
	-> hello Im the master merge part of realSFS. and I'll now do a tripple bypass to find intersect 
	-> 1) Will set iter according to chooseChr and start and stop, and possibly using -sites
	-> Only read nSites: 1880290 will therefore prepare next chromosome (or exit)
	-> Done reading data from chromosome will prepare next chromosome
	-> Is in multi sfs, will now read data from chr:JASDQU010097930.1
	-> hello Im the master merge part of realSFS. and I'll now do a tripple bypass to find intersect 
	-> 1) Will set iter according to chooseChr and start and stop, and possibly using -sites
	-> Only read nSites: 1881275 will therefore prepare next chromosome (or exit)
	-> Done reading data from chromosome will prepare next chromosome
	-> Is in multi sfs, will now read data from chr:JASDQU010097949.1
	-> hello Im the master merge part of realSFS. and I'll now do a tripple bypass to find intersect 
	-> 1) Will set iter according to chooseChr and start and stop, and possibly using -sites
	-> Only read nSites: 1881426 will therefore prepare next chromosome (or exit)
	-> Done reading data from chromosome will prepare next chromosome
	-> Is in multi sfs, will now read data from chr:JASDQU010097997.1
	-> hello Im the master merge part of realSFS. and I'll now do a tripple bypass to find intersect 
	-> 1) Will set iter according to chooseChr and start and stop, and possibly using -sites
	-> Only read nSites: 1883466 will therefore prepare next chromosome (or exit)
	-> Done reading data from chromosome will prepare next chromosome
	-> Is in multi sfs, will now read data from chr:JASDQU010098016.1
	-> hello Im the master merge part of realSFS. and I'll now do a tripple bypass to find intersect 
	-> 1) Will set iter according to chooseChr and start and stop, and possibly using -sites
	-> Only read nSites: 1885204 will therefore prepare next chromosome (or exit)
	-> Done reading data from chromosome will prepare next chromosome
	-> Is in multi sfs, will now read data from chr:JASDQU010098018.1
	-> hello Im the master merge part of realSFS. and I'll now do a tripple bypass to find intersect 
	-> 1) Will set iter according to chooseChr and start and stop, and possibly using -sites
	-> Only read nSites: 1887545 will therefore prepare next chromosome (or exit)
	-> Done reading data from chromosome will prepare next chromosome
	-> Is in multi sfs, will now read data from chr:JASDQU010098108.1
	-> hello Im the master merge part of realSFS. and I'll now do a tripple bypass to find intersect 
	-> 1) Will set iter according to chooseChr and start and stop, and possibly using -sites
	-> Only read nSites: 1887982 will therefore prepare next chromosome (or exit)
	-> Done reading data from chromosome will prepare next chromosome
	-> Is in multi sfs, will now read data from chr:JASDQU010098169.1
	-> hello Im the master merge part of realSFS. and I'll now do a tripple bypass to find intersect 
	-> 1) Will set iter according to chooseChr and start and stop, and possibly using -sites
	-> Only read nSites: 1888718 will therefore prepare next chromosome (or exit)
	-> Done reading data from chromosome will prepare next chromosome
	-> Is in multi sfs, will now read data from chr:JASDQU010098180.1
	-> hello Im the master merge part of realSFS. and I'll now do a tripple bypass to find intersect 
	-> 1) Will set iter according to chooseChr and start and stop, and possibly using -sites
	-> Only read nSites: 1889320 will therefore prepare next chromosome (or exit)
	-> Done reading data from chromosome will prepare next chromosome
	-> Is in multi sfs, will now read data from chr:JASDQU010098200.1
	-> hello Im the master merge part of realSFS. and I'll now do a tripple bypass to find intersect 
	-> 1) Will set iter according to chooseChr and start and stop, and possibly using -sites
	-> Only read nSites: 1889426 will therefore prepare next chromosome (or exit)
	-> Done reading data from chromosome will prepare next chromosome
	-> Is in multi sfs, will now read data from chr:JASDQU010098236.1
	-> hello Im the master merge part of realSFS. and I'll now do a tripple bypass to find intersect 
	-> 1) Will set iter according to chooseChr and start and stop, and possibly using -sites
	-> Only read nSites: 1890155 will therefore prepare next chromosome (or exit)
	-> Done reading data from chromosome will prepare next chromosome
	-> Is in multi sfs, will now read data from chr:JASDQU010098242.1
	-> hello Im the master merge part of realSFS. and I'll now do a tripple bypass to find intersect 
	-> 1) Will set iter according to chooseChr and start and stop, and possibly using -sites
	-> Only read nSites: 1891169 will therefore prepare next chromosome (or exit)
	-> Done reading data from chromosome will prepare next chromosome
	-> Is in multi sfs, will now read data from chr:JASDQU010098338.1
	-> hello Im the master merge part of realSFS. and I'll now do a tripple bypass to find intersect 
	-> 1) Will set iter according to chooseChr and start and stop, and possibly using -sites
	-> Only read nSites: 1891483 will therefore prepare next chromosome (or exit)
	-> Done reading data from chromosome will prepare next chromosome
	-> Is in multi sfs, will now read data from chr:JASDQU010098357.1
	-> hello Im the master merge part of realSFS. and I'll now do a tripple bypass to find intersect 
	-> 1) Will set iter according to chooseChr and start and stop, and possibly using -sites
	-> Only read nSites: 1892185 will therefore prepare next chromosome (or exit)
	-> Done reading data from chromosome will prepare next chromosome
	-> Is in multi sfs, will now read data from chr:JASDQU010098449.1
	-> hello Im the master merge part of realSFS. and I'll now do a tripple bypass to find intersect 
	-> 1) Will set iter according to chooseChr and start and stop, and possibly using -sites
	-> Only read nSites: 1892324 will therefore prepare next chromosome (or exit)
	-> Done reading data from chromosome will prepare next chromosome
	-> Is in multi sfs, will now read data from chr:JASDQU010098497.1
	-> hello Im the master merge part of realSFS. and I'll now do a tripple bypass to find intersect 
	-> 1) Will set iter according to chooseChr and start and stop, and possibly using -sites
	-> Only read nSites: 1893232 will therefore prepare next chromosome (or exit)
	-> Done reading data from chromosome will prepare next chromosome
	-> Is in multi sfs, will now read data from chr:JASDQU010098558.1
	-> hello Im the master merge part of realSFS. and I'll now do a tripple bypass to find intersect 
	-> 1) Will set iter according to chooseChr and start and stop, and possibly using -sites
	-> Only read nSites: 1894073 will therefore prepare next chromosome (or exit)
	-> Done reading data from chromosome will prepare next chromosome
	-> Is in multi sfs, will now read data from chr:JASDQU010098569.1
	-> hello Im the master merge part of realSFS. and I'll now do a tripple bypass to find intersect 
	-> 1) Will set iter according to chooseChr and start and stop, and possibly using -sites
	-> Only read nSites: 1895547 will therefore prepare next chromosome (or exit)
	-> Done reading data from chromosome will prepare next chromosome
	-> Is in multi sfs, will now read data from chr:JASDQU010098572.1
	-> hello Im the master merge part of realSFS. and I'll now do a tripple bypass to find intersect 
	-> 1) Will set iter according to chooseChr and start and stop, and possibly using -sites
	-> Only read nSites: 1896037 will therefore prepare next chromosome (or exit)
	-> Done reading data from chromosome will prepare next chromosome
	-> Is in multi sfs, will now read data from chr:JASDQU010098651.1
	-> hello Im the master merge part of realSFS. and I'll now do a tripple bypass to find intersect 
	-> 1) Will set iter according to chooseChr and start and stop, and possibly using -sites
	-> Only read nSites: 1897557 will therefore prepare next chromosome (or exit)
	-> Done reading data from chromosome will prepare next chromosome
	-> Is in multi sfs, will now read data from chr:JASDQU010098661.1
	-> hello Im the master merge part of realSFS. and I'll now do a tripple bypass to find intersect 
	-> 1) Will set iter according to chooseChr and start and stop, and possibly using -sites
	-> Only read nSites: 1897765 will therefore prepare next chromosome (or exit)
	-> Done reading data from chromosome will prepare next chromosome
	-> Is in multi sfs, will now read data from chr:JASDQU010098684.1
	-> hello Im the master merge part of realSFS. and I'll now do a tripple bypass to find intersect 
	-> 1) Will set iter according to chooseChr and start and stop, and possibly using -sites
	-> Only read nSites: 1898110 will therefore prepare next chromosome (or exit)
	-> Done reading data from chromosome will prepare next chromosome
	-> Is in multi sfs, will now read data from chr:JASDQU010098690.1
	-> hello Im the master merge part of realSFS. and I'll now do a tripple bypass to find intersect 
	-> 1) Will set iter according to chooseChr and start and stop, and possibly using -sites
	-> Only read nSites: 1898396 will therefore prepare next chromosome (or exit)
	-> Done reading data from chromosome will prepare next chromosome
	-> Is in multi sfs, will now read data from chr:JASDQU010098711.1
	-> hello Im the master merge part of realSFS. and I'll now do a tripple bypass to find intersect 
	-> 1) Will set iter according to chooseChr and start and stop, and possibly using -sites
	-> Only read nSites: 1899437 will therefore prepare next chromosome (or exit)
	-> Done reading data from chromosome will prepare next chromosome
	-> Is in multi sfs, will now read data from chr:JASDQU010098714.1
	-> hello Im the master merge part of realSFS. and I'll now do a tripple bypass to find intersect 
	-> 1) Will set iter according to chooseChr and start and stop, and possibly using -sites
	-> Only read nSites: 1901542 will therefore prepare next chromosome (or exit)
	-> Done reading data from chromosome will prepare next chromosome
	-> Is in multi sfs, will now read data from chr:JASDQU010098786.1
	-> hello Im the master merge part of realSFS. and I'll now do a tripple bypass to find intersect 
	-> 1) Will set iter according to chooseChr and start and stop, and possibly using -sites
	-> Only read nSites: 1902655 will therefore prepare next chromosome (or exit)
	-> Done reading data from chromosome will prepare next chromosome
	-> Is in multi sfs, will now read data from chr:JASDQU010098796.1
	-> hello Im the master merge part of realSFS. and I'll now do a tripple bypass to find intersect 
	-> 1) Will set iter according to chooseChr and start and stop, and possibly using -sites
	-> Only read nSites: 1903389 will therefore prepare next chromosome (or exit)
	-> Done reading data from chromosome will prepare next chromosome
	-> Is in multi sfs, will now read data from chr:JASDQU010098799.1
	-> hello Im the master merge part of realSFS. and I'll now do a tripple bypass to find intersect 
	-> 1) Will set iter according to chooseChr and start and stop, and possibly using -sites
	-> Only read nSites: 1903550 will therefore prepare next chromosome (or exit)
	-> Done reading data from chromosome will prepare next chromosome
	-> Is in multi sfs, will now read data from chr:JASDQU010098833.1
	-> hello Im the master merge part of realSFS. and I'll now do a tripple bypass to find intersect 
	-> 1) Will set iter according to chooseChr and start and stop, and possibly using -sites
	-> Only read nSites: 1904779 will therefore prepare next chromosome (or exit)
	-> Done reading data from chromosome will prepare next chromosome
	-> Is in multi sfs, will now read data from chr:JASDQU010098854.1
	-> hello Im the master merge part of realSFS. and I'll now do a tripple bypass to find intersect 
	-> 1) Will set iter according to chooseChr and start and stop, and possibly using -sites
	-> Only read nSites: 1906373 will therefore prepare next chromosome (or exit)
	-> Done reading data from chromosome will prepare next chromosome
	-> Is in multi sfs, will now read data from chr:JASDQU010098861.1
	-> hello Im the master merge part of realSFS. and I'll now do a tripple bypass to find intersect 
	-> 1) Will set iter according to chooseChr and start and stop, and possibly using -sites
	-> Only read nSites: 1907129 will therefore prepare next chromosome (or exit)
	-> Done reading data from chromosome will prepare next chromosome
	-> Is in multi sfs, will now read data from chr:JASDQU010098876.1
	-> hello Im the master merge part of realSFS. and I'll now do a tripple bypass to find intersect 
	-> 1) Will set iter according to chooseChr and start and stop, and possibly using -sites
	-> Only read nSites: 1908537 will therefore prepare next chromosome (or exit)
	-> Done reading data from chromosome will prepare next chromosome
	-> Is in multi sfs, will now read data from chr:JASDQU010098880.1
	-> hello Im the master merge part of realSFS. and I'll now do a tripple bypass to find intersect 
	-> 1) Will set iter according to chooseChr and start and stop, and possibly using -sites
	-> Only read nSites: 1908973 will therefore prepare next chromosome (or exit)
	-> Done reading data from chromosome will prepare next chromosome
	-> Is in multi sfs, will now read data from chr:JASDQU010098907.1
	-> hello Im the master merge part of realSFS. and I'll now do a tripple bypass to find intersect 
	-> 1) Will set iter according to chooseChr and start and stop, and possibly using -sites
	-> Only read nSites: 1910088 will therefore prepare next chromosome (or exit)
	-> Done reading data from chromosome will prepare next chromosome
	-> Is in multi sfs, will now read data from chr:JASDQU010098920.1
	-> hello Im the master merge part of realSFS. and I'll now do a tripple bypass to find intersect 
	-> 1) Will set iter according to chooseChr and start and stop, and possibly using -sites
	-> Only read nSites: 1910697 will therefore prepare next chromosome (or exit)
	-> Done reading data from chromosome will prepare next chromosome
	-> Is in multi sfs, will now read data from chr:JASDQU010098923.1
	-> hello Im the master merge part of realSFS. and I'll now do a tripple bypass to find intersect 
	-> 1) Will set iter according to chooseChr and start and stop, and possibly using -sites
	-> Only read nSites: 1910809 will therefore prepare next chromosome (or exit)
	-> Done reading data from chromosome will prepare next chromosome
	-> Is in multi sfs, will now read data from chr:JASDQU010098944.1
	-> hello Im the master merge part of realSFS. and I'll now do a tripple bypass to find intersect 
	-> 1) Will set iter according to chooseChr and start and stop, and possibly using -sites
	-> Only read nSites: 1912288 will therefore prepare next chromosome (or exit)
	-> Done reading data from chromosome will prepare next chromosome
	-> Is in multi sfs, will now read data from chr:JASDQU010098951.1
	-> hello Im the master merge part of realSFS. and I'll now do a tripple bypass to find intersect 
	-> 1) Will set iter according to chooseChr and start and stop, and possibly using -sites
	-> Only read nSites: 1915501 will therefore prepare next chromosome (or exit)
	-> Done reading data from chromosome will prepare next chromosome
	-> Is in multi sfs, will now read data from chr:JASDQU010098975.1
	-> hello Im the master merge part of realSFS. and I'll now do a tripple bypass to find intersect 
	-> 1) Will set iter according to chooseChr and start and stop, and possibly using -sites
	-> Only read nSites: 1916805 will therefore prepare next chromosome (or exit)
	-> Done reading data from chromosome will prepare next chromosome
	-> Is in multi sfs, will now read data from chr:JASDQU010099030.1
	-> hello Im the master merge part of realSFS. and I'll now do a tripple bypass to find intersect 
	-> 1) Will set iter according to chooseChr and start and stop, and possibly using -sites
	-> Only read nSites: 1917272 will therefore prepare next chromosome (or exit)
	-> Done reading data from chromosome will prepare next chromosome
	-> Is in multi sfs, will now read data from chr:JASDQU010099044.1
	-> hello Im the master merge part of realSFS. and I'll now do a tripple bypass to find intersect 
	-> 1) Will set iter according to chooseChr and start and stop, and possibly using -sites
	-> Only read nSites: 1917870 will therefore prepare next chromosome (or exit)
	-> Done reading data from chromosome will prepare next chromosome
	-> Is in multi sfs, will now read data from chr:JASDQU010099052.1
	-> hello Im the master merge part of realSFS. and I'll now do a tripple bypass to find intersect 
	-> 1) Will set iter according to chooseChr and start and stop, and possibly using -sites
	-> Only read nSites: 1919100 will therefore prepare next chromosome (or exit)
	-> Done reading data from chromosome will prepare next chromosome
	-> Is in multi sfs, will now read data from chr:JASDQU010099083.1
	-> hello Im the master merge part of realSFS. and I'll now do a tripple bypass to find intersect 
	-> 1) Will set iter according to chooseChr and start and stop, and possibly using -sites
	-> Only read nSites: 1919739 will therefore prepare next chromosome (or exit)
	-> Done reading data from chromosome will prepare next chromosome
	-> Is in multi sfs, will now read data from chr:JASDQU010099196.1
	-> hello Im the master merge part of realSFS. and I'll now do a tripple bypass to find intersect 
	-> 1) Will set iter according to chooseChr and start and stop, and possibly using -sites
	-> Only read nSites: 1920863 will therefore prepare next chromosome (or exit)
	-> Done reading data from chromosome will prepare next chromosome
	-> Is in multi sfs, will now read data from chr:JASDQU010099200.1
	-> hello Im the master merge part of realSFS. and I'll now do a tripple bypass to find intersect 
	-> 1) Will set iter according to chooseChr and start and stop, and possibly using -sites
	-> Only read nSites: 1922938 will therefore prepare next chromosome (or exit)
	-> Done reading data from chromosome will prepare next chromosome
	-> Is in multi sfs, will now read data from chr:JASDQU010099236.1
	-> hello Im the master merge part of realSFS. and I'll now do a tripple bypass to find intersect 
	-> 1) Will set iter according to chooseChr and start and stop, and possibly using -sites
	-> Only read nSites: 1923547 will therefore prepare next chromosome (or exit)
	-> Done reading data from chromosome will prepare next chromosome
	-> Is in multi sfs, will now read data from chr:JASDQU010099243.1
	-> hello Im the master merge part of realSFS. and I'll now do a tripple bypass to find intersect 
	-> 1) Will set iter according to chooseChr and start and stop, and possibly using -sites
	-> Only read nSites: 1924519 will therefore prepare next chromosome (or exit)
	-> Done reading data from chromosome will prepare next chromosome
	-> Is in multi sfs, will now read data from chr:JASDQU010099247.1
	-> hello Im the master merge part of realSFS. and I'll now do a tripple bypass to find intersect 
	-> 1) Will set iter according to chooseChr and start and stop, and possibly using -sites
	-> Only read nSites: 1925240 will therefore prepare next chromosome (or exit)
	-> Done reading data from chromosome will prepare next chromosome
	-> Is in multi sfs, will now read data from chr:JASDQU010099289.1
	-> hello Im the master merge part of realSFS. and I'll now do a tripple bypass to find intersect 
	-> 1) Will set iter according to chooseChr and start and stop, and possibly using -sites
	-> Only read nSites: 1925377 will therefore prepare next chromosome (or exit)
	-> Done reading data from chromosome will prepare next chromosome
	-> Is in multi sfs, will now read data from chr:JASDQU010099365.1
	-> hello Im the master merge part of realSFS. and I'll now do a tripple bypass to find intersect 
	-> 1) Will set iter according to chooseChr and start and stop, and possibly using -sites
	-> Only read nSites: 1926029 will therefore prepare next chromosome (or exit)
	-> Done reading data from chromosome will prepare next chromosome
	-> Is in multi sfs, will now read data from chr:JASDQU010099369.1
	-> hello Im the master merge part of realSFS. and I'll now do a tripple bypass to find intersect 
	-> 1) Will set iter according to chooseChr and start and stop, and possibly using -sites
	-> Only read nSites: 1926062 will therefore prepare next chromosome (or exit)
	-> Done reading data from chromosome will prepare next chromosome
	-> Is in multi sfs, will now read data from chr:JASDQU010099398.1
	-> hello Im the master merge part of realSFS. and I'll now do a tripple bypass to find intersect 
	-> 1) Will set iter according to chooseChr and start and stop, and possibly using -sites
	-> Only read nSites: 1926935 will therefore prepare next chromosome (or exit)
	-> Done reading data from chromosome will prepare next chromosome
	-> Is in multi sfs, will now read data from chr:JASDQU010099409.1
	-> hello Im the master merge part of realSFS. and I'll now do a tripple bypass to find intersect 
	-> 1) Will set iter according to chooseChr and start and stop, and possibly using -sites
	-> Only read nSites: 1926953 will therefore prepare next chromosome (or exit)
	-> Done reading data from chromosome will prepare next chromosome
	-> Is in multi sfs, will now read data from chr:JASDQU010099429.1
	-> hello Im the master merge part of realSFS. and I'll now do a tripple bypass to find intersect 
	-> 1) Will set iter according to chooseChr and start and stop, and possibly using -sites
	-> Only read nSites: 1927716 will therefore prepare next chromosome (or exit)
	-> Done reading data from chromosome will prepare next chromosome
	-> Is in multi sfs, will now read data from chr:JASDQU010099468.1
	-> hello Im the master merge part of realSFS. and I'll now do a tripple bypass to find intersect 
	-> 1) Will set iter according to chooseChr and start and stop, and possibly using -sites
	-> Only read nSites: 1932114 will therefore prepare next chromosome (or exit)
	-> Done reading data from chromosome will prepare next chromosome
	-> Is in multi sfs, will now read data from chr:JASDQU010099471.1
	-> hello Im the master merge part of realSFS. and I'll now do a tripple bypass to find intersect 
	-> 1) Will set iter according to chooseChr and start and stop, and possibly using -sites
	-> Only read nSites: 1932734 will therefore prepare next chromosome (or exit)
	-> Done reading data from chromosome will prepare next chromosome
	-> Is in multi sfs, will now read data from chr:JASDQU010099496.1
	-> hello Im the master merge part of realSFS. and I'll now do a tripple bypass to find intersect 
	-> 1) Will set iter according to chooseChr and start and stop, and possibly using -sites
	-> Only read nSites: 1932825 will therefore prepare next chromosome (or exit)
	-> Done reading data from chromosome will prepare next chromosome
	-> Is in multi sfs, will now read data from chr:JASDQU010099509.1
	-> hello Im the master merge part of realSFS. and I'll now do a tripple bypass to find intersect 
	-> 1) Will set iter according to chooseChr and start and stop, and possibly using -sites
	-> Only read nSites: 1933591 will therefore prepare next chromosome (or exit)
	-> Done reading data from chromosome will prepare next chromosome
	-> Is in multi sfs, will now read data from chr:JASDQU010099516.1
	-> hello Im the master merge part of realSFS. and I'll now do a tripple bypass to find intersect 
	-> 1) Will set iter according to chooseChr and start and stop, and possibly using -sites
	-> Only read nSites: 1934308 will therefore prepare next chromosome (or exit)
	-> Done reading data from chromosome will prepare next chromosome
	-> Is in multi sfs, will now read data from chr:JASDQU010099561.1
	-> hello Im the master merge part of realSFS. and I'll now do a tripple bypass to find intersect 
	-> 1) Will set iter according to chooseChr and start and stop, and possibly using -sites
	-> Only read nSites: 1935643 will therefore prepare next chromosome (or exit)
	-> Done reading data from chromosome will prepare next chromosome
	-> Is in multi sfs, will now read data from chr:JASDQU010099577.1
	-> hello Im the master merge part of realSFS. and I'll now do a tripple bypass to find intersect 
	-> 1) Will set iter according to chooseChr and start and stop, and possibly using -sites
	-> Only read nSites: 1935860 will therefore prepare next chromosome (or exit)
	-> Done reading data from chromosome will prepare next chromosome
	-> Is in multi sfs, will now read data from chr:JASDQU010099620.1
	-> hello Im the master merge part of realSFS. and I'll now do a tripple bypass to find intersect 
	-> 1) Will set iter according to chooseChr and start and stop, and possibly using -sites
	-> Only read nSites: 1936704 will therefore prepare next chromosome (or exit)
	-> Done reading data from chromosome will prepare next chromosome
	-> Is in multi sfs, will now read data from chr:JASDQU010099629.1
	-> hello Im the master merge part of realSFS. and I'll now do a tripple bypass to find intersect 
	-> 1) Will set iter according to chooseChr and start and stop, and possibly using -sites
	-> Only read nSites: 1937105 will therefore prepare next chromosome (or exit)
	-> Done reading data from chromosome will prepare next chromosome
	-> Is in multi sfs, will now read data from chr:JASDQU010099703.1
	-> hello Im the master merge part of realSFS. and I'll now do a tripple bypass to find intersect 
	-> 1) Will set iter according to chooseChr and start and stop, and possibly using -sites
	-> Only read nSites: 1947378 will therefore prepare next chromosome (or exit)
	-> Done reading data from chromosome will prepare next chromosome
	-> Is in multi sfs, will now read data from chr:JASDQU010099705.1
	-> hello Im the master merge part of realSFS. and I'll now do a tripple bypass to find intersect 
	-> 1) Will set iter according to chooseChr and start and stop, and possibly using -sites
	-> Only read nSites: 1950216 will therefore prepare next chromosome (or exit)
	-> Done reading data from chromosome will prepare next chromosome
	-> Is in multi sfs, will now read data from chr:JASDQU010099706.1
	-> hello Im the master merge part of realSFS. and I'll now do a tripple bypass to find intersect 
	-> 1) Will set iter according to chooseChr and start and stop, and possibly using -sites
	-> Only read nSites: 1951595 will therefore prepare next chromosome (or exit)
	-> Done reading data from chromosome will prepare next chromosome
	-> Is in multi sfs, will now read data from chr:JASDQU010099709.1
	-> hello Im the master merge part of realSFS. and I'll now do a tripple bypass to find intersect 
	-> 1) Will set iter according to chooseChr and start and stop, and possibly using -sites
	-> Only read nSites: 1952011 will therefore prepare next chromosome (or exit)
	-> Done reading data from chromosome will prepare next chromosome
	-> Is in multi sfs, will now read data from chr:JASDQU010099711.1
	-> hello Im the master merge part of realSFS. and I'll now do a tripple bypass to find intersect 
	-> 1) Will set iter according to chooseChr and start and stop, and possibly using -sites
	-> Only read nSites: 1953455 will therefore prepare next chromosome (or exit)
	-> Done reading data from chromosome will prepare next chromosome
	-> Is in multi sfs, will now read data from chr:JASDQU010099712.1
	-> hello Im the master merge part of realSFS. and I'll now do a tripple bypass to find intersect 
	-> 1) Will set iter according to chooseChr and start and stop, and possibly using -sites
	-> Only read nSites: 1954143 will therefore prepare next chromosome (or exit)
	-> Done reading data from chromosome will prepare next chromosome
	-> Is in multi sfs, will now read data from chr:JASDQU010099713.1
	-> hello Im the master merge part of realSFS. and I'll now do a tripple bypass to find intersect 
	-> 1) Will set iter according to chooseChr and start and stop, and possibly using -sites
	-> Only read nSites: 1960005 will therefore prepare next chromosome (or exit)
	-> Done reading data from chromosome will prepare next chromosome
	-> Is in multi sfs, will now read data from chr:JASDQU010099715.1
	-> hello Im the master merge part of realSFS. and I'll now do a tripple bypass to find intersect 
	-> 1) Will set iter according to chooseChr and start and stop, and possibly using -sites
	-> Only read nSites: 1961159 will therefore prepare next chromosome (or exit)
	-> Done reading data from chromosome will prepare next chromosome
	-> Is in multi sfs, will now read data from chr:JASDQU010099716.1
	-> hello Im the master merge part of realSFS. and I'll now do a tripple bypass to find intersect 
	-> 1) Will set iter according to chooseChr and start and stop, and possibly using -sites
	-> Only read nSites: 1966024 will therefore prepare next chromosome (or exit)
	-> Done reading data from chromosome will prepare next chromosome
	-> Is in multi sfs, will now read data from chr:JASDQU010099717.1
	-> hello Im the master merge part of realSFS. and I'll now do a tripple bypass to find intersect 
	-> 1) Will set iter according to chooseChr and start and stop, and possibly using -sites
	-> Only read nSites: 1970502 will therefore prepare next chromosome (or exit)
	-> Done reading data from chromosome will prepare next chromosome
	-> Is in multi sfs, will now read data from chr:JASDQU010099720.1
	-> hello Im the master merge part of realSFS. and I'll now do a tripple bypass to find intersect 
	-> 1) Will set iter according to chooseChr and start and stop, and possibly using -sites
	-> Only read nSites: 1984650 will therefore prepare next chromosome (or exit)
	-> Done reading data from chromosome will prepare next chromosome
	-> Is in multi sfs, will now read data from chr:JASDQU010099722.1
	-> hello Im the master merge part of realSFS. and I'll now do a tripple bypass to find intersect 
	-> 1) Will set iter according to chooseChr and start and stop, and possibly using -sites
	-> Only read nSites: 1987123 will therefore prepare next chromosome (or exit)
	-> Done reading data from chromosome will prepare next chromosome
	-> Is in multi sfs, will now read data from chr:JASDQU010099723.1
	-> hello Im the master merge part of realSFS. and I'll now do a tripple bypass to find intersect 
	-> 1) Will set iter according to chooseChr and start and stop, and possibly using -sites
	-> Only read nSites: 1989093 will therefore prepare next chromosome (or exit)
	-> Done reading data from chromosome will prepare next chromosome
	-> Is in multi sfs, will now read data from chr:JASDQU010099725.1
	-> hello Im the master merge part of realSFS. and I'll now do a tripple bypass to find intersect 
	-> 1) Will set iter according to chooseChr and start and stop, and possibly using -sites
	-> Only read nSites: 1991599 will therefore prepare next chromosome (or exit)
	-> Done reading data from chromosome will prepare next chromosome
	-> Is in multi sfs, will now read data from chr:JASDQU010099726.1
	-> hello Im the master merge part of realSFS. and I'll now do a tripple bypass to find intersect 
	-> 1) Will set iter according to chooseChr and start and stop, and possibly using -sites
	-> Only read nSites: 1992229 will therefore prepare next chromosome (or exit)
	-> Done reading data from chromosome will prepare next chromosome
	-> Is in multi sfs, will now read data from chr:JASDQU010099729.1
	-> hello Im the master merge part of realSFS. and I'll now do a tripple bypass to find intersect 
	-> 1) Will set iter according to chooseChr and start and stop, and possibly using -sites
	-> Only read nSites: 1997312 will therefore prepare next chromosome (or exit)
	-> Done reading data from chromosome will prepare next chromosome
	-> Is in multi sfs, will now read data from chr:JASDQU010099730.1
	-> hello Im the master merge part of realSFS. and I'll now do a tripple bypass to find intersect 
	-> 1) Will set iter according to chooseChr and start and stop, and possibly using -sites
	-> Only read nSites: 1999071 will therefore prepare next chromosome (or exit)
	-> Done reading data from chromosome will prepare next chromosome
	-> Is in multi sfs, will now read data from chr:JASDQU010099734.1
	-> hello Im the master merge part of realSFS. and I'll now do a tripple bypass to find intersect 
	-> 1) Will set iter according to chooseChr and start and stop, and possibly using -sites
	-> Only read nSites: 2000756 will therefore prepare next chromosome (or exit)
	-> Done reading data from chromosome will prepare next chromosome
	-> Is in multi sfs, will now read data from chr:JASDQU010099735.1
	-> hello Im the master merge part of realSFS. and I'll now do a tripple bypass to find intersect 
	-> 1) Will set iter according to chooseChr and start and stop, and possibly using -sites
	-> Only read nSites: 2002883 will therefore prepare next chromosome (or exit)
	-> Done reading data from chromosome will prepare next chromosome
	-> Is in multi sfs, will now read data from chr:JASDQU010099737.1
	-> hello Im the master merge part of realSFS. and I'll now do a tripple bypass to find intersect 
	-> 1) Will set iter according to chooseChr and start and stop, and possibly using -sites
	-> Only read nSites: 2007537 will therefore prepare next chromosome (or exit)
	-> Done reading data from chromosome will prepare next chromosome
	-> Is in multi sfs, will now read data from chr:JASDQU010099741.1
	-> hello Im the master merge part of realSFS. and I'll now do a tripple bypass to find intersect 
	-> 1) Will set iter according to chooseChr and start and stop, and possibly using -sites
	-> Only read nSites: 2010662 will therefore prepare next chromosome (or exit)
	-> Done reading data from chromosome will prepare next chromosome
	-> Is in multi sfs, will now read data from chr:JASDQU010099742.1
	-> hello Im the master merge part of realSFS. and I'll now do a tripple bypass to find intersect 
	-> 1) Will set iter according to chooseChr and start and stop, and possibly using -sites
	-> Only read nSites: 2011486 will therefore prepare next chromosome (or exit)
	-> Done reading data from chromosome will prepare next chromosome
	-> Is in multi sfs, will now read data from chr:JASDQU010099744.1
	-> hello Im the master merge part of realSFS. and I'll now do a tripple bypass to find intersect 
	-> 1) Will set iter according to chooseChr and start and stop, and possibly using -sites
	-> Only read nSites: 2012644 will therefore prepare next chromosome (or exit)
	-> Done reading data from chromosome will prepare next chromosome
	-> Is in multi sfs, will now read data from chr:JASDQU010099745.1
	-> hello Im the master merge part of realSFS. and I'll now do a tripple bypass to find intersect 
	-> 1) Will set iter according to chooseChr and start and stop, and possibly using -sites
	-> Only read nSites: 2019944 will therefore prepare next chromosome (or exit)
	-> Done reading data from chromosome will prepare next chromosome
	-> Is in multi sfs, will now read data from chr:JASDQU010099747.1
	-> hello Im the master merge part of realSFS. and I'll now do a tripple bypass to find intersect 
	-> 1) Will set iter according to chooseChr and start and stop, and possibly using -sites
	-> Only read nSites: 2021251 will therefore prepare next chromosome (or exit)
	-> Done reading data from chromosome will prepare next chromosome
	-> Is in multi sfs, will now read data from chr:JASDQU010099748.1
	-> hello Im the master merge part of realSFS. and I'll now do a tripple bypass to find intersect 
	-> 1) Will set iter according to chooseChr and start and stop, and possibly using -sites
	-> Only read nSites: 2022971 will therefore prepare next chromosome (or exit)
	-> Done reading data from chromosome will prepare next chromosome
	-> Is in multi sfs, will now read data from chr:JASDQU010099750.1
	-> hello Im the master merge part of realSFS. and I'll now do a tripple bypass to find intersect 
	-> 1) Will set iter according to chooseChr and start and stop, and possibly using -sites
	-> Only read nSites: 2027874 will therefore prepare next chromosome (or exit)
	-> Done reading data from chromosome will prepare next chromosome
	-> Is in multi sfs, will now read data from chr:JASDQU010099752.1
	-> hello Im the master merge part of realSFS. and I'll now do a tripple bypass to find intersect 
	-> 1) Will set iter according to chooseChr and start and stop, and possibly using -sites
	-> Only read nSites: 2031061 will therefore prepare next chromosome (or exit)
	-> Done reading data from chromosome will prepare next chromosome
	-> Is in multi sfs, will now read data from chr:JASDQU010099753.1
	-> hello Im the master merge part of realSFS. and I'll now do a tripple bypass to find intersect 
	-> 1) Will set iter according to chooseChr and start and stop, and possibly using -sites
	-> Only read nSites: 2034376 will therefore prepare next chromosome (or exit)
	-> Done reading data from chromosome will prepare next chromosome
	-> Is in multi sfs, will now read data from chr:JASDQU010099754.1
	-> hello Im the master merge part of realSFS. and I'll now do a tripple bypass to find intersect 
	-> 1) Will set iter according to chooseChr and start and stop, and possibly using -sites
	-> Only read nSites: 2034496 will therefore prepare next chromosome (or exit)
	-> Done reading data from chromosome will prepare next chromosome
	-> Is in multi sfs, will now read data from chr:JASDQU010099755.1
	-> hello Im the master merge part of realSFS. and I'll now do a tripple bypass to find intersect 
	-> 1) Will set iter according to chooseChr and start and stop, and possibly using -sites
	-> Only read nSites: 2036407 will therefore prepare next chromosome (or exit)
	-> Done reading data from chromosome will prepare next chromosome
	-> Is in multi sfs, will now read data from chr:JASDQU010099757.1
	-> hello Im the master merge part of realSFS. and I'll now do a tripple bypass to find intersect 
	-> 1) Will set iter according to chooseChr and start and stop, and possibly using -sites
	-> Only read nSites: 2037278 will therefore prepare next chromosome (or exit)
	-> Done reading data from chromosome will prepare next chromosome
	-> Is in multi sfs, will now read data from chr:JASDQU010099758.1
	-> hello Im the master merge part of realSFS. and I'll now do a tripple bypass to find intersect 
	-> 1) Will set iter according to chooseChr and start and stop, and possibly using -sites
	-> Only read nSites: 2037847 will therefore prepare next chromosome (or exit)
	-> Done reading data from chromosome will prepare next chromosome
	-> Is in multi sfs, will now read data from chr:JASDQU010099759.1
	-> hello Im the master merge part of realSFS. and I'll now do a tripple bypass to find intersect 
	-> 1) Will set iter according to chooseChr and start and stop, and possibly using -sites
	-> Only read nSites: 2039731 will therefore prepare next chromosome (or exit)
	-> Done reading data from chromosome will prepare next chromosome
	-> Is in multi sfs, will now read data from chr:JASDQU010099761.1
	-> hello Im the master merge part of realSFS. and I'll now do a tripple bypass to find intersect 
	-> 1) Will set iter according to chooseChr and start and stop, and possibly using -sites
	-> Only read nSites: 2042002 will therefore prepare next chromosome (or exit)
	-> Done reading data from chromosome will prepare next chromosome
	-> Is in multi sfs, will now read data from chr:JASDQU010099762.1
	-> hello Im the master merge part of realSFS. and I'll now do a tripple bypass to find intersect 
	-> 1) Will set iter according to chooseChr and start and stop, and possibly using -sites
	-> Only read nSites: 2042371 will therefore prepare next chromosome (or exit)
	-> Done reading data from chromosome will prepare next chromosome
	-> Is in multi sfs, will now read data from chr:JASDQU010099763.1
	-> hello Im the master merge part of realSFS. and I'll now do a tripple bypass to find intersect 
	-> 1) Will set iter according to chooseChr and start and stop, and possibly using -sites
	-> Only read nSites: 2043639 will therefore prepare next chromosome (or exit)
	-> Done reading data from chromosome will prepare next chromosome
	-> Is in multi sfs, will now read data from chr:JASDQU010099764.1
	-> hello Im the master merge part of realSFS. and I'll now do a tripple bypass to find intersect 
	-> 1) Will set iter according to chooseChr and start and stop, and possibly using -sites
	-> Only read nSites: 2044019 will therefore prepare next chromosome (or exit)
	-> Done reading data from chromosome will prepare next chromosome
	-> Is in multi sfs, will now read data from chr:JASDQU010099769.1
	-> hello Im the master merge part of realSFS. and I'll now do a tripple bypass to find intersect 
	-> 1) Will set iter according to chooseChr and start and stop, and possibly using -sites
	-> Only read nSites: 2047030 will therefore prepare next chromosome (or exit)
	-> Done reading data from chromosome will prepare next chromosome
	-> Is in multi sfs, will now read data from chr:JASDQU010099770.1
	-> hello Im the master merge part of realSFS. and I'll now do a tripple bypass to find intersect 
	-> 1) Will set iter according to chooseChr and start and stop, and possibly using -sites
	-> Only read nSites: 2049119 will therefore prepare next chromosome (or exit)
	-> Done reading data from chromosome will prepare next chromosome
	-> Is in multi sfs, will now read data from chr:JASDQU010099771.1
	-> hello Im the master merge part of realSFS. and I'll now do a tripple bypass to find intersect 
	-> 1) Will set iter according to chooseChr and start and stop, and possibly using -sites
	-> Only read nSites: 2050253 will therefore prepare next chromosome (or exit)
	-> Done reading data from chromosome will prepare next chromosome
	-> Is in multi sfs, will now read data from chr:JASDQU010099773.1
	-> hello Im the master merge part of realSFS. and I'll now do a tripple bypass to find intersect 
	-> 1) Will set iter according to chooseChr and start and stop, and possibly using -sites
	-> Only read nSites: 2051224 will therefore prepare next chromosome (or exit)
	-> Done reading data from chromosome will prepare next chromosome
	-> Is in multi sfs, will now read data from chr:JASDQU010099774.1
	-> hello Im the master merge part of realSFS. and I'll now do a tripple bypass to find intersect 
	-> 1) Will set iter according to chooseChr and start and stop, and possibly using -sites
	-> Only read nSites: 2051893 will therefore prepare next chromosome (or exit)
	-> Done reading data from chromosome will prepare next chromosome
	-> Is in multi sfs, will now read data from chr:JASDQU010099775.1
	-> hello Im the master merge part of realSFS. and I'll now do a tripple bypass to find intersect 
	-> 1) Will set iter according to chooseChr and start and stop, and possibly using -sites
	-> Only read nSites: 2054280 will therefore prepare next chromosome (or exit)
	-> Done reading data from chromosome will prepare next chromosome
	-> Is in multi sfs, will now read data from chr:JASDQU010099776.1
	-> hello Im the master merge part of realSFS. and I'll now do a tripple bypass to find intersect 
	-> 1) Will set iter according to chooseChr and start and stop, and possibly using -sites
	-> Only read nSites: 2065569 will therefore prepare next chromosome (or exit)
	-> Done reading data from chromosome will prepare next chromosome
	-> Is in multi sfs, will now read data from chr:JASDQU010099777.1
	-> hello Im the master merge part of realSFS. and I'll now do a tripple bypass to find intersect 
	-> 1) Will set iter according to chooseChr and start and stop, and possibly using -sites
	-> Only read nSites: 2070654 will therefore prepare next chromosome (or exit)
	-> Done reading data from chromosome will prepare next chromosome
	-> Is in multi sfs, will now read data from chr:JASDQU010099780.1
	-> hello Im the master merge part of realSFS. and I'll now do a tripple bypass to find intersect 
	-> 1) Will set iter according to chooseChr and start and stop, and possibly using -sites
	-> Only read nSites: 2072145 will therefore prepare next chromosome (or exit)
	-> Done reading data from chromosome will prepare next chromosome
	-> Is in multi sfs, will now read data from chr:JASDQU010099783.1
	-> hello Im the master merge part of realSFS. and I'll now do a tripple bypass to find intersect 
	-> 1) Will set iter according to chooseChr and start and stop, and possibly using -sites
	-> Only read nSites: 2072542 will therefore prepare next chromosome (or exit)
	-> Done reading data from chromosome will prepare next chromosome
	-> Is in multi sfs, will now read data from chr:JASDQU010099786.1
	-> hello Im the master merge part of realSFS. and I'll now do a tripple bypass to find intersect 
	-> 1) Will set iter according to chooseChr and start and stop, and possibly using -sites
	-> Only read nSites: 2072837 will therefore prepare next chromosome (or exit)
	-> Done reading data from chromosome will prepare next chromosome
	-> Is in multi sfs, will now read data from chr:JASDQU010099791.1
	-> hello Im the master merge part of realSFS. and I'll now do a tripple bypass to find intersect 
	-> 1) Will set iter according to chooseChr and start and stop, and possibly using -sites
	-> Only read nSites: 2076973 will therefore prepare next chromosome (or exit)
	-> Done reading data from chromosome will prepare next chromosome
	-> Is in multi sfs, will now read data from chr:JASDQU010099793.1
	-> hello Im the master merge part of realSFS. and I'll now do a tripple bypass to find intersect 
	-> 1) Will set iter according to chooseChr and start and stop, and possibly using -sites
	-> Only read nSites: 2078519 will therefore prepare next chromosome (or exit)
	-> Done reading data from chromosome will prepare next chromosome
	-> Is in multi sfs, will now read data from chr:JASDQU010099795.1
	-> hello Im the master merge part of realSFS. and I'll now do a tripple bypass to find intersect 
	-> 1) Will set iter according to chooseChr and start and stop, and possibly using -sites
	-> Only read nSites: 2085020 will therefore prepare next chromosome (or exit)
	-> Done reading data from chromosome will prepare next chromosome
	-> Is in multi sfs, will now read data from chr:JASDQU010099796.1
	-> hello Im the master merge part of realSFS. and I'll now do a tripple bypass to find intersect 
	-> 1) Will set iter according to chooseChr and start and stop, and possibly using -sites
	-> Only read nSites: 2091870 will therefore prepare next chromosome (or exit)
	-> Done reading data from chromosome will prepare next chromosome
	-> Is in multi sfs, will now read data from chr:JASDQU010099797.1
	-> hello Im the master merge part of realSFS. and I'll now do a tripple bypass to find intersect 
	-> 1) Will set iter according to chooseChr and start and stop, and possibly using -sites
	-> Only read nSites: 2094476 will therefore prepare next chromosome (or exit)
	-> Done reading data from chromosome will prepare next chromosome
	-> Is in multi sfs, will now read data from chr:JASDQU010099799.1
	-> hello Im the master merge part of realSFS. and I'll now do a tripple bypass to find intersect 
	-> 1) Will set iter according to chooseChr and start and stop, and possibly using -sites
	-> Only read nSites: 2098637 will therefore prepare next chromosome (or exit)
	-> Done reading data from chromosome will prepare next chromosome
	-> Is in multi sfs, will now read data from chr:JASDQU010099800.1
	-> hello Im the master merge part of realSFS. and I'll now do a tripple bypass to find intersect 
	-> 1) Will set iter according to chooseChr and start and stop, and possibly using -sites
	-> Only read nSites: 2101883 will therefore prepare next chromosome (or exit)
	-> Done reading data from chromosome will prepare next chromosome
	-> Is in multi sfs, will now read data from chr:JASDQU010099802.1
	-> hello Im the master merge part of realSFS. and I'll now do a tripple bypass to find intersect 
	-> 1) Will set iter according to chooseChr and start and stop, and possibly using -sites
	-> Only read nSites: 2104346 will therefore prepare next chromosome (or exit)
	-> Done reading data from chromosome will prepare next chromosome
	-> Is in multi sfs, will now read data from chr:JASDQU010099806.1
	-> hello Im the master merge part of realSFS. and I'll now do a tripple bypass to find intersect 
	-> 1) Will set iter according to chooseChr and start and stop, and possibly using -sites
	-> Only read nSites: 2104575 will therefore prepare next chromosome (or exit)
	-> Done reading data from chromosome will prepare next chromosome
	-> Is in multi sfs, will now read data from chr:JASDQU010099807.1
	-> hello Im the master merge part of realSFS. and I'll now do a tripple bypass to find intersect 
	-> 1) Will set iter according to chooseChr and start and stop, and possibly using -sites
	-> Only read nSites: 2104602 will therefore prepare next chromosome (or exit)
	-> Done reading data from chromosome will prepare next chromosome
	-> Is in multi sfs, will now read data from chr:JASDQU010099808.1
	-> hello Im the master merge part of realSFS. and I'll now do a tripple bypass to find intersect 
	-> 1) Will set iter according to chooseChr and start and stop, and possibly using -sites
	-> Only read nSites: 2105190 will therefore prepare next chromosome (or exit)
	-> Done reading data from chromosome will prepare next chromosome
	-> Is in multi sfs, will now read data from chr:JASDQU010099810.1
	-> hello Im the master merge part of realSFS. and I'll now do a tripple bypass to find intersect 
	-> 1) Will set iter according to chooseChr and start and stop, and possibly using -sites
	-> Only read nSites: 2107125 will therefore prepare next chromosome (or exit)
	-> Done reading data from chromosome will prepare next chromosome
	-> Is in multi sfs, will now read data from chr:JASDQU010099812.1
	-> hello Im the master merge part of realSFS. and I'll now do a tripple bypass to find intersect 
	-> 1) Will set iter according to chooseChr and start and stop, and possibly using -sites
	-> Only read nSites: 2107610 will therefore prepare next chromosome (or exit)
	-> Done reading data from chromosome will prepare next chromosome
	-> Is in multi sfs, will now read data from chr:JASDQU010099814.1
	-> hello Im the master merge part of realSFS. and I'll now do a tripple bypass to find intersect 
	-> 1) Will set iter according to chooseChr and start and stop, and possibly using -sites
	-> Only read nSites: 2108164 will therefore prepare next chromosome (or exit)
	-> Done reading data from chromosome will prepare next chromosome
	-> Is in multi sfs, will now read data from chr:JASDQU010099816.1
	-> hello Im the master merge part of realSFS. and I'll now do a tripple bypass to find intersect 
	-> 1) Will set iter according to chooseChr and start and stop, and possibly using -sites
	-> Only read nSites: 2109234 will therefore prepare next chromosome (or exit)
	-> Done reading data from chromosome will prepare next chromosome
	-> Is in multi sfs, will now read data from chr:JASDQU010099817.1
	-> hello Im the master merge part of realSFS. and I'll now do a tripple bypass to find intersect 
	-> 1) Will set iter according to chooseChr and start and stop, and possibly using -sites
	-> Only read nSites: 2110183 will therefore prepare next chromosome (or exit)
	-> Done reading data from chromosome will prepare next chromosome
	-> Is in multi sfs, will now read data from chr:JASDQU010099818.1
	-> hello Im the master merge part of realSFS. and I'll now do a tripple bypass to find intersect 
	-> 1) Will set iter according to chooseChr and start and stop, and possibly using -sites
	-> Only read nSites: 2113773 will therefore prepare next chromosome (or exit)
	-> Done reading data from chromosome will prepare next chromosome
	-> Is in multi sfs, will now read data from chr:JASDQU010099819.1
	-> hello Im the master merge part of realSFS. and I'll now do a tripple bypass to find intersect 
	-> 1) Will set iter according to chooseChr and start and stop, and possibly using -sites
	-> Only read nSites: 2116265 will therefore prepare next chromosome (or exit)
	-> Done reading data from chromosome will prepare next chromosome
	-> Is in multi sfs, will now read data from chr:JASDQU010099825.1
	-> hello Im the master merge part of realSFS. and I'll now do a tripple bypass to find intersect 
	-> 1) Will set iter according to chooseChr and start and stop, and possibly using -sites
	-> Only read nSites: 2116291 will therefore prepare next chromosome (or exit)
	-> Done reading data from chromosome will prepare next chromosome
	-> Is in multi sfs, will now read data from chr:JASDQU010099827.1
	-> hello Im the master merge part of realSFS. and I'll now do a tripple bypass to find intersect 
	-> 1) Will set iter according to chooseChr and start and stop, and possibly using -sites
	-> Only read nSites: 2121632 will therefore prepare next chromosome (or exit)
	-> Done reading data from chromosome will prepare next chromosome
	-> Is in multi sfs, will now read data from chr:JASDQU010099828.1
	-> hello Im the master merge part of realSFS. and I'll now do a tripple bypass to find intersect 
	-> 1) Will set iter according to chooseChr and start and stop, and possibly using -sites
	-> Only read nSites: 2127093 will therefore prepare next chromosome (or exit)
	-> Done reading data from chromosome will prepare next chromosome
	-> Is in multi sfs, will now read data from chr:JASDQU010099831.1
	-> hello Im the master merge part of realSFS. and I'll now do a tripple bypass to find intersect 
	-> 1) Will set iter according to chooseChr and start and stop, and possibly using -sites
	-> Only read nSites: 2128149 will therefore prepare next chromosome (or exit)
	-> Done reading data from chromosome will prepare next chromosome
	-> Is in multi sfs, will now read data from chr:JASDQU010099834.1
	-> hello Im the master merge part of realSFS. and I'll now do a tripple bypass to find intersect 
	-> 1) Will set iter according to chooseChr and start and stop, and possibly using -sites
	-> Only read nSites: 2128708 will therefore prepare next chromosome (or exit)
	-> Done reading data from chromosome will prepare next chromosome
	-> Is in multi sfs, will now read data from chr:JASDQU010099835.1
	-> hello Im the master merge part of realSFS. and I'll now do a tripple bypass to find intersect 
	-> 1) Will set iter according to chooseChr and start and stop, and possibly using -sites
	-> Only read nSites: 2130239 will therefore prepare next chromosome (or exit)
	-> Done reading data from chromosome will prepare next chromosome
	-> Is in multi sfs, will now read data from chr:JASDQU010099841.1
	-> hello Im the master merge part of realSFS. and I'll now do a tripple bypass to find intersect 
	-> 1) Will set iter according to chooseChr and start and stop, and possibly using -sites
	-> Only read nSites: 2131885 will therefore prepare next chromosome (or exit)
	-> Done reading data from chromosome will prepare next chromosome
	-> Is in multi sfs, will now read data from chr:JASDQU010099843.1
	-> hello Im the master merge part of realSFS. and I'll now do a tripple bypass to find intersect 
	-> 1) Will set iter according to chooseChr and start and stop, and possibly using -sites
	-> Only read nSites: 2134371 will therefore prepare next chromosome (or exit)
	-> Done reading data from chromosome will prepare next chromosome
	-> Is in multi sfs, will now read data from chr:JASDQU010099844.1
	-> hello Im the master merge part of realSFS. and I'll now do a tripple bypass to find intersect 
	-> 1) Will set iter according to chooseChr and start and stop, and possibly using -sites
	-> Only read nSites: 2141222 will therefore prepare next chromosome (or exit)
	-> Done reading data from chromosome will prepare next chromosome
	-> Is in multi sfs, will now read data from chr:JASDQU010099846.1
	-> hello Im the master merge part of realSFS. and I'll now do a tripple bypass to find intersect 
	-> 1) Will set iter according to chooseChr and start and stop, and possibly using -sites
	-> Only read nSites: 2144397 will therefore prepare next chromosome (or exit)
	-> Done reading data from chromosome will prepare next chromosome
	-> Is in multi sfs, will now read data from chr:JASDQU010099847.1
	-> hello Im the master merge part of realSFS. and I'll now do a tripple bypass to find intersect 
	-> 1) Will set iter according to chooseChr and start and stop, and possibly using -sites
	-> Only read nSites: 2145057 will therefore prepare next chromosome (or exit)
	-> Done reading data from chromosome will prepare next chromosome
	-> Is in multi sfs, will now read data from chr:JASDQU010099848.1
	-> hello Im the master merge part of realSFS. and I'll now do a tripple bypass to find intersect 
	-> 1) Will set iter according to chooseChr and start and stop, and possibly using -sites
	-> Only read nSites: 2148837 will therefore prepare next chromosome (or exit)
	-> Done reading data from chromosome will prepare next chromosome
	-> Is in multi sfs, will now read data from chr:JASDQU010099849.1
	-> hello Im the master merge part of realSFS. and I'll now do a tripple bypass to find intersect 
	-> 1) Will set iter according to chooseChr and start and stop, and possibly using -sites
	-> Only read nSites: 2151167 will therefore prepare next chromosome (or exit)
	-> Done reading data from chromosome will prepare next chromosome
	-> Is in multi sfs, will now read data from chr:JASDQU010099851.1
	-> hello Im the master merge part of realSFS. and I'll now do a tripple bypass to find intersect 
	-> 1) Will set iter according to chooseChr and start and stop, and possibly using -sites
	-> Only read nSites: 2153347 will therefore prepare next chromosome (or exit)
	-> Done reading data from chromosome will prepare next chromosome
	-> Is in multi sfs, will now read data from chr:JASDQU010099852.1
	-> hello Im the master merge part of realSFS. and I'll now do a tripple bypass to find intersect 
	-> 1) Will set iter according to chooseChr and start and stop, and possibly using -sites
	-> Only read nSites: 2166555 will therefore prepare next chromosome (or exit)
	-> Done reading data from chromosome will prepare next chromosome
	-> Is in multi sfs, will now read data from chr:JASDQU010099853.1
	-> hello Im the master merge part of realSFS. and I'll now do a tripple bypass to find intersect 
	-> 1) Will set iter according to chooseChr and start and stop, and possibly using -sites
	-> Only read nSites: 2167112 will therefore prepare next chromosome (or exit)
	-> Done reading data from chromosome will prepare next chromosome
	-> Is in multi sfs, will now read data from chr:JASDQU010099854.1
	-> hello Im the master merge part of realSFS. and I'll now do a tripple bypass to find intersect 
	-> 1) Will set iter according to chooseChr and start and stop, and possibly using -sites
	-> Only read nSites: 2168076 will therefore prepare next chromosome (or exit)
	-> Done reading data from chromosome will prepare next chromosome
	-> Is in multi sfs, will now read data from chr:JASDQU010099855.1
	-> hello Im the master merge part of realSFS. and I'll now do a tripple bypass to find intersect 
	-> 1) Will set iter according to chooseChr and start and stop, and possibly using -sites
	-> Only read nSites: 2168155 will therefore prepare next chromosome (or exit)
	-> Done reading data from chromosome will prepare next chromosome
	-> Is in multi sfs, will now read data from chr:JASDQU010099857.1
	-> hello Im the master merge part of realSFS. and I'll now do a tripple bypass to find intersect 
	-> 1) Will set iter according to chooseChr and start and stop, and possibly using -sites
	-> Only read nSites: 2169384 will therefore prepare next chromosome (or exit)
	-> Done reading data from chromosome will prepare next chromosome
	-> Is in multi sfs, will now read data from chr:JASDQU010099858.1
	-> hello Im the master merge part of realSFS. and I'll now do a tripple bypass to find intersect 
	-> 1) Will set iter according to chooseChr and start and stop, and possibly using -sites
	-> Only read nSites: 2170228 will therefore prepare next chromosome (or exit)
	-> Done reading data from chromosome will prepare next chromosome
	-> Is in multi sfs, will now read data from chr:JASDQU010099863.1
	-> hello Im the master merge part of realSFS. and I'll now do a tripple bypass to find intersect 
	-> 1) Will set iter according to chooseChr and start and stop, and possibly using -sites
	-> Only read nSites: 2175681 will therefore prepare next chromosome (or exit)
	-> Done reading data from chromosome will prepare next chromosome
	-> Is in multi sfs, will now read data from chr:JASDQU010099864.1
	-> hello Im the master merge part of realSFS. and I'll now do a tripple bypass to find intersect 
	-> 1) Will set iter according to chooseChr and start and stop, and possibly using -sites
	-> Only read nSites: 2181141 will therefore prepare next chromosome (or exit)
	-> Done reading data from chromosome will prepare next chromosome
	-> Is in multi sfs, will now read data from chr:JASDQU010099866.1
	-> hello Im the master merge part of realSFS. and I'll now do a tripple bypass to find intersect 
	-> 1) Will set iter according to chooseChr and start and stop, and possibly using -sites
	-> Only read nSites: 2181285 will therefore prepare next chromosome (or exit)
	-> Done reading data from chromosome will prepare next chromosome
	-> Is in multi sfs, will now read data from chr:JASDQU010099867.1
	-> hello Im the master merge part of realSFS. and I'll now do a tripple bypass to find intersect 
	-> 1) Will set iter according to chooseChr and start and stop, and possibly using -sites
	-> Only read nSites: 2182319 will therefore prepare next chromosome (or exit)
	-> Done reading data from chromosome will prepare next chromosome
	-> Is in multi sfs, will now read data from chr:JASDQU010099868.1
	-> hello Im the master merge part of realSFS. and I'll now do a tripple bypass to find intersect 
	-> 1) Will set iter according to chooseChr and start and stop, and possibly using -sites
	-> Only read nSites: 2189912 will therefore prepare next chromosome (or exit)
	-> Done reading data from chromosome will prepare next chromosome
	-> Is in multi sfs, will now read data from chr:JASDQU010099869.1
	-> hello Im the master merge part of realSFS. and I'll now do a tripple bypass to find intersect 
	-> 1) Will set iter according to chooseChr and start and stop, and possibly using -sites
	-> Only read nSites: 2190493 will therefore prepare next chromosome (or exit)
	-> Done reading data from chromosome will prepare next chromosome
	-> Is in multi sfs, will now read data from chr:JASDQU010099871.1
	-> hello Im the master merge part of realSFS. and I'll now do a tripple bypass to find intersect 
	-> 1) Will set iter according to chooseChr and start and stop, and possibly using -sites
	-> Only read nSites: 2193084 will therefore prepare next chromosome (or exit)
	-> Done reading data from chromosome will prepare next chromosome
	-> Is in multi sfs, will now read data from chr:JASDQU010099872.1
	-> hello Im the master merge part of realSFS. and I'll now do a tripple bypass to find intersect 
	-> 1) Will set iter according to chooseChr and start and stop, and possibly using -sites
	-> Only read nSites: 2201549 will therefore prepare next chromosome (or exit)
	-> Done reading data from chromosome will prepare next chromosome
	-> Is in multi sfs, will now read data from chr:JASDQU010099873.1
	-> hello Im the master merge part of realSFS. and I'll now do a tripple bypass to find intersect 
	-> 1) Will set iter according to chooseChr and start and stop, and possibly using -sites
	-> Only read nSites: 2202214 will therefore prepare next chromosome (or exit)
	-> Done reading data from chromosome will prepare next chromosome
	-> Is in multi sfs, will now read data from chr:JASDQU010099874.1
	-> hello Im the master merge part of realSFS. and I'll now do a tripple bypass to find intersect 
	-> 1) Will set iter according to chooseChr and start and stop, and possibly using -sites
	-> Only read nSites: 2208305 will therefore prepare next chromosome (or exit)
	-> Done reading data from chromosome will prepare next chromosome
	-> Is in multi sfs, will now read data from chr:JASDQU010099875.1
	-> hello Im the master merge part of realSFS. and I'll now do a tripple bypass to find intersect 
	-> 1) Will set iter according to chooseChr and start and stop, and possibly using -sites
	-> Only read nSites: 2210563 will therefore prepare next chromosome (or exit)
	-> Done reading data from chromosome will prepare next chromosome
	-> Is in multi sfs, will now read data from chr:JASDQU010099876.1
	-> hello Im the master merge part of realSFS. and I'll now do a tripple bypass to find intersect 
	-> 1) Will set iter according to chooseChr and start and stop, and possibly using -sites
	-> Only read nSites: 2212613 will therefore prepare next chromosome (or exit)
	-> Done reading data from chromosome will prepare next chromosome
	-> Is in multi sfs, will now read data from chr:JASDQU010099877.1
	-> hello Im the master merge part of realSFS. and I'll now do a tripple bypass to find intersect 
	-> 1) Will set iter according to chooseChr and start and stop, and possibly using -sites
	-> Only read nSites: 2213176 will therefore prepare next chromosome (or exit)
	-> Done reading data from chromosome will prepare next chromosome
	-> Is in multi sfs, will now read data from chr:JASDQU010099878.1
	-> hello Im the master merge part of realSFS. and I'll now do a tripple bypass to find intersect 
	-> 1) Will set iter according to chooseChr and start and stop, and possibly using -sites
	-> Only read nSites: 2215303 will therefore prepare next chromosome (or exit)
	-> Done reading data from chromosome will prepare next chromosome
	-> Is in multi sfs, will now read data from chr:JASDQU010099880.1
	-> hello Im the master merge part of realSFS. and I'll now do a tripple bypass to find intersect 
	-> 1) Will set iter according to chooseChr and start and stop, and possibly using -sites
	-> Only read nSites: 2216420 will therefore prepare next chromosome (or exit)
	-> Done reading data from chromosome will prepare next chromosome
	-> Is in multi sfs, will now read data from chr:JASDQU010099882.1
	-> hello Im the master merge part of realSFS. and I'll now do a tripple bypass to find intersect 
	-> 1) Will set iter according to chooseChr and start and stop, and possibly using -sites
	-> Only read nSites: 2217163 will therefore prepare next chromosome (or exit)
	-> Done reading data from chromosome will prepare next chromosome
	-> Is in multi sfs, will now read data from chr:JASDQU010099888.1
	-> hello Im the master merge part of realSFS. and I'll now do a tripple bypass to find intersect 
	-> 1) Will set iter according to chooseChr and start and stop, and possibly using -sites
	-> Only read nSites: 2217595 will therefore prepare next chromosome (or exit)
	-> Done reading data from chromosome will prepare next chromosome
	-> Is in multi sfs, will now read data from chr:JASDQU010099890.1
	-> hello Im the master merge part of realSFS. and I'll now do a tripple bypass to find intersect 
	-> 1) Will set iter according to chooseChr and start and stop, and possibly using -sites
	-> Only read nSites: 2219871 will therefore prepare next chromosome (or exit)
	-> Done reading data from chromosome will prepare next chromosome
	-> Is in multi sfs, will now read data from chr:JASDQU010099891.1
	-> hello Im the master merge part of realSFS. and I'll now do a tripple bypass to find intersect 
	-> 1) Will set iter according to chooseChr and start and stop, and possibly using -sites
	-> Only read nSites: 2222966 will therefore prepare next chromosome (or exit)
	-> Done reading data from chromosome will prepare next chromosome
	-> Is in multi sfs, will now read data from chr:JASDQU010099893.1
	-> hello Im the master merge part of realSFS. and I'll now do a tripple bypass to find intersect 
	-> 1) Will set iter according to chooseChr and start and stop, and possibly using -sites
	-> Only read nSites: 2231294 will therefore prepare next chromosome (or exit)
	-> Done reading data from chromosome will prepare next chromosome
	-> Is in multi sfs, will now read data from chr:JASDQU010099894.1
	-> hello Im the master merge part of realSFS. and I'll now do a tripple bypass to find intersect 
	-> 1) Will set iter according to chooseChr and start and stop, and possibly using -sites
	-> Only read nSites: 2231876 will therefore prepare next chromosome (or exit)
	-> Done reading data from chromosome will prepare next chromosome
	-> Is in multi sfs, will now read data from chr:JASDQU010099895.1
	-> hello Im the master merge part of realSFS. and I'll now do a tripple bypass to find intersect 
	-> 1) Will set iter according to chooseChr and start and stop, and possibly using -sites
	-> Only read nSites: 2232571 will therefore prepare next chromosome (or exit)
	-> Done reading data from chromosome will prepare next chromosome
	-> Is in multi sfs, will now read data from chr:JASDQU010099897.1
	-> hello Im the master merge part of realSFS. and I'll now do a tripple bypass to find intersect 
	-> 1) Will set iter according to chooseChr and start and stop, and possibly using -sites
	-> Only read nSites: 2236697 will therefore prepare next chromosome (or exit)
	-> Done reading data from chromosome will prepare next chromosome
	-> Is in multi sfs, will now read data from chr:JASDQU010099899.1
	-> hello Im the master merge part of realSFS. and I'll now do a tripple bypass to find intersect 
	-> 1) Will set iter according to chooseChr and start and stop, and possibly using -sites
	-> Only read nSites: 2236879 will therefore prepare next chromosome (or exit)
	-> Done reading data from chromosome will prepare next chromosome
	-> Is in multi sfs, will now read data from chr:JASDQU010099902.1
	-> hello Im the master merge part of realSFS. and I'll now do a tripple bypass to find intersect 
	-> 1) Will set iter according to chooseChr and start and stop, and possibly using -sites
	-> Only read nSites: 2237123 will therefore prepare next chromosome (or exit)
	-> Done reading data from chromosome will prepare next chromosome
	-> Is in multi sfs, will now read data from chr:JASDQU010099903.1
	-> hello Im the master merge part of realSFS. and I'll now do a tripple bypass to find intersect 
	-> 1) Will set iter according to chooseChr and start and stop, and possibly using -sites
	-> Only read nSites: 2241120 will therefore prepare next chromosome (or exit)
	-> Done reading data from chromosome will prepare next chromosome
	-> Is in multi sfs, will now read data from chr:JASDQU010099906.1
	-> hello Im the master merge part of realSFS. and I'll now do a tripple bypass to find intersect 
	-> 1) Will set iter according to chooseChr and start and stop, and possibly using -sites
	-> Only read nSites: 2241638 will therefore prepare next chromosome (or exit)
	-> Done reading data from chromosome will prepare next chromosome
	-> Is in multi sfs, will now read data from chr:JASDQU010099908.1
	-> hello Im the master merge part of realSFS. and I'll now do a tripple bypass to find intersect 
	-> 1) Will set iter according to chooseChr and start and stop, and possibly using -sites
	-> Only read nSites: 2243569 will therefore prepare next chromosome (or exit)
	-> Done reading data from chromosome will prepare next chromosome
	-> Is in multi sfs, will now read data from chr:JASDQU010099909.1
	-> hello Im the master merge part of realSFS. and I'll now do a tripple bypass to find intersect 
	-> 1) Will set iter according to chooseChr and start and stop, and possibly using -sites
	-> Only read nSites: 2247982 will therefore prepare next chromosome (or exit)
	-> Done reading data from chromosome will prepare next chromosome
	-> Is in multi sfs, will now read data from chr:JASDQU010099910.1
	-> hello Im the master merge part of realSFS. and I'll now do a tripple bypass to find intersect 
	-> 1) Will set iter according to chooseChr and start and stop, and possibly using -sites
	-> Only read nSites: 2249505 will therefore prepare next chromosome (or exit)
	-> Done reading data from chromosome will prepare next chromosome
	-> Is in multi sfs, will now read data from chr:JASDQU010099911.1
	-> hello Im the master merge part of realSFS. and I'll now do a tripple bypass to find intersect 
	-> 1) Will set iter according to chooseChr and start and stop, and possibly using -sites
	-> Only read nSites: 2251054 will therefore prepare next chromosome (or exit)
	-> Done reading data from chromosome will prepare next chromosome
	-> Is in multi sfs, will now read data from chr:JASDQU010099912.1
	-> hello Im the master merge part of realSFS. and I'll now do a tripple bypass to find intersect 
	-> 1) Will set iter according to chooseChr and start and stop, and possibly using -sites
	-> Only read nSites: 2253261 will therefore prepare next chromosome (or exit)
	-> Done reading data from chromosome will prepare next chromosome
	-> Is in multi sfs, will now read data from chr:JASDQU010099919.1
	-> hello Im the master merge part of realSFS. and I'll now do a tripple bypass to find intersect 
	-> 1) Will set iter according to chooseChr and start and stop, and possibly using -sites
	-> Only read nSites: 2254541 will therefore prepare next chromosome (or exit)
	-> Done reading data from chromosome will prepare next chromosome
	-> Is in multi sfs, will now read data from chr:JASDQU010099923.1
	-> hello Im the master merge part of realSFS. and I'll now do a tripple bypass to find intersect 
	-> 1) Will set iter according to chooseChr and start and stop, and possibly using -sites
	-> Only read nSites: 2258192 will therefore prepare next chromosome (or exit)
	-> Done reading data from chromosome will prepare next chromosome
	-> Is in multi sfs, will now read data from chr:JASDQU010099924.1
	-> hello Im the master merge part of realSFS. and I'll now do a tripple bypass to find intersect 
	-> 1) Will set iter according to chooseChr and start and stop, and possibly using -sites
	-> Only read nSites: 2261655 will therefore prepare next chromosome (or exit)
	-> Done reading data from chromosome will prepare next chromosome
	-> Is in multi sfs, will now read data from chr:JASDQU010099925.1
	-> hello Im the master merge part of realSFS. and I'll now do a tripple bypass to find intersect 
	-> 1) Will set iter according to chooseChr and start and stop, and possibly using -sites
	-> Only read nSites: 2263016 will therefore prepare next chromosome (or exit)
	-> Done reading data from chromosome will prepare next chromosome
	-> Is in multi sfs, will now read data from chr:JASDQU010099928.1
	-> hello Im the master merge part of realSFS. and I'll now do a tripple bypass to find intersect 
	-> 1) Will set iter according to chooseChr and start and stop, and possibly using -sites
	-> Only read nSites: 2265100 will therefore prepare next chromosome (or exit)
	-> Done reading data from chromosome will prepare next chromosome
	-> Is in multi sfs, will now read data from chr:JASDQU010099931.1
	-> hello Im the master merge part of realSFS. and I'll now do a tripple bypass to find intersect 
	-> 1) Will set iter according to chooseChr and start and stop, and possibly using -sites
	-> Only read nSites: 2275908 will therefore prepare next chromosome (or exit)
	-> Done reading data from chromosome will prepare next chromosome
	-> Is in multi sfs, will now read data from chr:JASDQU010099932.1
	-> hello Im the master merge part of realSFS. and I'll now do a tripple bypass to find intersect 
	-> 1) Will set iter according to chooseChr and start and stop, and possibly using -sites
	-> Only read nSites: 2278463 will therefore prepare next chromosome (or exit)
	-> Done reading data from chromosome will prepare next chromosome
	-> Is in multi sfs, will now read data from chr:JASDQU010099935.1
	-> hello Im the master merge part of realSFS. and I'll now do a tripple bypass to find intersect 
	-> 1) Will set iter according to chooseChr and start and stop, and possibly using -sites
	-> Only read nSites: 2280734 will therefore prepare next chromosome (or exit)
	-> Done reading data from chromosome will prepare next chromosome
	-> Is in multi sfs, will now read data from chr:JASDQU010099938.1
	-> hello Im the master merge part of realSFS. and I'll now do a tripple bypass to find intersect 
	-> 1) Will set iter according to chooseChr and start and stop, and possibly using -sites
	-> Only read nSites: 2283966 will therefore prepare next chromosome (or exit)
	-> Done reading data from chromosome will prepare next chromosome
	-> Is in multi sfs, will now read data from chr:JASDQU010099939.1
	-> hello Im the master merge part of realSFS. and I'll now do a tripple bypass to find intersect 
	-> 1) Will set iter according to chooseChr and start and stop, and possibly using -sites
	-> Only read nSites: 2285113 will therefore prepare next chromosome (or exit)
	-> Done reading data from chromosome will prepare next chromosome
	-> Is in multi sfs, will now read data from chr:JASDQU010099943.1
	-> hello Im the master merge part of realSFS. and I'll now do a tripple bypass to find intersect 
	-> 1) Will set iter according to chooseChr and start and stop, and possibly using -sites
	-> Only read nSites: 2285508 will therefore prepare next chromosome (or exit)
	-> Done reading data from chromosome will prepare next chromosome
	-> Is in multi sfs, will now read data from chr:JASDQU010099945.1
	-> hello Im the master merge part of realSFS. and I'll now do a tripple bypass to find intersect 
	-> 1) Will set iter according to chooseChr and start and stop, and possibly using -sites
	-> Only read nSites: 2287265 will therefore prepare next chromosome (or exit)
	-> Done reading data from chromosome will prepare next chromosome
	-> Is in multi sfs, will now read data from chr:JASDQU010099946.1
	-> hello Im the master merge part of realSFS. and I'll now do a tripple bypass to find intersect 
	-> 1) Will set iter according to chooseChr and start and stop, and possibly using -sites
	-> Only read nSites: 2287676 will therefore prepare next chromosome (or exit)
	-> Done reading data from chromosome will prepare next chromosome
	-> Is in multi sfs, will now read data from chr:JASDQU010099950.1
	-> hello Im the master merge part of realSFS. and I'll now do a tripple bypass to find intersect 
	-> 1) Will set iter according to chooseChr and start and stop, and possibly using -sites
	-> Only read nSites: 2290015 will therefore prepare next chromosome (or exit)
	-> Done reading data from chromosome will prepare next chromosome
	-> Is in multi sfs, will now read data from chr:JASDQU010099951.1
	-> hello Im the master merge part of realSFS. and I'll now do a tripple bypass to find intersect 
	-> 1) Will set iter according to chooseChr and start and stop, and possibly using -sites
	-> Only read nSites: 2291959 will therefore prepare next chromosome (or exit)
	-> Done reading data from chromosome will prepare next chromosome
	-> Is in multi sfs, will now read data from chr:JASDQU010099953.1
	-> hello Im the master merge part of realSFS. and I'll now do a tripple bypass to find intersect 
	-> 1) Will set iter according to chooseChr and start and stop, and possibly using -sites
	-> Only read nSites: 2292705 will therefore prepare next chromosome (or exit)
	-> Done reading data from chromosome will prepare next chromosome
	-> Is in multi sfs, will now read data from chr:JASDQU010099954.1
	-> hello Im the master merge part of realSFS. and I'll now do a tripple bypass to find intersect 
	-> 1) Will set iter according to chooseChr and start and stop, and possibly using -sites
	-> Only read nSites: 2295783 will therefore prepare next chromosome (or exit)
	-> Done reading data from chromosome will prepare next chromosome
	-> Is in multi sfs, will now read data from chr:JASDQU010099956.1
	-> hello Im the master merge part of realSFS. and I'll now do a tripple bypass to find intersect 
	-> 1) Will set iter according to chooseChr and start and stop, and possibly using -sites
	-> Only read nSites: 2296549 will therefore prepare next chromosome (or exit)
	-> Done reading data from chromosome will prepare next chromosome
	-> Is in multi sfs, will now read data from chr:JASDQU010099957.1
	-> hello Im the master merge part of realSFS. and I'll now do a tripple bypass to find intersect 
	-> 1) Will set iter according to chooseChr and start and stop, and possibly using -sites
	-> Only read nSites: 2300953 will therefore prepare next chromosome (or exit)
	-> Done reading data from chromosome will prepare next chromosome
	-> Is in multi sfs, will now read data from chr:JASDQU010099958.1
	-> hello Im the master merge part of realSFS. and I'll now do a tripple bypass to find intersect 
	-> 1) Will set iter according to chooseChr and start and stop, and possibly using -sites
	-> Only read nSites: 2309509 will therefore prepare next chromosome (or exit)
	-> Done reading data from chromosome will prepare next chromosome
	-> Is in multi sfs, will now read data from chr:JASDQU010099959.1
	-> hello Im the master merge part of realSFS. and I'll now do a tripple bypass to find intersect 
	-> 1) Will set iter according to chooseChr and start and stop, and possibly using -sites
	-> Only read nSites: 2309524 will therefore prepare next chromosome (or exit)
	-> Done reading data from chromosome will prepare next chromosome
	-> Is in multi sfs, will now read data from chr:JASDQU010099960.1
	-> hello Im the master merge part of realSFS. and I'll now do a tripple bypass to find intersect 
	-> 1) Will set iter according to chooseChr and start and stop, and possibly using -sites
	-> Only read nSites: 2310448 will therefore prepare next chromosome (or exit)
	-> Done reading data from chromosome will prepare next chromosome
	-> Is in multi sfs, will now read data from chr:JASDQU010099964.1
	-> hello Im the master merge part of realSFS. and I'll now do a tripple bypass to find intersect 
	-> 1) Will set iter according to chooseChr and start and stop, and possibly using -sites
	-> Only read nSites: 2310927 will therefore prepare next chromosome (or exit)
	-> Done reading data from chromosome will prepare next chromosome
	-> Is in multi sfs, will now read data from chr:JASDQU010099966.1
	-> hello Im the master merge part of realSFS. and I'll now do a tripple bypass to find intersect 
	-> 1) Will set iter according to chooseChr and start and stop, and possibly using -sites
	-> Only read nSites: 2311523 will therefore prepare next chromosome (or exit)
	-> Done reading data from chromosome will prepare next chromosome
	-> Is in multi sfs, will now read data from chr:JASDQU010099970.1
	-> hello Im the master merge part of realSFS. and I'll now do a tripple bypass to find intersect 
	-> 1) Will set iter according to chooseChr and start and stop, and possibly using -sites
	-> Only read nSites: 2313106 will therefore prepare next chromosome (or exit)
	-> Done reading data from chromosome will prepare next chromosome
	-> Is in multi sfs, will now read data from chr:JASDQU010099971.1
	-> hello Im the master merge part of realSFS. and I'll now do a tripple bypass to find intersect 
	-> 1) Will set iter according to chooseChr and start and stop, and possibly using -sites
	-> Only read nSites: 2319899 will therefore prepare next chromosome (or exit)
	-> Done reading data from chromosome will prepare next chromosome
	-> Is in multi sfs, will now read data from chr:JASDQU010099973.1
	-> hello Im the master merge part of realSFS. and I'll now do a tripple bypass to find intersect 
	-> 1) Will set iter according to chooseChr and start and stop, and possibly using -sites
	-> Only read nSites: 2321134 will therefore prepare next chromosome (or exit)
	-> Done reading data from chromosome will prepare next chromosome
	-> Is in multi sfs, will now read data from chr:JASDQU010099974.1
	-> hello Im the master merge part of realSFS. and I'll now do a tripple bypass to find intersect 
	-> 1) Will set iter according to chooseChr and start and stop, and possibly using -sites
	-> Only read nSites: 2321735 will therefore prepare next chromosome (or exit)
	-> Done reading data from chromosome will prepare next chromosome
	-> Is in multi sfs, will now read data from chr:JASDQU010099975.1
	-> hello Im the master merge part of realSFS. and I'll now do a tripple bypass to find intersect 
	-> 1) Will set iter according to chooseChr and start and stop, and possibly using -sites
	-> Only read nSites: 2321918 will therefore prepare next chromosome (or exit)
	-> Done reading data from chromosome will prepare next chromosome
	-> Is in multi sfs, will now read data from chr:JASDQU010099976.1
	-> hello Im the master merge part of realSFS. and I'll now do a tripple bypass to find intersect 
	-> 1) Will set iter according to chooseChr and start and stop, and possibly using -sites
	-> Only read nSites: 2326153 will therefore prepare next chromosome (or exit)
	-> Done reading data from chromosome will prepare next chromosome
	-> Is in multi sfs, will now read data from chr:JASDQU010099977.1
	-> hello Im the master merge part of realSFS. and I'll now do a tripple bypass to find intersect 
	-> 1) Will set iter according to chooseChr and start and stop, and possibly using -sites
	-> Only read nSites: 2331489 will therefore prepare next chromosome (or exit)
	-> Done reading data from chromosome will prepare next chromosome
	-> Is in multi sfs, will now read data from chr:JASDQU010099978.1
	-> hello Im the master merge part of realSFS. and I'll now do a tripple bypass to find intersect 
	-> 1) Will set iter according to chooseChr and start and stop, and possibly using -sites
	-> Only read nSites: 2331521 will therefore prepare next chromosome (or exit)
	-> Done reading data from chromosome will prepare next chromosome
	-> Is in multi sfs, will now read data from chr:JASDQU010099979.1
	-> hello Im the master merge part of realSFS. and I'll now do a tripple bypass to find intersect 
	-> 1) Will set iter according to chooseChr and start and stop, and possibly using -sites
	-> Only read nSites: 2333000 will therefore prepare next chromosome (or exit)
	-> Done reading data from chromosome will prepare next chromosome
	-> Is in multi sfs, will now read data from chr:JASDQU010099980.1
	-> hello Im the master merge part of realSFS. and I'll now do a tripple bypass to find intersect 
	-> 1) Will set iter according to chooseChr and start and stop, and possibly using -sites
	-> Only read nSites: 2336816 will therefore prepare next chromosome (or exit)
	-> Done reading data from chromosome will prepare next chromosome
	-> Is in multi sfs, will now read data from chr:JASDQU010099984.1
	-> hello Im the master merge part of realSFS. and I'll now do a tripple bypass to find intersect 
	-> 1) Will set iter according to chooseChr and start and stop, and possibly using -sites
	-> Only read nSites: 2337705 will therefore prepare next chromosome (or exit)
	-> Done reading data from chromosome will prepare next chromosome
	-> Is in multi sfs, will now read data from chr:JASDQU010099985.1
	-> hello Im the master merge part of realSFS. and I'll now do a tripple bypass to find intersect 
	-> 1) Will set iter according to chooseChr and start and stop, and possibly using -sites
	-> Only read nSites: 2340435 will therefore prepare next chromosome (or exit)
	-> Done reading data from chromosome will prepare next chromosome
	-> Is in multi sfs, will now read data from chr:JASDQU010099986.1
	-> hello Im the master merge part of realSFS. and I'll now do a tripple bypass to find intersect 
	-> 1) Will set iter according to chooseChr and start and stop, and possibly using -sites
	-> Only read nSites: 2343127 will therefore prepare next chromosome (or exit)
	-> Done reading data from chromosome will prepare next chromosome
	-> Is in multi sfs, will now read data from chr:JASDQU010099987.1
	-> hello Im the master merge part of realSFS. and I'll now do a tripple bypass to find intersect 
	-> 1) Will set iter according to chooseChr and start and stop, and possibly using -sites
	-> Only read nSites: 2344253 will therefore prepare next chromosome (or exit)
	-> Done reading data from chromosome will prepare next chromosome
	-> Is in multi sfs, will now read data from chr:JASDQU010099988.1
	-> hello Im the master merge part of realSFS. and I'll now do a tripple bypass to find intersect 
	-> 1) Will set iter according to chooseChr and start and stop, and possibly using -sites
	-> Only read nSites: 2344714 will therefore prepare next chromosome (or exit)
	-> Done reading data from chromosome will prepare next chromosome
	-> Is in multi sfs, will now read data from chr:JASDQU010099989.1
	-> hello Im the master merge part of realSFS. and I'll now do a tripple bypass to find intersect 
	-> 1) Will set iter according to chooseChr and start and stop, and possibly using -sites
	-> Only read nSites: 2346337 will therefore prepare next chromosome (or exit)
	-> Done reading data from chromosome will prepare next chromosome
	-> Is in multi sfs, will now read data from chr:JASDQU010099990.1
	-> hello Im the master merge part of realSFS. and I'll now do a tripple bypass to find intersect 
	-> 1) Will set iter according to chooseChr and start and stop, and possibly using -sites
	-> Only read nSites: 2350384 will therefore prepare next chromosome (or exit)
	-> Done reading data from chromosome will prepare next chromosome
	-> Is in multi sfs, will now read data from chr:JASDQU010099994.1
	-> hello Im the master merge part of realSFS. and I'll now do a tripple bypass to find intersect 
	-> 1) Will set iter according to chooseChr and start and stop, and possibly using -sites
	-> Only read nSites: 2352152 will therefore prepare next chromosome (or exit)
	-> Done reading data from chromosome will prepare next chromosome
	-> Is in multi sfs, will now read data from chr:JASDQU010099998.1
	-> hello Im the master merge part of realSFS. and I'll now do a tripple bypass to find intersect 
	-> 1) Will set iter according to chooseChr and start and stop, and possibly using -sites
	-> Only read nSites: 2353419 will therefore prepare next chromosome (or exit)
	-> Done reading data from chromosome will prepare next chromosome
	-> Is in multi sfs, will now read data from chr:JASDQU010100001.1
	-> hello Im the master merge part of realSFS. and I'll now do a tripple bypass to find intersect 
	-> 1) Will set iter according to chooseChr and start and stop, and possibly using -sites
	-> Only read nSites: 2353433 will therefore prepare next chromosome (or exit)
	-> Done reading data from chromosome will prepare next chromosome
	-> Is in multi sfs, will now read data from chr:JASDQU010100002.1
	-> hello Im the master merge part of realSFS. and I'll now do a tripple bypass to find intersect 
	-> 1) Will set iter according to chooseChr and start and stop, and possibly using -sites
	-> Only read nSites: 2356815 will therefore prepare next chromosome (or exit)
	-> Done reading data from chromosome will prepare next chromosome
	-> Is in multi sfs, will now read data from chr:JASDQU010100003.1
	-> hello Im the master merge part of realSFS. and I'll now do a tripple bypass to find intersect 
	-> 1) Will set iter according to chooseChr and start and stop, and possibly using -sites
	-> Only read nSites: 2358300 will therefore prepare next chromosome (or exit)
	-> Done reading data from chromosome will prepare next chromosome
	-> Is in multi sfs, will now read data from chr:JASDQU010100006.1
	-> hello Im the master merge part of realSFS. and I'll now do a tripple bypass to find intersect 
	-> 1) Will set iter according to chooseChr and start and stop, and possibly using -sites
	-> Only read nSites: 2359460 will therefore prepare next chromosome (or exit)
	-> Done reading data from chromosome will prepare next chromosome
	-> Is in multi sfs, will now read data from chr:JASDQU010100007.1
	-> hello Im the master merge part of realSFS. and I'll now do a tripple bypass to find intersect 
	-> 1) Will set iter according to chooseChr and start and stop, and possibly using -sites
	-> Only read nSites: 2360237 will therefore prepare next chromosome (or exit)
	-> Done reading data from chromosome will prepare next chromosome
	-> Is in multi sfs, will now read data from chr:JASDQU010100008.1
	-> hello Im the master merge part of realSFS. and I'll now do a tripple bypass to find intersect 
	-> 1) Will set iter according to chooseChr and start and stop, and possibly using -sites
	-> Only read nSites: 2361222 will therefore prepare next chromosome (or exit)
	-> Done reading data from chromosome will prepare next chromosome
	-> Is in multi sfs, will now read data from chr:JASDQU010100011.1
	-> hello Im the master merge part of realSFS. and I'll now do a tripple bypass to find intersect 
	-> 1) Will set iter according to chooseChr and start and stop, and possibly using -sites
	-> Only read nSites: 2364226 will therefore prepare next chromosome (or exit)
	-> Done reading data from chromosome will prepare next chromosome
	-> Is in multi sfs, will now read data from chr:JASDQU010100012.1
	-> hello Im the master merge part of realSFS. and I'll now do a tripple bypass to find intersect 
	-> 1) Will set iter according to chooseChr and start and stop, and possibly using -sites
	-> Only read nSites: 2366001 will therefore prepare next chromosome (or exit)
	-> Done reading data from chromosome will prepare next chromosome
	-> Is in multi sfs, will now read data from chr:JASDQU010100015.1
	-> hello Im the master merge part of realSFS. and I'll now do a tripple bypass to find intersect 
	-> 1) Will set iter according to chooseChr and start and stop, and possibly using -sites
	-> Only read nSites: 2367111 will therefore prepare next chromosome (or exit)
	-> Done reading data from chromosome will prepare next chromosome
	-> Is in multi sfs, will now read data from chr:JASDQU010100018.1
	-> hello Im the master merge part of realSFS. and I'll now do a tripple bypass to find intersect 
	-> 1) Will set iter according to chooseChr and start and stop, and possibly using -sites
	-> Only read nSites: 2368761 will therefore prepare next chromosome (or exit)
	-> Done reading data from chromosome will prepare next chromosome
	-> Is in multi sfs, will now read data from chr:JASDQU010100019.1
	-> hello Im the master merge part of realSFS. and I'll now do a tripple bypass to find intersect 
	-> 1) Will set iter according to chooseChr and start and stop, and possibly using -sites
	-> Only read nSites: 2374709 will therefore prepare next chromosome (or exit)
	-> Done reading data from chromosome will prepare next chromosome
	-> Is in multi sfs, will now read data from chr:JASDQU010100022.1
	-> hello Im the master merge part of realSFS. and I'll now do a tripple bypass to find intersect 
	-> 1) Will set iter according to chooseChr and start and stop, and possibly using -sites
	-> Only read nSites: 2375404 will therefore prepare next chromosome (or exit)
	-> Done reading data from chromosome will prepare next chromosome
	-> Is in multi sfs, will now read data from chr:JASDQU010100025.1
	-> hello Im the master merge part of realSFS. and I'll now do a tripple bypass to find intersect 
	-> 1) Will set iter according to chooseChr and start and stop, and possibly using -sites
	-> Only read nSites: 2375845 will therefore prepare next chromosome (or exit)
	-> Done reading data from chromosome will prepare next chromosome
	-> Is in multi sfs, will now read data from chr:JASDQU010100026.1
	-> hello Im the master merge part of realSFS. and I'll now do a tripple bypass to find intersect 
	-> 1) Will set iter according to chooseChr and start and stop, and possibly using -sites
	-> Only read nSites: 2376492 will therefore prepare next chromosome (or exit)
	-> Done reading data from chromosome will prepare next chromosome
	-> Is in multi sfs, will now read data from chr:JASDQU010100028.1
	-> hello Im the master merge part of realSFS. and I'll now do a tripple bypass to find intersect 
	-> 1) Will set iter according to chooseChr and start and stop, and possibly using -sites
	-> Only read nSites: 2377301 will therefore prepare next chromosome (or exit)
	-> Done reading data from chromosome will prepare next chromosome
	-> Is in multi sfs, will now read data from chr:JASDQU010100029.1
	-> hello Im the master merge part of realSFS. and I'll now do a tripple bypass to find intersect 
	-> 1) Will set iter according to chooseChr and start and stop, and possibly using -sites
	-> Only read nSites: 2377996 will therefore prepare next chromosome (or exit)
	-> Done reading data from chromosome will prepare next chromosome
	-> Is in multi sfs, will now read data from chr:JASDQU010100032.1
	-> hello Im the master merge part of realSFS. and I'll now do a tripple bypass to find intersect 
	-> 1) Will set iter according to chooseChr and start and stop, and possibly using -sites
	-> Only read nSites: 2381435 will therefore prepare next chromosome (or exit)
	-> Done reading data from chromosome will prepare next chromosome
	-> Is in multi sfs, will now read data from chr:JASDQU010100034.1
	-> hello Im the master merge part of realSFS. and I'll now do a tripple bypass to find intersect 
	-> 1) Will set iter according to chooseChr and start and stop, and possibly using -sites
	-> Only read nSites: 2381966 will therefore prepare next chromosome (or exit)
	-> Done reading data from chromosome will prepare next chromosome
	-> Is in multi sfs, will now read data from chr:JASDQU010100035.1
	-> hello Im the master merge part of realSFS. and I'll now do a tripple bypass to find intersect 
	-> 1) Will set iter according to chooseChr and start and stop, and possibly using -sites
	-> Only read nSites: 2383505 will therefore prepare next chromosome (or exit)
	-> Done reading data from chromosome will prepare next chromosome
	-> Is in multi sfs, will now read data from chr:JASDQU010100039.1
	-> hello Im the master merge part of realSFS. and I'll now do a tripple bypass to find intersect 
	-> 1) Will set iter according to chooseChr and start and stop, and possibly using -sites
	-> Only read nSites: 2384219 will therefore prepare next chromosome (or exit)
	-> Done reading data from chromosome will prepare next chromosome
	-> Is in multi sfs, will now read data from chr:JASDQU010100041.1
	-> hello Im the master merge part of realSFS. and I'll now do a tripple bypass to find intersect 
	-> 1) Will set iter according to chooseChr and start and stop, and possibly using -sites
	-> Only read nSites: 2385913 will therefore prepare next chromosome (or exit)
	-> Done reading data from chromosome will prepare next chromosome
	-> Is in multi sfs, will now read data from chr:JASDQU010100042.1
	-> hello Im the master merge part of realSFS. and I'll now do a tripple bypass to find intersect 
	-> 1) Will set iter according to chooseChr and start and stop, and possibly using -sites
	-> Only read nSites: 2387384 will therefore prepare next chromosome (or exit)
	-> Done reading data from chromosome will prepare next chromosome
	-> Is in multi sfs, will now read data from chr:JASDQU010100043.1
	-> hello Im the master merge part of realSFS. and I'll now do a tripple bypass to find intersect 
	-> 1) Will set iter according to chooseChr and start and stop, and possibly using -sites
	-> Only read nSites: 2389463 will therefore prepare next chromosome (or exit)
	-> Done reading data from chromosome will prepare next chromosome
	-> Is in multi sfs, will now read data from chr:JASDQU010100044.1
	-> hello Im the master merge part of realSFS. and I'll now do a tripple bypass to find intersect 
	-> 1) Will set iter according to chooseChr and start and stop, and possibly using -sites
	-> Only read nSites: 2391567 will therefore prepare next chromosome (or exit)
	-> Done reading data from chromosome will prepare next chromosome
	-> Is in multi sfs, will now read data from chr:JASDQU010100045.1
	-> hello Im the master merge part of realSFS. and I'll now do a tripple bypass to find intersect 
	-> 1) Will set iter according to chooseChr and start and stop, and possibly using -sites
	-> Only read nSites: 2393001 will therefore prepare next chromosome (or exit)
	-> Done reading data from chromosome will prepare next chromosome
	-> Is in multi sfs, will now read data from chr:JASDQU010100046.1
	-> hello Im the master merge part of realSFS. and I'll now do a tripple bypass to find intersect 
	-> 1) Will set iter according to chooseChr and start and stop, and possibly using -sites
	-> Only read nSites: 2401562 will therefore prepare next chromosome (or exit)
	-> Done reading data from chromosome will prepare next chromosome
	-> Is in multi sfs, will now read data from chr:JASDQU010100048.1
	-> hello Im the master merge part of realSFS. and I'll now do a tripple bypass to find intersect 
	-> 1) Will set iter according to chooseChr and start and stop, and possibly using -sites
	-> Only read nSites: 2406586 will therefore prepare next chromosome (or exit)
	-> Done reading data from chromosome will prepare next chromosome
	-> Is in multi sfs, will now read data from chr:JASDQU010100054.1
	-> hello Im the master merge part of realSFS. and I'll now do a tripple bypass to find intersect 
	-> 1) Will set iter according to chooseChr and start and stop, and possibly using -sites
	-> Only read nSites: 2407629 will therefore prepare next chromosome (or exit)
	-> Done reading data from chromosome will prepare next chromosome
	-> Is in multi sfs, will now read data from chr:JASDQU010100055.1
	-> hello Im the master merge part of realSFS. and I'll now do a tripple bypass to find intersect 
	-> 1) Will set iter according to chooseChr and start and stop, and possibly using -sites
	-> Only read nSites: 2411290 will therefore prepare next chromosome (or exit)
	-> Done reading data from chromosome will prepare next chromosome
	-> Is in multi sfs, will now read data from chr:JASDQU010100056.1
	-> hello Im the master merge part of realSFS. and I'll now do a tripple bypass to find intersect 
	-> 1) Will set iter according to chooseChr and start and stop, and possibly using -sites
	-> Only read nSites: 2412216 will therefore prepare next chromosome (or exit)
	-> Done reading data from chromosome will prepare next chromosome
	-> Is in multi sfs, will now read data from chr:JASDQU010100057.1
	-> hello Im the master merge part of realSFS. and I'll now do a tripple bypass to find intersect 
	-> 1) Will set iter according to chooseChr and start and stop, and possibly using -sites
	-> Only read nSites: 2414598 will therefore prepare next chromosome (or exit)
	-> Done reading data from chromosome will prepare next chromosome
	-> Is in multi sfs, will now read data from chr:JASDQU010100058.1
	-> hello Im the master merge part of realSFS. and I'll now do a tripple bypass to find intersect 
	-> 1) Will set iter according to chooseChr and start and stop, and possibly using -sites
	-> Only read nSites: 2417129 will therefore prepare next chromosome (or exit)
	-> Done reading data from chromosome will prepare next chromosome
	-> Is in multi sfs, will now read data from chr:JASDQU010100060.1
	-> hello Im the master merge part of realSFS. and I'll now do a tripple bypass to find intersect 
	-> 1) Will set iter according to chooseChr and start and stop, and possibly using -sites
	-> Only read nSites: 2418250 will therefore prepare next chromosome (or exit)
	-> Done reading data from chromosome will prepare next chromosome
	-> Is in multi sfs, will now read data from chr:JASDQU010100061.1
	-> hello Im the master merge part of realSFS. and I'll now do a tripple bypass to find intersect 
	-> 1) Will set iter according to chooseChr and start and stop, and possibly using -sites
	-> Only read nSites: 2419138 will therefore prepare next chromosome (or exit)
	-> Done reading data from chromosome will prepare next chromosome
	-> Is in multi sfs, will now read data from chr:JASDQU010100063.1
	-> hello Im the master merge part of realSFS. and I'll now do a tripple bypass to find intersect 
	-> 1) Will set iter according to chooseChr and start and stop, and possibly using -sites
	-> Only read nSites: 2423772 will therefore prepare next chromosome (or exit)
	-> Done reading data from chromosome will prepare next chromosome
	-> Is in multi sfs, will now read data from chr:JASDQU010100066.1
	-> hello Im the master merge part of realSFS. and I'll now do a tripple bypass to find intersect 
	-> 1) Will set iter according to chooseChr and start and stop, and possibly using -sites
	-> Only read nSites: 2424371 will therefore prepare next chromosome (or exit)
	-> Done reading data from chromosome will prepare next chromosome
	-> Is in multi sfs, will now read data from chr:JASDQU010100071.1
	-> hello Im the master merge part of realSFS. and I'll now do a tripple bypass to find intersect 
	-> 1) Will set iter according to chooseChr and start and stop, and possibly using -sites
	-> Only read nSites: 2425445 will therefore prepare next chromosome (or exit)
	-> Done reading data from chromosome will prepare next chromosome
	-> Is in multi sfs, will now read data from chr:JASDQU010100073.1
	-> hello Im the master merge part of realSFS. and I'll now do a tripple bypass to find intersect 
	-> 1) Will set iter according to chooseChr and start and stop, and possibly using -sites
	-> Only read nSites: 2428646 will therefore prepare next chromosome (or exit)
	-> Done reading data from chromosome will prepare next chromosome
	-> Is in multi sfs, will now read data from chr:JASDQU010100075.1
	-> hello Im the master merge part of realSFS. and I'll now do a tripple bypass to find intersect 
	-> 1) Will set iter according to chooseChr and start and stop, and possibly using -sites
	-> Only read nSites: 2430417 will therefore prepare next chromosome (or exit)
	-> Done reading data from chromosome will prepare next chromosome
	-> Is in multi sfs, will now read data from chr:JASDQU010100076.1
	-> hello Im the master merge part of realSFS. and I'll now do a tripple bypass to find intersect 
	-> 1) Will set iter according to chooseChr and start and stop, and possibly using -sites
	-> Only read nSites: 2430725 will therefore prepare next chromosome (or exit)
	-> Done reading data from chromosome will prepare next chromosome
	-> Is in multi sfs, will now read data from chr:JASDQU010100082.1
	-> hello Im the master merge part of realSFS. and I'll now do a tripple bypass to find intersect 
	-> 1) Will set iter according to chooseChr and start and stop, and possibly using -sites
	-> Only read nSites: 2433792 will therefore prepare next chromosome (or exit)
	-> Done reading data from chromosome will prepare next chromosome
	-> Is in multi sfs, will now read data from chr:JASDQU010100083.1
	-> hello Im the master merge part of realSFS. and I'll now do a tripple bypass to find intersect 
	-> 1) Will set iter according to chooseChr and start and stop, and possibly using -sites
	-> Only read nSites: 2436707 will therefore prepare next chromosome (or exit)
	-> Done reading data from chromosome will prepare next chromosome
	-> Is in multi sfs, will now read data from chr:JASDQU010100086.1
	-> hello Im the master merge part of realSFS. and I'll now do a tripple bypass to find intersect 
	-> 1) Will set iter according to chooseChr and start and stop, and possibly using -sites
	-> Only read nSites: 2439996 will therefore prepare next chromosome (or exit)
	-> Done reading data from chromosome will prepare next chromosome
	-> Is in multi sfs, will now read data from chr:JASDQU010100087.1
	-> hello Im the master merge part of realSFS. and I'll now do a tripple bypass to find intersect 
	-> 1) Will set iter according to chooseChr and start and stop, and possibly using -sites
	-> Only read nSites: 2445676 will therefore prepare next chromosome (or exit)
	-> Done reading data from chromosome will prepare next chromosome
	-> Is in multi sfs, will now read data from chr:JASDQU010100089.1
	-> hello Im the master merge part of realSFS. and I'll now do a tripple bypass to find intersect 
	-> 1) Will set iter according to chooseChr and start and stop, and possibly using -sites
	-> Only read nSites: 2446639 will therefore prepare next chromosome (or exit)
	-> Done reading data from chromosome will prepare next chromosome
	-> Is in multi sfs, will now read data from chr:JASDQU010100090.1
	-> hello Im the master merge part of realSFS. and I'll now do a tripple bypass to find intersect 
	-> 1) Will set iter according to chooseChr and start and stop, and possibly using -sites
	-> Only read nSites: 2449568 will therefore prepare next chromosome (or exit)
	-> Done reading data from chromosome will prepare next chromosome
	-> Is in multi sfs, will now read data from chr:JASDQU010100091.1
	-> hello Im the master merge part of realSFS. and I'll now do a tripple bypass to find intersect 
	-> 1) Will set iter according to chooseChr and start and stop, and possibly using -sites
	-> Only read nSites: 2454898 will therefore prepare next chromosome (or exit)
	-> Done reading data from chromosome will prepare next chromosome
	-> Is in multi sfs, will now read data from chr:JASDQU010100093.1
	-> hello Im the master merge part of realSFS. and I'll now do a tripple bypass to find intersect 
	-> 1) Will set iter according to chooseChr and start and stop, and possibly using -sites
	-> Only read nSites: 2455608 will therefore prepare next chromosome (or exit)
	-> Done reading data from chromosome will prepare next chromosome
	-> Is in multi sfs, will now read data from chr:JASDQU010100095.1
	-> hello Im the master merge part of realSFS. and I'll now do a tripple bypass to find intersect 
	-> 1) Will set iter according to chooseChr and start and stop, and possibly using -sites
	-> Only read nSites: 2456097 will therefore prepare next chromosome (or exit)
	-> Done reading data from chromosome will prepare next chromosome
	-> Is in multi sfs, will now read data from chr:JASDQU010100096.1
	-> hello Im the master merge part of realSFS. and I'll now do a tripple bypass to find intersect 
	-> 1) Will set iter according to chooseChr and start and stop, and possibly using -sites
	-> Only read nSites: 2461551 will therefore prepare next chromosome (or exit)
	-> Done reading data from chromosome will prepare next chromosome
	-> Is in multi sfs, will now read data from chr:JASDQU010100098.1
	-> hello Im the master merge part of realSFS. and I'll now do a tripple bypass to find intersect 
	-> 1) Will set iter according to chooseChr and start and stop, and possibly using -sites
	-> Only read nSites: 2462341 will therefore prepare next chromosome (or exit)
	-> Done reading data from chromosome will prepare next chromosome
	-> Is in multi sfs, will now read data from chr:JASDQU010100102.1
	-> hello Im the master merge part of realSFS. and I'll now do a tripple bypass to find intersect 
	-> 1) Will set iter according to chooseChr and start and stop, and possibly using -sites
	-> Only read nSites: 2467547 will therefore prepare next chromosome (or exit)
	-> Done reading data from chromosome will prepare next chromosome
	-> Is in multi sfs, will now read data from chr:JASDQU010100103.1
	-> hello Im the master merge part of realSFS. and I'll now do a tripple bypass to find intersect 
	-> 1) Will set iter according to chooseChr and start and stop, and possibly using -sites
	-> Only read nSites: 2467779 will therefore prepare next chromosome (or exit)
	-> Done reading data from chromosome will prepare next chromosome
	-> Is in multi sfs, will now read data from chr:JASDQU010100106.1
	-> hello Im the master merge part of realSFS. and I'll now do a tripple bypass to find intersect 
	-> 1) Will set iter according to chooseChr and start and stop, and possibly using -sites
	-> Only read nSites: 2468228 will therefore prepare next chromosome (or exit)
	-> Done reading data from chromosome will prepare next chromosome
	-> Is in multi sfs, will now read data from chr:JASDQU010100107.1
	-> hello Im the master merge part of realSFS. and I'll now do a tripple bypass to find intersect 
	-> 1) Will set iter according to chooseChr and start and stop, and possibly using -sites
	-> Only read nSites: 2468624 will therefore prepare next chromosome (or exit)
	-> Done reading data from chromosome will prepare next chromosome
	-> Is in multi sfs, will now read data from chr:JASDQU010100108.1
	-> hello Im the master merge part of realSFS. and I'll now do a tripple bypass to find intersect 
	-> 1) Will set iter according to chooseChr and start and stop, and possibly using -sites
	-> Only read nSites: 2471999 will therefore prepare next chromosome (or exit)
	-> Done reading data from chromosome will prepare next chromosome
	-> Is in multi sfs, will now read data from chr:JASDQU010100109.1
	-> hello Im the master merge part of realSFS. and I'll now do a tripple bypass to find intersect 
	-> 1) Will set iter according to chooseChr and start and stop, and possibly using -sites
	-> Only read nSites: 2473985 will therefore prepare next chromosome (or exit)
	-> Done reading data from chromosome will prepare next chromosome
	-> Is in multi sfs, will now read data from chr:JASDQU010100113.1
	-> hello Im the master merge part of realSFS. and I'll now do a tripple bypass to find intersect 
	-> 1) Will set iter according to chooseChr and start and stop, and possibly using -sites
	-> Only read nSites: 2486354 will therefore prepare next chromosome (or exit)
	-> Done reading data from chromosome will prepare next chromosome
	-> Is in multi sfs, will now read data from chr:JASDQU010100117.1
	-> hello Im the master merge part of realSFS. and I'll now do a tripple bypass to find intersect 
	-> 1) Will set iter according to chooseChr and start and stop, and possibly using -sites
	-> Only read nSites: 2491004 will therefore prepare next chromosome (or exit)
	-> Done reading data from chromosome will prepare next chromosome
	-> Is in multi sfs, will now read data from chr:JASDQU010100118.1
	-> hello Im the master merge part of realSFS. and I'll now do a tripple bypass to find intersect 
	-> 1) Will set iter according to chooseChr and start and stop, and possibly using -sites
	-> Only read nSites: 2497118 will therefore prepare next chromosome (or exit)
	-> Done reading data from chromosome will prepare next chromosome
	-> Is in multi sfs, will now read data from chr:JASDQU010100120.1
	-> hello Im the master merge part of realSFS. and I'll now do a tripple bypass to find intersect 
	-> 1) Will set iter according to chooseChr and start and stop, and possibly using -sites
	-> Only read nSites: 2503544 will therefore prepare next chromosome (or exit)
	-> Done reading data from chromosome will prepare next chromosome
	-> Is in multi sfs, will now read data from chr:JASDQU010100121.1
	-> hello Im the master merge part of realSFS. and I'll now do a tripple bypass to find intersect 
	-> 1) Will set iter according to chooseChr and start and stop, and possibly using -sites
	-> Only read nSites: 2505561 will therefore prepare next chromosome (or exit)
	-> Done reading data from chromosome will prepare next chromosome
	-> Is in multi sfs, will now read data from chr:JASDQU010100122.1
	-> hello Im the master merge part of realSFS. and I'll now do a tripple bypass to find intersect 
	-> 1) Will set iter according to chooseChr and start and stop, and possibly using -sites
	-> Only read nSites: 2505672 will therefore prepare next chromosome (or exit)
	-> Done reading data from chromosome will prepare next chromosome
	-> Is in multi sfs, will now read data from chr:JASDQU010100125.1
	-> hello Im the master merge part of realSFS. and I'll now do a tripple bypass to find intersect 
	-> 1) Will set iter according to chooseChr and start and stop, and possibly using -sites
	-> Only read nSites: 2506248 will therefore prepare next chromosome (or exit)
	-> Done reading data from chromosome will prepare next chromosome
	-> Is in multi sfs, will now read data from chr:JASDQU010100127.1
	-> hello Im the master merge part of realSFS. and I'll now do a tripple bypass to find intersect 
	-> 1) Will set iter according to chooseChr and start and stop, and possibly using -sites
	-> Only read nSites: 2508978 will therefore prepare next chromosome (or exit)
	-> Done reading data from chromosome will prepare next chromosome
	-> Is in multi sfs, will now read data from chr:JASDQU010100128.1
	-> hello Im the master merge part of realSFS. and I'll now do a tripple bypass to find intersect 
	-> 1) Will set iter according to chooseChr and start and stop, and possibly using -sites
	-> Only read nSites: 2510087 will therefore prepare next chromosome (or exit)
	-> Done reading data from chromosome will prepare next chromosome
	-> Is in multi sfs, will now read data from chr:JASDQU010100129.1
	-> hello Im the master merge part of realSFS. and I'll now do a tripple bypass to find intersect 
	-> 1) Will set iter according to chooseChr and start and stop, and possibly using -sites
	-> Only read nSites: 2514214 will therefore prepare next chromosome (or exit)
	-> Done reading data from chromosome will prepare next chromosome
	-> Is in multi sfs, will now read data from chr:JASDQU010100136.1
	-> hello Im the master merge part of realSFS. and I'll now do a tripple bypass to find intersect 
	-> 1) Will set iter according to chooseChr and start and stop, and possibly using -sites
	-> Only read nSites: 2522389 will therefore prepare next chromosome (or exit)
	-> Done reading data from chromosome will prepare next chromosome
	-> Is in multi sfs, will now read data from chr:JASDQU010100137.1
	-> hello Im the master merge part of realSFS. and I'll now do a tripple bypass to find intersect 
	-> 1) Will set iter according to chooseChr and start and stop, and possibly using -sites
	-> Only read nSites: 2522817 will therefore prepare next chromosome (or exit)
	-> Done reading data from chromosome will prepare next chromosome
	-> Is in multi sfs, will now read data from chr:JASDQU010100139.1
	-> hello Im the master merge part of realSFS. and I'll now do a tripple bypass to find intersect 
	-> 1) Will set iter according to chooseChr and start and stop, and possibly using -sites
	-> Only read nSites: 2524175 will therefore prepare next chromosome (or exit)
	-> Done reading data from chromosome will prepare next chromosome
	-> Is in multi sfs, will now read data from chr:JASDQU010100141.1
	-> hello Im the master merge part of realSFS. and I'll now do a tripple bypass to find intersect 
	-> 1) Will set iter according to chooseChr and start and stop, and possibly using -sites
	-> Only read nSites: 2531068 will therefore prepare next chromosome (or exit)
	-> Done reading data from chromosome will prepare next chromosome
	-> Is in multi sfs, will now read data from chr:JASDQU010100142.1
	-> hello Im the master merge part of realSFS. and I'll now do a tripple bypass to find intersect 
	-> 1) Will set iter according to chooseChr and start and stop, and possibly using -sites
	-> Only read nSites: 2534619 will therefore prepare next chromosome (or exit)
	-> Done reading data from chromosome will prepare next chromosome
	-> Is in multi sfs, will now read data from chr:JASDQU010100143.1
	-> hello Im the master merge part of realSFS. and I'll now do a tripple bypass to find intersect 
	-> 1) Will set iter according to chooseChr and start and stop, and possibly using -sites
	-> Only read nSites: 2537405 will therefore prepare next chromosome (or exit)
	-> Done reading data from chromosome will prepare next chromosome
	-> Is in multi sfs, will now read data from chr:JASDQU010100145.1
	-> hello Im the master merge part of realSFS. and I'll now do a tripple bypass to find intersect 
	-> 1) Will set iter according to chooseChr and start and stop, and possibly using -sites
	-> Only read nSites: 2539583 will therefore prepare next chromosome (or exit)
	-> Done reading data from chromosome will prepare next chromosome
	-> Is in multi sfs, will now read data from chr:JASDQU010100148.1
	-> hello Im the master merge part of realSFS. and I'll now do a tripple bypass to find intersect 
	-> 1) Will set iter according to chooseChr and start and stop, and possibly using -sites
	-> Only read nSites: 2544217 will therefore prepare next chromosome (or exit)
	-> Done reading data from chromosome will prepare next chromosome
	-> Is in multi sfs, will now read data from chr:JASDQU010100149.1
	-> hello Im the master merge part of realSFS. and I'll now do a tripple bypass to find intersect 
	-> 1) Will set iter according to chooseChr and start and stop, and possibly using -sites
	-> Only read nSites: 2545496 will therefore prepare next chromosome (or exit)
	-> Done reading data from chromosome will prepare next chromosome
	-> Is in multi sfs, will now read data from chr:JASDQU010100150.1
	-> hello Im the master merge part of realSFS. and I'll now do a tripple bypass to find intersect 
	-> 1) Will set iter according to chooseChr and start and stop, and possibly using -sites
	-> Only read nSites: 2547791 will therefore prepare next chromosome (or exit)
	-> Done reading data from chromosome will prepare next chromosome
	-> Is in multi sfs, will now read data from chr:JASDQU010100151.1
	-> hello Im the master merge part of realSFS. and I'll now do a tripple bypass to find intersect 
	-> 1) Will set iter according to chooseChr and start and stop, and possibly using -sites
	-> Only read nSites: 2550137 will therefore prepare next chromosome (or exit)
	-> Done reading data from chromosome will prepare next chromosome
	-> Is in multi sfs, will now read data from chr:JASDQU010100153.1
	-> hello Im the master merge part of realSFS. and I'll now do a tripple bypass to find intersect 
	-> 1) Will set iter according to chooseChr and start and stop, and possibly using -sites
	-> Only read nSites: 2550309 will therefore prepare next chromosome (or exit)
	-> Done reading data from chromosome will prepare next chromosome
	-> Is in multi sfs, will now read data from chr:JASDQU010100154.1
	-> hello Im the master merge part of realSFS. and I'll now do a tripple bypass to find intersect 
	-> 1) Will set iter according to chooseChr and start and stop, and possibly using -sites
	-> Only read nSites: 2554168 will therefore prepare next chromosome (or exit)
	-> Done reading data from chromosome will prepare next chromosome
	-> Is in multi sfs, will now read data from chr:JASDQU010100155.1
	-> hello Im the master merge part of realSFS. and I'll now do a tripple bypass to find intersect 
	-> 1) Will set iter according to chooseChr and start and stop, and possibly using -sites
	-> Only read nSites: 2555170 will therefore prepare next chromosome (or exit)
	-> Done reading data from chromosome will prepare next chromosome
	-> Is in multi sfs, will now read data from chr:JASDQU010100157.1
	-> hello Im the master merge part of realSFS. and I'll now do a tripple bypass to find intersect 
	-> 1) Will set iter according to chooseChr and start and stop, and possibly using -sites
	-> Only read nSites: 2555889 will therefore prepare next chromosome (or exit)
	-> Done reading data from chromosome will prepare next chromosome
	-> Is in multi sfs, will now read data from chr:JASDQU010100159.1
	-> hello Im the master merge part of realSFS. and I'll now do a tripple bypass to find intersect 
	-> 1) Will set iter according to chooseChr and start and stop, and possibly using -sites
	-> Only read nSites: 2556594 will therefore prepare next chromosome (or exit)
	-> Done reading data from chromosome will prepare next chromosome
	-> Is in multi sfs, will now read data from chr:JASDQU010100161.1
	-> hello Im the master merge part of realSFS. and I'll now do a tripple bypass to find intersect 
	-> 1) Will set iter according to chooseChr and start and stop, and possibly using -sites
	-> Only read nSites: 2561279 will therefore prepare next chromosome (or exit)
	-> Done reading data from chromosome will prepare next chromosome
	-> Is in multi sfs, will now read data from chr:JASDQU010100164.1
	-> hello Im the master merge part of realSFS. and I'll now do a tripple bypass to find intersect 
	-> 1) Will set iter according to chooseChr and start and stop, and possibly using -sites
	-> Only read nSites: 2563998 will therefore prepare next chromosome (or exit)
	-> Done reading data from chromosome will prepare next chromosome
	-> Is in multi sfs, will now read data from chr:JASDQU010100166.1
	-> hello Im the master merge part of realSFS. and I'll now do a tripple bypass to find intersect 
	-> 1) Will set iter according to chooseChr and start and stop, and possibly using -sites
	-> Only read nSites: 2564411 will therefore prepare next chromosome (or exit)
	-> Done reading data from chromosome will prepare next chromosome
	-> Is in multi sfs, will now read data from chr:JASDQU010100170.1
	-> hello Im the master merge part of realSFS. and I'll now do a tripple bypass to find intersect 
	-> 1) Will set iter according to chooseChr and start and stop, and possibly using -sites
	-> Only read nSites: 2567851 will therefore prepare next chromosome (or exit)
	-> Done reading data from chromosome will prepare next chromosome
	-> Is in multi sfs, will now read data from chr:JASDQU010100172.1
	-> hello Im the master merge part of realSFS. and I'll now do a tripple bypass to find intersect 
	-> 1) Will set iter according to chooseChr and start and stop, and possibly using -sites
	-> Only read nSites: 2569105 will therefore prepare next chromosome (or exit)
	-> Done reading data from chromosome will prepare next chromosome
	-> Is in multi sfs, will now read data from chr:JASDQU010100173.1
	-> hello Im the master merge part of realSFS. and I'll now do a tripple bypass to find intersect 
	-> 1) Will set iter according to chooseChr and start and stop, and possibly using -sites
	-> Only read nSites: 2569875 will therefore prepare next chromosome (or exit)
	-> Done reading data from chromosome will prepare next chromosome
	-> Is in multi sfs, will now read data from chr:JASDQU010100175.1
	-> hello Im the master merge part of realSFS. and I'll now do a tripple bypass to find intersect 
	-> 1) Will set iter according to chooseChr and start and stop, and possibly using -sites
	-> Only read nSites: 2573175 will therefore prepare next chromosome (or exit)
	-> Done reading data from chromosome will prepare next chromosome
	-> Is in multi sfs, will now read data from chr:JASDQU010100176.1
	-> hello Im the master merge part of realSFS. and I'll now do a tripple bypass to find intersect 
	-> 1) Will set iter according to chooseChr and start and stop, and possibly using -sites
	-> Only read nSites: 2574524 will therefore prepare next chromosome (or exit)
	-> Done reading data from chromosome will prepare next chromosome
	-> Is in multi sfs, will now read data from chr:JASDQU010100179.1
	-> hello Im the master merge part of realSFS. and I'll now do a tripple bypass to find intersect 
	-> 1) Will set iter according to chooseChr and start and stop, and possibly using -sites
	-> Only read nSites: 2584517 will therefore prepare next chromosome (or exit)
	-> Done reading data from chromosome will prepare next chromosome
	-> Is in multi sfs, will now read data from chr:JASDQU010100182.1
	-> hello Im the master merge part of realSFS. and I'll now do a tripple bypass to find intersect 
	-> 1) Will set iter according to chooseChr and start and stop, and possibly using -sites
	-> Only read nSites: 2586221 will therefore prepare next chromosome (or exit)
	-> Done reading data from chromosome will prepare next chromosome
	-> Is in multi sfs, will now read data from chr:JASDQU010100185.1
	-> hello Im the master merge part of realSFS. and I'll now do a tripple bypass to find intersect 
	-> 1) Will set iter according to chooseChr and start and stop, and possibly using -sites
	-> Only read nSites: 2586232 will therefore prepare next chromosome (or exit)
	-> Done reading data from chromosome will prepare next chromosome
	-> Is in multi sfs, will now read data from chr:JASDQU010100187.1
	-> hello Im the master merge part of realSFS. and I'll now do a tripple bypass to find intersect 
	-> 1) Will set iter according to chooseChr and start and stop, and possibly using -sites
	-> Only read nSites: 2586474 will therefore prepare next chromosome (or exit)
	-> Done reading data from chromosome will prepare next chromosome
	-> Is in multi sfs, will now read data from chr:JASDQU010100188.1
	-> hello Im the master merge part of realSFS. and I'll now do a tripple bypass to find intersect 
	-> 1) Will set iter according to chooseChr and start and stop, and possibly using -sites
	-> Only read nSites: 2586969 will therefore prepare next chromosome (or exit)
	-> Done reading data from chromosome will prepare next chromosome
	-> Is in multi sfs, will now read data from chr:JASDQU010100190.1
	-> hello Im the master merge part of realSFS. and I'll now do a tripple bypass to find intersect 
	-> 1) Will set iter according to chooseChr and start and stop, and possibly using -sites
	-> Only read nSites: 2588352 will therefore prepare next chromosome (or exit)
	-> Done reading data from chromosome will prepare next chromosome
	-> Is in multi sfs, will now read data from chr:JASDQU010100194.1
	-> hello Im the master merge part of realSFS. and I'll now do a tripple bypass to find intersect 
	-> 1) Will set iter according to chooseChr and start and stop, and possibly using -sites
	-> Only read nSites: 2589802 will therefore prepare next chromosome (or exit)
	-> Done reading data from chromosome will prepare next chromosome
	-> Is in multi sfs, will now read data from chr:JASDQU010100196.1
	-> hello Im the master merge part of realSFS. and I'll now do a tripple bypass to find intersect 
	-> 1) Will set iter according to chooseChr and start and stop, and possibly using -sites
	-> Only read nSites: 2593228 will therefore prepare next chromosome (or exit)
	-> Done reading data from chromosome will prepare next chromosome
	-> Is in multi sfs, will now read data from chr:JASDQU010100198.1
	-> hello Im the master merge part of realSFS. and I'll now do a tripple bypass to find intersect 
	-> 1) Will set iter according to chooseChr and start and stop, and possibly using -sites
	-> Only read nSites: 2600388 will therefore prepare next chromosome (or exit)
	-> Done reading data from chromosome will prepare next chromosome
	-> Is in multi sfs, will now read data from chr:JASDQU010100199.1
	-> hello Im the master merge part of realSFS. and I'll now do a tripple bypass to find intersect 
	-> 1) Will set iter according to chooseChr and start and stop, and possibly using -sites
	-> Only read nSites: 2601320 will therefore prepare next chromosome (or exit)
	-> Done reading data from chromosome will prepare next chromosome
	-> Is in multi sfs, will now read data from chr:JASDQU010100212.1
	-> hello Im the master merge part of realSFS. and I'll now do a tripple bypass to find intersect 
	-> 1) Will set iter according to chooseChr and start and stop, and possibly using -sites
	-> Only read nSites: 2601413 will therefore prepare next chromosome (or exit)
	-> Done reading data from chromosome will prepare next chromosome
	-> Is in multi sfs, will now read data from chr:JASDQU010100214.1
	-> hello Im the master merge part of realSFS. and I'll now do a tripple bypass to find intersect 
	-> 1) Will set iter according to chooseChr and start and stop, and possibly using -sites
	-> Only read nSites: 2603055 will therefore prepare next chromosome (or exit)
	-> Done reading data from chromosome will prepare next chromosome
	-> Is in multi sfs, will now read data from chr:JASDQU010100215.1
	-> hello Im the master merge part of realSFS. and I'll now do a tripple bypass to find intersect 
	-> 1) Will set iter according to chooseChr and start and stop, and possibly using -sites
	-> Only read nSites: 2610048 will therefore prepare next chromosome (or exit)
	-> Done reading data from chromosome will prepare next chromosome
	-> Is in multi sfs, will now read data from chr:JASDQU010100216.1
	-> hello Im the master merge part of realSFS. and I'll now do a tripple bypass to find intersect 
	-> 1) Will set iter according to chooseChr and start and stop, and possibly using -sites
	-> Only read nSites: 2611502 will therefore prepare next chromosome (or exit)
	-> Done reading data from chromosome will prepare next chromosome
	-> Is in multi sfs, will now read data from chr:JASDQU010100217.1
	-> hello Im the master merge part of realSFS. and I'll now do a tripple bypass to find intersect 
	-> 1) Will set iter according to chooseChr and start and stop, and possibly using -sites
	-> Only read nSites: 2611975 will therefore prepare next chromosome (or exit)
	-> Done reading data from chromosome will prepare next chromosome
	-> Is in multi sfs, will now read data from chr:JASDQU010100218.1
	-> hello Im the master merge part of realSFS. and I'll now do a tripple bypass to find intersect 
	-> 1) Will set iter according to chooseChr and start and stop, and possibly using -sites
	-> Only read nSites: 2615089 will therefore prepare next chromosome (or exit)
	-> Done reading data from chromosome will prepare next chromosome
	-> Is in multi sfs, will now read data from chr:JASDQU010100220.1
	-> hello Im the master merge part of realSFS. and I'll now do a tripple bypass to find intersect 
	-> 1) Will set iter according to chooseChr and start and stop, and possibly using -sites
	-> Only read nSites: 2616470 will therefore prepare next chromosome (or exit)
	-> Done reading data from chromosome will prepare next chromosome
	-> Is in multi sfs, will now read data from chr:JASDQU010100224.1
	-> hello Im the master merge part of realSFS. and I'll now do a tripple bypass to find intersect 
	-> 1) Will set iter according to chooseChr and start and stop, and possibly using -sites
	-> Only read nSites: 2618466 will therefore prepare next chromosome (or exit)
	-> Done reading data from chromosome will prepare next chromosome
	-> Is in multi sfs, will now read data from chr:JASDQU010100226.1
	-> hello Im the master merge part of realSFS. and I'll now do a tripple bypass to find intersect 
	-> 1) Will set iter according to chooseChr and start and stop, and possibly using -sites
	-> Only read nSites: 2620129 will therefore prepare next chromosome (or exit)
	-> Done reading data from chromosome will prepare next chromosome
	-> Is in multi sfs, will now read data from chr:JASDQU010100231.1
	-> hello Im the master merge part of realSFS. and I'll now do a tripple bypass to find intersect 
	-> 1) Will set iter according to chooseChr and start and stop, and possibly using -sites
	-> Only read nSites: 2620835 will therefore prepare next chromosome (or exit)
	-> Done reading data from chromosome will prepare next chromosome
	-> Is in multi sfs, will now read data from chr:JASDQU010100233.1
	-> hello Im the master merge part of realSFS. and I'll now do a tripple bypass to find intersect 
	-> 1) Will set iter according to chooseChr and start and stop, and possibly using -sites
	-> Only read nSites: 2621140 will therefore prepare next chromosome (or exit)
	-> Done reading data from chromosome will prepare next chromosome
	-> Is in multi sfs, will now read data from chr:JASDQU010100234.1
	-> hello Im the master merge part of realSFS. and I'll now do a tripple bypass to find intersect 
	-> 1) Will set iter according to chooseChr and start and stop, and possibly using -sites
	-> Only read nSites: 2621364 will therefore prepare next chromosome (or exit)
	-> Done reading data from chromosome will prepare next chromosome
	-> Is in multi sfs, will now read data from chr:JASDQU010100239.1
	-> hello Im the master merge part of realSFS. and I'll now do a tripple bypass to find intersect 
	-> 1) Will set iter according to chooseChr and start and stop, and possibly using -sites
	-> Only read nSites: 2622081 will therefore prepare next chromosome (or exit)
	-> Done reading data from chromosome will prepare next chromosome
	-> Is in multi sfs, will now read data from chr:JASDQU010100241.1
	-> hello Im the master merge part of realSFS. and I'll now do a tripple bypass to find intersect 
	-> 1) Will set iter according to chooseChr and start and stop, and possibly using -sites
	-> Only read nSites: 2628434 will therefore prepare next chromosome (or exit)
	-> Done reading data from chromosome will prepare next chromosome
	-> Is in multi sfs, will now read data from chr:JASDQU010100242.1
	-> hello Im the master merge part of realSFS. and I'll now do a tripple bypass to find intersect 
	-> 1) Will set iter according to chooseChr and start and stop, and possibly using -sites
	-> Only read nSites: 2629543 will therefore prepare next chromosome (or exit)
	-> Done reading data from chromosome will prepare next chromosome
	-> Is in multi sfs, will now read data from chr:JASDQU010100243.1
	-> hello Im the master merge part of realSFS. and I'll now do a tripple bypass to find intersect 
	-> 1) Will set iter according to chooseChr and start and stop, and possibly using -sites
	-> Only read nSites: 2629601 will therefore prepare next chromosome (or exit)
	-> Done reading data from chromosome will prepare next chromosome
	-> Is in multi sfs, will now read data from chr:JASDQU010100245.1
	-> hello Im the master merge part of realSFS. and I'll now do a tripple bypass to find intersect 
	-> 1) Will set iter according to chooseChr and start and stop, and possibly using -sites
/var/spool/slurm/d/job1611028/slurm_script: line 32: 1467311 Killed                  realSFS ${INPUT}/${MYPOP}_${SUFFIX}.saf.idx -maxIter 1000 -tole 1e-6 -P 1 > ${OUT}/${MYPOP}_${SUFFIX}.sfs
	-> Version of fname:/users/a/j/ajones76/projects/eco_genomics_2025/population_genomics/mydata/ANGSD_RunD/2021_ALL.saf.idx is:2
	-> Assuming .saf.gz file: /users/a/j/ajones76/projects/eco_genomics_2025/population_genomics/mydata/ANGSD_RunD/2021_ALL.saf.gz
	-> Assuming .saf.pos.gz: /users/a/j/ajones76/projects/eco_genomics_2025/population_genomics/mydata/ANGSD_RunD/2021_ALL.saf.pos.gz
	-> args: tole:0.000000 nthreads:4 maxiter:100 nsites:0 start:/users/a/j/ajones76/projects/eco_genomics_2025/population_genomics/myresults/ANGSD_RunD/diversity/2021_ALL.sfs chr:(null) start:-1 stop:-1 fstout:/users/a/j/ajones76/projects/eco_genomics_2025/population_genomics/mydata/ANGSD_RunD/2021_ALL oldout:0 seed:-1 bootstrap:0 resample_chr:0 whichFst:0 fold:0 ref:(null) anc:(null)
	-> Will read chunks of size: 4096
	-> Reading: /users/a/j/ajones76/projects/eco_genomics_2025/population_genomics/myresults/ANGSD_RunD/diversity/2021_ALL.sfs assuming counts (will normalize to probs internally)
File:/users/a/j/ajones76/projects/eco_genomics_2025/population_genomics/myresults/ANGSD_RunD/diversity/2021_ALL.sfs looks empty
 thetaStat do_stat /users/a/j/ajones76/projects/eco_genomics_2025/population_genomics/mydata/ANGSD_RunD/2021_ALL.thetas.idx -win 50000 -step 50000 -outnames /users/a/j/ajones76/projects/eco_genomics_2025/population_genomics/myresults/ANGSD_RunD/diversity/2021_ALL_win50000_step50000.thetasWindow.gz
	Assuming binfile:/users/a/j/ajones76/projects/eco_genomics_2025/population_genomics/mydata/ANGSD_RunD/2021_ALL.thetas.gz and indexfile:/users/a/j/ajones76/projects/eco_genomics_2025/population_genomics/mydata/ANGSD_RunD/2021_ALL.thetas.idx
	-> Problems opening file: '/users/a/j/ajones76/projects/eco_genomics_2025/population_genomics/mydata/ANGSD_RunD/2021_ALL.thetas.idx'
cut: /users/a/j/ajones76/projects/eco_genomics_2025/population_genomics/myresults/ANGSD_RunD/diversity/2021_ALL.thetasWindow.gz.pestPG: No such file or directory
[2025-10-05T10:02:39.732] error: Detected 1 oom_kill event in StepId=1611028.batch. Some of the step tasks have been OOM Killed.
