region	chr	midPos	Nsites
(767,1162)(270388,270801)(250000,300000)	JASDQU010010013.1	275000	397	0.090619
(164,2315)(154310,163287)(150000,200000)	JASDQU010010031.1	175000	2153	0.205177
(1579,1996)(191701,192313)(150000,200000)	JASDQU010010034.1	175000	419	-0.006398
(692,1376)(211015,211701)(200000,250000)	JASDQU010010035.1	225000	686	0.042964
(191,304)(128764,128890)(100000,150000)	JASDQU010010040.1	125000	115	0.095231
(305,1208)(343091,343994)(300000,350000)	JASDQU010010040.1	325000	905	0.215896
(568,1053)(176403,188476)(150000,200000)	JASDQU010010049.1	175000	487	0.069024
(1951,2337)(153693,154097)(150000,200000)	JASDQU010010054.1	175000	388	0.023730
(103,622)(118476,119086)(100000,150000)	JASDQU010010058.1	125000	521	0.745309
(173,801)(248681,249514)(200000,250000)	JASDQU010010065.1	225000	630	0.494851
(802,854)(285354,285427)(250000,300000)	JASDQU010010065.1	275000	54	0.079278
(855,890)(394099,394143)(350000,400000)	JASDQU010010065.1	375000	37	0.182553
(659,807)(75189,75339)(50000,100000)	JASDQU010010068.1	75000	150	0.011358
(128,498)(158930,160270)(150000,200000)	JASDQU010010086.1	175000	372	0.000567
(404,467)(53733,53802)(50000,100000)	JASDQU010010095.1	75000	65	0.486997
(85,773)(324768,325458)(300000,350000)	JASDQU010010118.1	325000	690	0.389840
(2449,2544)(88149,88260)(50000,100000)	JASDQU010010129.1	75000	97	0.088495
(148,461)(50892,51219)(50000,100000)	JASDQU010010137.1	75000	315	0.427132
(913,1785)(57758,58647)(50000,100000)	JASDQU010010145.1	75000	874	-0.012124
(39,625)(247975,248580)(200000,250000)	JASDQU010010146.1	225000	588	0.354727
(626,1400)(250169,268071)(250000,300000)	JASDQU010010146.1	275000	776	0.168312
(1552,2318)(225270,227184)(200000,250000)	JASDQU010010155.1	225000	768	0.156207
(44,398)(335938,336426)(300000,350000)	JASDQU010010181.1	325000	356	0.046291
(1215,2349)(250000,251378)(250000,300000)	JASDQU010010184.1	275000	1136	0.396983
(1958,1985)(148726,148783)(100000,150000)	JASDQU010010186.1	125000	29	0.051143
(2389,3004)(50000,87834)(50000,100000)	JASDQU010010197.1	75000	617	0.424916
(4,269)(129170,129708)(100000,150000)	JASDQU010010218.1	125000	267	0.197194
(6320,6451)(100962,101100)(100000,150000)	JASDQU010010227.1	125000	133	-0.010550
(546,1507)(77884,82432)(50000,100000)	JASDQU010010231.1	75000	963	0.005606
(1508,3150)(302100,303894)(300000,350000)	JASDQU010010231.1	325000	1644	0.104866
(3151,3719)(487309,487979)(450000,500000)	JASDQU010010231.1	475000	570	-0.015942
(3720,3968)(503233,503691)(500000,550000)	JASDQU010010231.1	525000	250	0.010334
(2139,2761)(119962,120597)(100000,150000)	JASDQU010010234.1	125000	624	0.203778
(242,1549)(194105,196473)(150000,200000)	JASDQU010010245.1	175000	1309	0.292677
(324,1111)(61988,62784)(50000,100000)	JASDQU010010265.1	75000	789	0.277661
(539,857)(332602,333063)(300000,350000)	JASDQU010010271.1	325000	320	0.486485
(628,1513)(53704,54598)(50000,100000)	JASDQU010010292.1	75000	887	0.086158
(1514,1860)(290580,294582)(250000,300000)	JASDQU010010292.1	275000	348	0.049022
(1783,1916)(220373,220520)(200000,250000)	JASDQU010010307.1	225000	135	0.682945
(775,1364)(106679,107353)(100000,150000)	JASDQU010010310.1	125000	591	0.052206
(435,1152)(245540,246261)(200000,250000)	JASDQU010010323.1	225000	719	-0.031570
(692,1400)(78491,79204)(50000,100000)	JASDQU010010379.1	75000	710	0.229738
(206,1010)(75814,76700)(50000,100000)	JASDQU010010393.1	75000	806	0.108916
(759,860)(99521,99632)(50000,100000)	JASDQU010010406.1	75000	103	0.164216
(128,671)(203572,204285)(200000,250000)	JASDQU010010416.1	225000	545	0.065978
(501,692)(91278,91471)(50000,100000)	JASDQU010010419.1	75000	193	0.033144
(551,1278)(220859,237402)(200000,250000)	JASDQU010010437.1	225000	729	0.031003
(697,877)(101973,102154)(100000,150000)	JASDQU010010459.1	125000	182	0.013990
(306,392)(217875,218009)(200000,250000)	JASDQU010010510.1	225000	88	0.031447
(393,833)(254525,297209)(250000,300000)	JASDQU010010510.1	275000	442	0.035490
(1891,3067)(292725,296675)(250000,300000)	JASDQU010010524.1	275000	1178	0.243948
(120,2897)(50000,82980)(50000,100000)	JASDQU010010538.1	75000	2779	0.018290
(2898,4009)(294004,295154)(250000,300000)	JASDQU010010538.1	275000	1113	0.675842
(4010,5195)(437589,438848)(400000,450000)	JASDQU010010538.1	425000	1187	0.105131
(5196,5274)(481499,481581)(450000,500000)	JASDQU010010538.1	475000	80	0.051856
(679,6648)(225421,234732)(200000,250000)	JASDQU010010545.1	225000	5971	0.417009
(269,698)(229264,230183)(200000,250000)	JASDQU010010551.1	225000	431	0.047987
(257,1979)(59717,97147)(50000,100000)	JASDQU010010577.1	75000	1724	0.556968
(1980,1998)(300643,300661)(300000,350000)	JASDQU010010577.1	325000	20	0.043224
(425,510)(75657,75885)(50000,100000)	JASDQU010010589.1	75000	87	0.040094
(408,792)(111289,111830)(100000,150000)	JASDQU010010590.1	125000	386	0.073923
(177,1891)(181666,183542)(150000,200000)	JASDQU010010591.1	175000	1716	0.736705
(1179,1390)(78113,78324)(50000,100000)	JASDQU010010600.1	75000	213	0.024502
(788,1271)(236088,236607)(200000,250000)	JASDQU010010639.1	225000	485	0.270471
(122,2471)(164803,169551)(150000,200000)	JASDQU010010645.1	175000	2351	0.264878
(15,662)(108686,112170)(100000,150000)	JASDQU010010655.1	125000	649	0.487653
(763,867)(155733,155840)(150000,200000)	JASDQU010010661.1	175000	106	0.086989
(10,760)(111505,115930)(100000,150000)	JASDQU010010666.1	125000	752	0.004142
(761,3568)(161638,166445)(150000,200000)	JASDQU010010666.1	175000	2809	0.500520
(3569,3692)(397005,397130)(350000,400000)	JASDQU010010666.1	375000	125	0.020680
(3693,3816)(420743,420866)(400000,450000)	JASDQU010010666.1	425000	125	0.063725
(430,853)(75071,86469)(50000,100000)	JASDQU010010688.1	75000	425	0.066445
(21,32)(119775,119796)(100000,150000)	JASDQU010010689.1	125000	13	0.048388
(135,1454)(212750,214071)(200000,250000)	JASDQU010010690.1	225000	1321	0.300468
(336,697)(109913,110281)(100000,150000)	JASDQU010010692.1	125000	363	0.033576
(2290,2378)(75573,75707)(50000,100000)	JASDQU010010697.1	75000	90	0.080272
(269,884)(150000,150629)(150000,200000)	JASDQU010010711.1	175000	617	0.264746
(720,779)(88271,88334)(50000,100000)	JASDQU010010712.1	75000	61	0.077234
(207,724)(100000,100520)(100000,150000)	JASDQU010010736.1	125000	519	0.118734
(1081,1212)(58028,58163)(50000,100000)	JASDQU010010737.1	75000	133	0.059982
(1213,1239)(155921,155952)(150000,200000)	JASDQU010010737.1	175000	28	0.075256
(759,1562)(196222,197034)(150000,200000)	JASDQU010010770.1	175000	805	0.012068
(944,1976)(50752,51805)(50000,100000)	JASDQU010010788.1	75000	1034	0.180924
(227,239)(148392,148419)(100000,150000)	JASDQU010010812.1	125000	14	0.077075
(240,514)(159977,173233)(150000,200000)	JASDQU010010812.1	175000	276	0.034132
(515,516)(210106,210107)(200000,250000)	JASDQU010010812.1	225000	3	0.041608
(1905,2036)(117223,118255)(100000,150000)	JASDQU010010819.1	125000	133	0.062127
(184,2670)(109819,114130)(100000,150000)	JASDQU010010860.1	125000	2488	0.209173
(1833,4261)(82505,94523)(50000,100000)	JASDQU010010883.1	75000	2430	0.051749
(103,194)(181591,181704)(150000,200000)	JASDQU010010912.1	175000	93	0.070020
(413,1217)(144952,145775)(100000,150000)	JASDQU010010916.1	125000	806	0.065913
(976,1721)(51242,52014)(50000,100000)	JASDQU010010917.1	75000	747	0.153638
(1657,1754)(196995,197363)(150000,200000)	JASDQU010010949.1	175000	99	-0.008014
(351,1148)(72124,98030)(50000,100000)	JASDQU010010950.1	75000	799	0.120651
(701,712)(125784,125887)(100000,150000)	JASDQU010010955.1	125000	13	0.091285
(613,687)(201279,201705)(200000,250000)	JASDQU010010971.1	225000	76	0.022827
(211,1184)(70545,95006)(50000,100000)	JASDQU010010976.1	75000	975	0.496549
(1,397)(51521,58334)(50000,100000)	JASDQU010010977.1	75000	398	0.076689
(20,538)(86365,86898)(50000,100000)	JASDQU010011012.1	75000	520	0.140473
(2095,2232)(114939,115109)(100000,150000)	JASDQU010011022.1	125000	139	0.121088
(515,1092)(50181,83720)(50000,100000)	JASDQU010011027.1	75000	579	0.004351
(475,602)(272017,272555)(250000,300000)	JASDQU010011044.1	275000	129	0.042517
(562,590)(72923,72994)(50000,100000)	JASDQU010011046.1	75000	30	0.048302
(488,559)(56821,56902)(50000,100000)	JASDQU010011050.1	75000	73	0.066559
(605,1616)(59416,60441)(50000,100000)	JASDQU010011054.1	75000	1013	0.254453
(1617,1675)(245845,245908)(200000,250000)	JASDQU010011054.1	225000	60	0.566433
(887,1258)(170362,180711)(150000,200000)	JASDQU010011056.1	175000	373	0.366467
(197,403)(291563,291779)(250000,300000)	JASDQU010011088.1	275000	208	0.284414
(404,652)(342558,342854)(300000,350000)	JASDQU010011088.1	325000	250	0.035358
(796,1570)(302414,309258)(300000,350000)	JASDQU010011092.1	325000	776	0.224974
(1763,1990)(87708,87952)(50000,100000)	JASDQU010011112.1	75000	229	0.107894
(262,1046)(109837,124705)(100000,150000)	JASDQU010011116.1	125000	786	0.218395
(664,682)(50572,50594)(50000,100000)	JASDQU010011134.1	75000	20	0.070931
(122,1290)(234436,247314)(200000,250000)	JASDQU010011137.1	225000	1170	0.183123
(799,914)(55393,55811)(50000,100000)	JASDQU010011159.1	75000	117	0.355843
(703,1236)(156295,156966)(150000,200000)	JASDQU010011186.1	175000	535	0.054296
(278,456)(208194,208510)(200000,250000)	JASDQU010011208.1	225000	180	0.043437
(457,694)(349405,349644)(300000,350000)	JASDQU010011208.1	325000	239	0.165190
(754,1960)(123088,142549)(100000,150000)	JASDQU010011232.1	125000	1208	0.148227
(51,4468)(338723,343522)(300000,350000)	JASDQU010011246.1	325000	4419	0.196968
(175,234)(74123,74188)(50000,100000)	JASDQU010011254.1	75000	61	0.024586
(235,2301)(108512,142134)(100000,150000)	JASDQU010011254.1	125000	2068	0.252516
(2302,2414)(189307,189445)(150000,200000)	JASDQU010011254.1	175000	114	0.140487
(6,858)(55962,76392)(50000,100000)	JASDQU010011265.1	75000	854	0.106376
(230,1115)(198128,199021)(150000,200000)	JASDQU010011279.1	175000	887	0.305030
(47,757)(146308,147021)(100000,150000)	JASDQU010011285.1	125000	712	0.149353
(758,2060)(157611,158990)(150000,200000)	JASDQU010011285.1	175000	1304	0.130290
(1669,2516)(187072,187931)(150000,200000)	JASDQU010011294.1	175000	849	0.125506
(410,1832)(132364,133798)(100000,150000)	JASDQU010011299.1	125000	1424	0.714826
(1833,2423)(167362,197541)(150000,200000)	JASDQU010011299.1	175000	592	0.397953
(1177,1283)(150158,150293)(150000,200000)	JASDQU010011325.1	175000	108	0.171635
(836,1743)(154577,181826)(150000,200000)	JASDQU010011334.1	175000	909	0.082216
(305,1231)(143569,145051)(100000,150000)	JASDQU010011340.1	125000	928	0.058613
(57,112)(181769,181832)(150000,200000)	JASDQU010011388.1	175000	57	0.125806
(187,234)(279997,280057)(250000,300000)	JASDQU010011396.1	275000	49	0.108075
(349,652)(96327,96698)(50000,100000)	JASDQU010011404.1	75000	305	0.043626
(653,1177)(394545,395080)(350000,400000)	JASDQU010011404.1	375000	526	0.068708
(1178,1344)(419061,427174)(400000,450000)	JASDQU010011404.1	425000	168	0.104877
(1345,1435)(452130,452254)(450000,500000)	JASDQU010011404.1	475000	92	0.009218
(585,3202)(251748,270713)(250000,300000)	JASDQU010011406.1	275000	2619	0.139443
(994,1931)(102327,132110)(100000,150000)	JASDQU010011412.1	125000	939	0.161673
(2215,6734)(75730,98902)(50000,100000)	JASDQU010011434.1	75000	4521	0.198937
(143,277)(61537,61692)(50000,100000)	JASDQU010011435.1	75000	136	0.143191
(882,1504)(210307,210938)(200000,250000)	JASDQU010011445.1	225000	624	0.106907
(1084,1593)(55977,56658)(50000,100000)	JASDQU010011454.1	75000	511	0.004379
(1594,1734)(145313,145456)(100000,150000)	JASDQU010011454.1	125000	142	0.015012
(1735,2025)(324269,347494)(300000,350000)	JASDQU010011454.1	325000	292	0.131545
(808,956)(75219,75397)(50000,100000)	JASDQU010011495.1	75000	150	0.438485
(827,1807)(98196,99330)(50000,100000)	JASDQU010011509.1	75000	982	0.453931
(1776,1890)(140759,140891)(100000,150000)	JASDQU010011523.1	125000	116	0.264675
(2041,3159)(200263,236456)(200000,250000)	JASDQU010011528.1	225000	1120	0.500690
(33,610)(91798,92448)(50000,100000)	JASDQU010011550.1	75000	579	0.036845
(2034,4637)(106465,111718)(100000,150000)	JASDQU010011558.1	125000	2605	0.600961
(372,1896)(277977,279519)(250000,300000)	JASDQU010011655.1	275000	1526	0.140947
(362,417)(76503,76575)(50000,100000)	JASDQU010011658.1	75000	57	0.057230
(1906,2600)(229950,232078)(200000,250000)	JASDQU010011712.1	225000	696	0.152648
(2601,2626)(316921,316959)(300000,350000)	JASDQU010011712.1	325000	27	0.042291
(1490,3142)(70929,90123)(50000,100000)	JASDQU010011713.1	75000	1654	0.270538
(3143,3373)(248922,249158)(200000,250000)	JASDQU010011713.1	225000	232	0.033411
(151,231)(50461,50565)(50000,100000)	JASDQU010011725.1	75000	82	0.058976
(557,894)(205264,205603)(200000,250000)	JASDQU010011735.1	225000	339	0.554465
(382,1529)(150479,168829)(150000,200000)	JASDQU010011737.1	175000	1149	0.038751
(259,1732)(236806,238413)(200000,250000)	JASDQU010011741.1	225000	1475	0.114609
(2252,2327)(180423,180548)(150000,200000)	JASDQU010011755.1	175000	77	0.046146
(743,4838)(250000,256992)(250000,300000)	JASDQU010011766.1	275000	4097	0.334757
(747,864)(95108,95314)(50000,100000)	JASDQU010011792.1	75000	119	0.036940
(1473,2481)(184307,187827)(150000,200000)	JASDQU010011818.1	175000	1010	0.228657
(175,547)(68462,69873)(50000,100000)	JASDQU010011822.1	75000	374	0.200264
(604,1367)(67865,68667)(50000,100000)	JASDQU010011849.1	75000	765	0.617441
(307,838)(217949,243924)(200000,250000)	JASDQU010011854.1	225000	533	0.010113
(839,1184)(257165,258118)(250000,300000)	JASDQU010011854.1	275000	347	0.040544
(215,459)(100629,100917)(100000,150000)	JASDQU010011859.1	125000	246	0.650318
(503,534)(87595,87627)(50000,100000)	JASDQU010011862.1	75000	33	0.040973
(1252,1332)(236741,236824)(200000,250000)	JASDQU010011868.1	225000	82	0.057016
(165,559)(139616,140165)(100000,150000)	JASDQU010011895.1	125000	396	0.119196
(718,1049)(102008,133336)(100000,150000)	JASDQU010011928.1	125000	333	0.059905
(104,133)(104442,104521)(100000,150000)	JASDQU010011941.1	125000	31	0.018293
(190,2093)(175415,186215)(150000,200000)	JASDQU010011946.1	175000	1905	0.249310
(101,614)(113208,113736)(100000,150000)	JASDQU010011954.1	125000	515	0.234836
(542,1576)(74048,82818)(50000,100000)	JASDQU010011990.1	75000	1036	0.565013
(1784,2626)(50000,50844)(50000,100000)	JASDQU010012037.1	75000	844	0.404070
(108,248)(52506,52650)(50000,100000)	JASDQU010012102.1	75000	142	0.023737
(197,2417)(114054,117512)(100000,150000)	JASDQU010012175.1	125000	2222	0.099438
(42,1548)(211427,212962)(200000,250000)	JASDQU010012204.1	225000	1508	0.373438
(338,560)(138551,138832)(100000,150000)	JASDQU010012216.1	125000	224	0.623620
(603,1319)(306566,307296)(300000,350000)	JASDQU010012224.1	325000	718	0.179848
(1320,1331)(356076,356090)(350000,400000)	JASDQU010012224.1	375000	13	-0.012480
(409,1564)(148837,149999)(100000,150000)	JASDQU010012231.1	125000	1157	0.295226
(691,1320)(115145,115963)(100000,150000)	JASDQU010012247.1	125000	631	0.466428
(306,1138)(51543,53428)(50000,100000)	JASDQU010012267.1	75000	834	0.051456
(1550,1740)(60490,60921)(50000,100000)	JASDQU010012272.1	75000	192	0.100324
(34,106)(188607,188715)(150000,200000)	JASDQU010012284.1	175000	74	0.780648
(5241,6347)(51818,81710)(50000,100000)	JASDQU010012294.1	75000	1108	0.168656
(168,2937)(88146,91047)(50000,100000)	JASDQU010012295.1	75000	2771	0.136522
(447,1223)(107681,108468)(100000,150000)	JASDQU010012330.1	125000	778	0.358329
(1224,1235)(189639,189689)(150000,200000)	JASDQU010012330.1	175000	13	0.143803
(1236,4163)(443535,446936)(400000,450000)	JASDQU010012330.1	425000	2929	0.173927
(4164,4218)(499847,499909)(450000,500000)	JASDQU010012330.1	475000	56	0.040560
(413,1341)(161036,161996)(150000,200000)	JASDQU010012341.1	175000	930	0.432707
(29,389)(219416,219809)(200000,250000)	JASDQU010012357.1	225000	362	0.284638
(152,291)(53238,53377)(50000,100000)	JASDQU010012369.1	75000	141	0.058193
(1322,6313)(210795,235426)(200000,250000)	JASDQU010012376.1	225000	4993	0.044524
(939,1736)(150000,165610)(150000,200000)	JASDQU010012403.1	175000	799	0.011972
(919,1259)(51801,52153)(50000,100000)	JASDQU010012404.1	75000	342	0.242133
(161,277)(64308,64443)(50000,100000)	JASDQU010012418.1	75000	118	0.129878
(130,190)(211006,211080)(200000,250000)	JASDQU010012422.1	225000	62	0.036013
(6,1073)(118935,121392)(100000,150000)	JASDQU010012424.1	125000	1069	0.387802
(893,1141)(284713,284976)(250000,300000)	JASDQU010012430.1	275000	250	0.307762
(1526,2825)(53498,81776)(50000,100000)	JASDQU010012433.1	75000	1301	0.121087
(2542,2838)(150000,174791)(150000,200000)	JASDQU010012436.1	175000	298	0.039490
(2839,5447)(244072,246865)(200000,250000)	JASDQU010012436.1	225000	2610	0.180348
(610,713)(127977,128080)(100000,150000)	JASDQU010012453.1	125000	105	0.085273
(365,1735)(81290,93697)(50000,100000)	JASDQU010012481.1	75000	1372	0.195261
(834,1252)(126889,127386)(100000,150000)	JASDQU010012496.1	125000	420	0.042979
(1253,1892)(162034,162706)(150000,200000)	JASDQU010012496.1	175000	641	0.065514
(398,2343)(120206,139739)(100000,150000)	JASDQU010012519.1	125000	1947	0.283177
(1005,2317)(183730,185043)(150000,200000)	JASDQU010012534.1	175000	1314	0.296148
(2318,3077)(392732,393499)(350000,400000)	JASDQU010012534.1	375000	761	0.423650
(215,1374)(56280,89698)(50000,100000)	JASDQU010012559.1	75000	1161	0.096924
(1083,1085)(63261,63264)(50000,100000)	JASDQU010012579.1	75000	4	0.040400
(517,897)(145089,145511)(100000,150000)	JASDQU010012661.1	125000	382	0.290367
(1584,1654)(167081,167281)(150000,200000)	JASDQU010012676.1	175000	72	0.043669
(2232,4897)(50000,85707)(50000,100000)	JASDQU010012687.1	75000	2667	0.298022
(546,928)(231893,232405)(200000,250000)	JASDQU010012707.1	225000	384	0.066286
(427,1068)(163742,191494)(150000,200000)	JASDQU010012758.1	175000	643	0.207272
(510,893)(135352,135793)(100000,150000)	JASDQU010012783.1	125000	385	0.018346
(422,1791)(157288,190077)(150000,200000)	JASDQU010012785.1	175000	1371	0.054037
(1792,1937)(207771,207925)(200000,250000)	JASDQU010012785.1	225000	147	0.061005
(1918,2008)(100531,100626)(100000,150000)	JASDQU010012792.1	125000	92	0.020975
(2009,2837)(294006,295571)(250000,300000)	JASDQU010012792.1	275000	830	0.103139
(42,1988)(163534,196599)(150000,200000)	JASDQU010012815.1	175000	1948	0.115320
(7602,8231)(76016,76654)(50000,100000)	JASDQU010012840.1	75000	631	0.082470
(1039,1186)(95216,95410)(50000,100000)	JASDQU010012843.1	75000	149	0.028097
(2734,2813)(131613,131724)(100000,150000)	JASDQU010012850.1	125000	81	0.044717
(713,851)(199675,199813)(150000,200000)	JASDQU010012855.1	175000	140	0.066489
(368,1233)(115884,116754)(100000,150000)	JASDQU010012909.1	125000	867	0.703246
(935,1107)(100000,100189)(100000,150000)	JASDQU010012914.1	125000	174	0.030457
(68,343)(279121,279541)(250000,300000)	JASDQU010012930.1	275000	277	0.135255
(1810,2695)(77381,78267)(50000,100000)	JASDQU010012940.1	75000	887	0.159761
(664,1034)(344403,344803)(300000,350000)	JASDQU010012943.1	325000	372	0.031665
(289,427)(77806,77950)(50000,100000)	JASDQU010012960.1	75000	140	0.042656
(22,62)(100293,100342)(100000,150000)	JASDQU010012973.1	125000	42	0.085543
(165,217)(153302,153393)(150000,200000)	JASDQU010012977.1	175000	54	0.086335
(362,803)(102197,109617)(100000,150000)	JASDQU010013018.1	125000	443	0.023600
(119,975)(194611,195487)(150000,200000)	JASDQU010013037.1	175000	858	0.207348
(4325,4703)(51014,51474)(50000,100000)	JASDQU010013045.1	75000	380	0.115490
(486,676)(156295,194025)(150000,200000)	JASDQU010013080.1	175000	192	0.112959
(18,825)(170590,196361)(150000,200000)	JASDQU010013107.1	175000	809	0.183229
(128,379)(110428,110786)(100000,150000)	JASDQU010013110.1	125000	253	0.023198
(424,870)(204769,245283)(200000,250000)	JASDQU010013133.1	225000	448	0.045607
(1561,3744)(63507,69412)(50000,100000)	JASDQU010013151.1	75000	2185	0.166588
(1634,1634)(125658,125658)(100000,150000)	JASDQU010013165.1	125000	2	0.044511
(725,3252)(55031,67481)(50000,100000)	JASDQU010013177.1	75000	2529	0.506987
(295,1145)(72264,79627)(50000,100000)	JASDQU010013212.1	75000	852	0.043995
(34,1478)(91009,92625)(50000,100000)	JASDQU010013221.1	75000	1446	0.092027
(864,912)(99275,99323)(50000,100000)	JASDQU010013226.1	75000	50	0.091381
(60,1753)(184519,188597)(150000,200000)	JASDQU010013253.1	175000	1695	0.092129
(1151,1542)(183648,184653)(150000,200000)	JASDQU010013256.1	175000	393	0.049552
(201,880)(70699,79110)(50000,100000)	JASDQU010013259.1	75000	681	0.102792
(905,1893)(74974,81896)(50000,100000)	JASDQU010013271.1	75000	990	0.581425
(1894,2186)(161758,162095)(150000,200000)	JASDQU010013271.1	175000	294	0.025456
(2187,2665)(219963,220505)(200000,250000)	JASDQU010013271.1	225000	480	0.629418
(2177,2404)(219780,220031)(200000,250000)	JASDQU010013272.1	225000	229	0.462710
(224,285)(97723,97814)(50000,100000)	JASDQU010013282.1	75000	63	0.069882
(145,1171)(117569,118595)(100000,150000)	JASDQU010013285.1	125000	1028	0.198260
(990,1156)(100397,127177)(100000,150000)	JASDQU010013294.1	125000	168	0.089921
(101,546)(198952,199475)(150000,200000)	JASDQU010013303.1	175000	447	0.447419
(1017,1054)(204407,204481)(200000,250000)	JASDQU010013311.1	225000	39	0.048915
(242,945)(63206,63911)(50000,100000)	JASDQU010013315.1	75000	705	0.529160
(395,954)(60526,61105)(50000,100000)	JASDQU010013319.1	75000	561	0.419231
(704,1222)(70040,70568)(50000,100000)	JASDQU010013326.1	75000	520	0.037495
(946,1443)(163331,163864)(150000,200000)	JASDQU010013330.1	175000	499	0.193954
(113,1187)(106398,107476)(100000,150000)	JASDQU010013332.1	125000	1076	0.253649
(2071,2116)(222039,222085)(200000,250000)	JASDQU010013353.1	225000	47	0.295898
(166,297)(140338,140484)(100000,150000)	JASDQU010013357.1	125000	133	0.024514
(899,1820)(114333,115418)(100000,150000)	JASDQU010013361.1	125000	923	-0.030429
(1,84)(90156,90250)(50000,100000)	JASDQU010013389.1	75000	85	0.001007
(190,1284)(72179,97343)(50000,100000)	JASDQU010013423.1	75000	1096	0.480079
(205,366)(499810,499999)(450000,500000)	JASDQU010013459.1	475000	163	0.107467
(21,573)(115576,116144)(100000,150000)	JASDQU010013474.1	125000	554	0.075483
(758,1133)(86307,86717)(50000,100000)	JASDQU010013477.1	75000	377	0.631688
(1134,2059)(129302,145197)(100000,150000)	JASDQU010013477.1	125000	927	0.027605
(2060,3227)(168482,199999)(150000,200000)	JASDQU010013477.1	175000	1169	0.035219
(993,1269)(106840,107444)(100000,150000)	JASDQU010013500.1	125000	278	0.390864
(137,326)(100000,127011)(100000,150000)	JASDQU010013504.1	125000	191	0.113025
(327,837)(293065,298048)(250000,300000)	JASDQU010013504.1	275000	512	0.116573
(3364,3522)(94390,94563)(50000,100000)	JASDQU010013573.1	75000	160	0.056444
(352,485)(97375,97510)(50000,100000)	JASDQU010013607.1	75000	135	0.001600
(664,1488)(55276,89444)(50000,100000)	JASDQU010013629.1	75000	826	0.201042
(912,1967)(100325,103094)(100000,150000)	JASDQU010013654.1	125000	1057	0.144359
(549,676)(116596,116723)(100000,150000)	JASDQU010013668.1	125000	129	0.014914
(2628,3329)(148519,149999)(100000,150000)	JASDQU010013693.1	125000	703	0.103233
(415,989)(86665,87466)(50000,100000)	JASDQU010013698.1	75000	576	0.018548
(3312,4067)(150000,150755)(150000,200000)	JASDQU010013719.1	175000	757	0.316066
(162,2586)(203599,206704)(200000,250000)	JASDQU010013720.1	225000	2426	0.175154
(729,942)(106840,107153)(100000,150000)	JASDQU010013735.1	125000	215	0.008234
(4473,4591)(152989,153172)(150000,200000)	JASDQU010013740.1	175000	120	0.039314
(551,653)(150000,150102)(150000,200000)	JASDQU010013749.1	175000	104	0.020544
(307,1568)(80737,82407)(50000,100000)	JASDQU010013788.1	75000	1263	0.229912
(353,4553)(330277,336560)(300000,350000)	JASDQU010013845.1	325000	4202	0.116968
(2848,4045)(100813,121097)(100000,150000)	JASDQU010013892.1	125000	1199	0.271475
(2041,7340)(63629,80725)(50000,100000)	JASDQU010013931.1	75000	5301	0.469907
(1047,1702)(52841,58319)(50000,100000)	JASDQU010013938.1	75000	657	0.014003
(1703,1963)(123124,139550)(100000,150000)	JASDQU010013938.1	125000	262	0.156581
(341,2009)(122925,124675)(100000,150000)	JASDQU010013956.1	125000	1670	0.879129
(102,770)(237186,237857)(200000,250000)	JASDQU010013969.1	225000	670	0.065806
(422,2491)(101686,108805)(100000,150000)	JASDQU010013986.1	125000	2071	0.193501
(445,1567)(69122,73555)(50000,100000)	JASDQU010013996.1	75000	1124	0.010158
(691,843)(149401,149575)(100000,150000)	JASDQU010014056.1	125000	154	0.015551
(844,1020)(283828,284200)(250000,300000)	JASDQU010014056.1	275000	178	0.048151
(771,893)(298119,298399)(250000,300000)	JASDQU010014075.1	275000	124	0.083624
(107,487)(62139,62580)(50000,100000)	JASDQU010014087.1	75000	382	0.217186
(3185,3680)(100000,100517)(100000,150000)	JASDQU010014116.1	125000	497	0.603521
(673,2600)(61672,94459)(50000,100000)	JASDQU010014129.1	75000	1929	0.295705
(2601,3044)(156682,157134)(150000,200000)	JASDQU010014129.1	175000	445	0.236664
(430,796)(54319,54734)(50000,100000)	JASDQU010014170.1	75000	368	0.014328
(245,904)(255764,256469)(250000,300000)	JASDQU010014184.1	275000	661	0.063403
(467,4410)(50000,62378)(50000,100000)	JASDQU010014202.1	75000	3945	0.299699
(117,398)(385168,391211)(350000,400000)	JASDQU010014226.1	375000	283	0.031172
(628,1530)(291280,292207)(250000,300000)	JASDQU010014236.1	275000	904	0.195679
(395,590)(217121,217401)(200000,250000)	JASDQU010014249.1	225000	197	0.059520
(1392,1486)(168251,168351)(150000,200000)	JASDQU010014294.1	175000	96	0.546297
(844,1476)(156848,159427)(150000,200000)	JASDQU010014329.1	175000	634	0.021649
(1460,1533)(59565,59649)(50000,100000)	JASDQU010014331.1	75000	75	0.015961
(411,534)(50000,50123)(50000,100000)	JASDQU010014337.1	75000	125	-0.000177
(106,119)(92425,92440)(50000,100000)	JASDQU010014344.1	75000	15	0.255625
(159,1815)(78284,92083)(50000,100000)	JASDQU010014346.1	75000	1658	0.180676
(2002,2303)(201120,201729)(200000,250000)	JASDQU010014358.1	225000	303	0.066631
(693,1068)(84150,85276)(50000,100000)	JASDQU010014364.1	75000	377	0.042857
(1069,2370)(159400,160981)(150000,200000)	JASDQU010014364.1	175000	1303	0.270642
(110,170)(179665,179737)(150000,200000)	JASDQU010014365.1	175000	62	0.185210
(343,2488)(106373,111771)(100000,150000)	JASDQU010014401.1	125000	2147	0.330456
(275,1051)(65776,66561)(50000,100000)	JASDQU010014404.1	75000	778	0.860174
(121,4875)(108465,123942)(100000,150000)	JASDQU010014418.1	125000	4756	0.257840
(342,1860)(157599,178941)(150000,200000)	JASDQU010014452.1	175000	1520	0.061869
(248,587)(68613,68971)(50000,100000)	JASDQU010014468.1	75000	341	0.010679
(551,917)(121999,141156)(100000,150000)	JASDQU010014488.1	125000	368	0.008691
(918,1419)(205775,206368)(200000,250000)	JASDQU010014488.1	225000	503	0.161951
(481,1235)(58633,59519)(50000,100000)	JASDQU010014504.1	75000	756	0.351091
(1969,2570)(51480,52589)(50000,100000)	JASDQU010014523.1	75000	603	0.190830
(370,678)(119316,119714)(100000,150000)	JASDQU010014528.1	125000	310	0.603597
(205,1140)(247660,248723)(200000,250000)	JASDQU010014560.1	225000	937	0.076948
(1434,3112)(93681,96827)(50000,100000)	JASDQU010014564.1	75000	1680	0.341032
(549,2525)(101753,107838)(100000,150000)	JASDQU010014578.1	125000	1978	0.457752
(3144,9034)(69592,77403)(50000,100000)	JASDQU010014590.1	75000	5892	0.331498
(984,1610)(80690,84620)(50000,100000)	JASDQU010014614.1	75000	628	0.139922
(630,638)(58507,58519)(50000,100000)	JASDQU010014637.1	75000	10	0.039401
(808,2218)(171727,179628)(150000,200000)	JASDQU010014649.1	175000	1412	0.040605
(568,851)(224425,224741)(200000,250000)	JASDQU010014658.1	225000	285	0.025655
(539,687)(72176,72386)(50000,100000)	JASDQU010014738.1	75000	150	0.006162
(1175,1896)(230235,236880)(200000,250000)	JASDQU010014755.1	225000	723	0.020545
(1897,2827)(422191,423132)(400000,450000)	JASDQU010014755.1	425000	932	0.126397
(161,276)(250000,250115)(250000,300000)	JASDQU010014760.1	275000	117	0.013888
(483,1493)(63452,65392)(50000,100000)	JASDQU010014783.1	75000	1012	0.049096
(339,866)(50000,60354)(50000,100000)	JASDQU010014799.1	75000	529	0.255162
(1322,1414)(216766,216861)(200000,250000)	JASDQU010014802.1	225000	94	0.040941
(1808,2711)(131221,132128)(100000,150000)	JASDQU010014808.1	125000	905	0.009309
(218,3392)(54475,80633)(50000,100000)	JASDQU010014811.1	75000	3176	0.373490
(34,257)(81905,82260)(50000,100000)	JASDQU010014816.1	75000	225	0.113565
(3180,7944)(150000,165483)(150000,200000)	JASDQU010014828.1	175000	4766	0.234140
(479,814)(277713,278117)(250000,300000)	JASDQU010014832.1	275000	337	0.760651
(1280,1439)(117267,117434)(100000,150000)	JASDQU010014837.1	125000	161	0.196627
(499,931)(78968,96046)(50000,100000)	JASDQU010014848.1	75000	434	0.015150
(1547,1620)(98495,98571)(50000,100000)	JASDQU010014857.1	75000	75	0.020597
(25,612)(158927,159592)(150000,200000)	JASDQU010014878.1	175000	589	0.696946
(80,80)(181917,181917)(150000,200000)	JASDQU010014891.1	175000	2	0.046032
(1229,1309)(81393,81477)(50000,100000)	JASDQU010014898.1	75000	82	0.033918
(528,1015)(117843,123328)(100000,150000)	JASDQU010014920.1	125000	489	-0.000039
(69,257)(151231,151421)(150000,200000)	JASDQU010014943.1	175000	190	0.033172
(945,1066)(124943,125249)(100000,150000)	JASDQU010014962.1	125000	123	0.277430
(1387,7883)(338623,345955)(300000,350000)	JASDQU010014976.1	325000	6498	0.319704
(7884,8953)(362489,392520)(350000,400000)	JASDQU010014976.1	375000	1071	0.220230
(316,2552)(67723,93486)(50000,100000)	JASDQU010025279.1	75000	2238	0.265215
(336,2967)(53597,62138)(50000,100000)	JASDQU010026439.1	75000	2633	0.066290
(812,909)(111750,111855)(100000,150000)	JASDQU010026764.1	125000	99	0.049706
(1607,3229)(53211,54942)(50000,100000)	JASDQU010026955.1	75000	1624	0.449213
(2883,3394)(50560,51076)(50000,100000)	JASDQU010027415.1	75000	513	0.472584
(240,912)(51255,51930)(50000,100000)	JASDQU010027508.1	75000	674	-0.015244
(586,1561)(57784,77252)(50000,100000)	JASDQU010027586.1	75000	977	0.036087
(199,1026)(78516,79343)(50000,100000)	JASDQU010027663.1	75000	829	0.281507
(375,959)(84250,84863)(50000,100000)	JASDQU010027683.1	75000	586	0.018920
(1898,2903)(50000,51016)(50000,100000)	JASDQU010027695.1	75000	1007	0.534150
(757,930)(52057,52230)(50000,100000)	JASDQU010027878.1	75000	175	-0.000660
(2227,2921)(50000,53300)(50000,100000)	JASDQU010029920.1	75000	696	0.316443
(67,125)(53296,53386)(50000,100000)	JASDQU010029938.1	75000	60	0.073871
(151,446)(70984,71357)(50000,100000)	JASDQU010031406.1	75000	297	0.129867
(8156,9269)(53318,57133)(50000,100000)	JASDQU010031787.1	75000	1115	0.191475
(1085,3946)(50000,54571)(50000,100000)	JASDQU010096084.1	75000	2863	0.423867
(129,1518)(50000,51481)(50000,100000)	JASDQU010098651.1	75000	1391	0.422318
(5799,10955)(164607,174742)(150000,200000)	JASDQU010099703.1	175000	5158	0.247971
(135,1449)(237093,238451)(200000,250000)	JASDQU010099705.1	225000	1316	0.112018
(1450,1516)(410434,410620)(400000,450000)	JASDQU010099705.1	425000	68	0.098701
(1517,2188)(493363,494540)(450000,500000)	JASDQU010099705.1	475000	673	0.128438
(2189,2396)(882018,888143)(850000,900000)	JASDQU010099705.1	875000	209	0.049771
(991,1140)(262883,263036)(250000,300000)	JASDQU010099706.1	275000	151	0.158232
(691,2582)(797564,799458)(750000,800000)	JASDQU010099713.1	775000	1893	0.563201
(2583,3427)(848054,848912)(800000,850000)	JASDQU010099713.1	825000	846	0.387513
(311,1138)(408834,415067)(400000,450000)	JASDQU010099716.1	425000	829	0.246152
(1139,1409)(452081,479360)(450000,500000)	JASDQU010099716.1	475000	272	0.033725
(1410,4868)(508158,530994)(500000,550000)	JASDQU010099716.1	525000	3460	0.406636
(4869,4960)(554648,595528)(550000,600000)	JASDQU010099716.1	575000	93	0.011392
(363,906)(605490,606038)(600000,650000)	JASDQU010099717.1	625000	545	0.231744
(229,300)(93387,93470)(50000,100000)	JASDQU010099720.1	75000	73	0.041857
(301,1781)(102916,138397)(100000,150000)	JASDQU010099720.1	125000	1482	0.696071
(1782,2034)(242511,242784)(200000,250000)	JASDQU010099720.1	225000	254	0.290705
(2035,8712)(257220,289814)(250000,300000)	JASDQU010099720.1	275000	6679	0.382565
(8713,10084)(311231,334434)(300000,350000)	JASDQU010099720.1	325000	1373	0.254411
(10085,10419)(597244,597739)(550000,600000)	JASDQU010099720.1	575000	336	0.697925
(10420,12964)(745837,748533)(700000,750000)	JASDQU010099720.1	725000	2546	0.545335
(8,618)(202244,208360)(200000,250000)	JASDQU010099722.1	225000	612	0.003483
(619,1367)(743628,745633)(700000,750000)	JASDQU010099722.1	725000	750	0.307310
(1368,2158)(763109,764004)(750000,800000)	JASDQU010099722.1	775000	792	0.325134
(2159,2176)(881214,881233)(850000,900000)	JASDQU010099722.1	875000	19	0.040047
(687,1120)(152947,194601)(150000,200000)	JASDQU010099723.1	175000	435	0.052438
(1121,1391)(242773,243043)(200000,250000)	JASDQU010099723.1	225000	272	0.148272
(1392,1616)(299756,299980)(250000,300000)	JASDQU010099723.1	275000	226	0.022285
(1617,2046)(300020,300450)(300000,350000)	JASDQU010099723.1	325000	431	0.193595
(272,585)(95270,95660)(50000,100000)	JASDQU010099725.1	75000	315	0.497303
(586,1468)(116402,117284)(100000,150000)	JASDQU010099725.1	125000	884	0.563795
(2055,2407)(50840,51368)(50000,100000)	JASDQU010099729.1	75000	354	0.495745
(2408,2820)(141716,142150)(100000,150000)	JASDQU010099729.1	125000	414	0.175716
(641,878)(236098,236529)(200000,250000)	JASDQU010099734.1	225000	239	0.048332
(879,1658)(264801,265582)(250000,300000)	JASDQU010099734.1	275000	781	0.066433
(1102,1318)(244492,244783)(200000,250000)	JASDQU010099735.1	225000	218	0.065057
(1319,1769)(422085,422540)(400000,450000)	JASDQU010099735.1	425000	452	0.201919
(1770,1846)(891658,891737)(850000,900000)	JASDQU010099735.1	875000	78	0.050613
(170,1118)(338070,339025)(300000,350000)	JASDQU010099737.1	325000	950	0.099424
(497,3054)(166481,169557)(150000,200000)	JASDQU010099741.1	175000	2559	0.400043
(145,403)(151924,152235)(150000,200000)	JASDQU010099742.1	175000	260	0.232056
(5741,6135)(254944,255449)(250000,300000)	JASDQU010099745.1	275000	396	0.045563
(6136,6827)(337259,337954)(300000,350000)	JASDQU010099745.1	325000	693	0.071554
(6828,7103)(438286,442873)(400000,450000)	JASDQU010099745.1	425000	277	0.368080
(7104,7716)(455978,456596)(450000,500000)	JASDQU010099745.1	475000	614	0.268912
(643,1028)(178785,179338)(150000,200000)	JASDQU010099750.1	175000	387	0.017813
(363,466)(216917,217052)(200000,250000)	JASDQU010099752.1	225000	105	0.230057
(467,1007)(254065,264305)(250000,300000)	JASDQU010099752.1	275000	542	0.162550
(1008,2965)(612523,614506)(600000,650000)	JASDQU010099752.1	625000	1959	0.218528
(2966,2986)(862482,862504)(850000,900000)	JASDQU010099752.1	875000	22	0.109089
(614,1151)(200167,242715)(200000,250000)	JASDQU010099753.1	225000	539	0.035837
(1152,1276)(254419,254557)(250000,300000)	JASDQU010099753.1	275000	126	0.115517
(1277,1804)(494921,498768)(450000,500000)	JASDQU010099753.1	475000	529	0.318725
(1805,2506)(510356,511078)(500000,550000)	JASDQU010099753.1	525000	703	0.360640
(2507,3235)(717774,718521)(700000,750000)	JASDQU010099753.1	725000	730	-0.008868
(860,1966)(234174,242097)(200000,250000)	JASDQU010099755.1	225000	1108	0.213579
(182,628)(254990,255438)(250000,300000)	JASDQU010099758.1	275000	448	0.151719
(131,387)(441693,442038)(400000,450000)	JASDQU010099759.1	425000	258	0.013808
(388,707)(553534,554011)(550000,600000)	JASDQU010099759.1	575000	321	0.018968
(708,2003)(870699,890262)(850000,900000)	JASDQU010099759.1	875000	1297	0.357583
(1329,1472)(149279,149459)(100000,150000)	JASDQU010099761.1	125000	145	0.433585
(1473,1669)(166164,166381)(150000,200000)	JASDQU010099761.1	175000	198	0.032106
(1670,1682)(286920,286966)(250000,300000)	JASDQU010099761.1	275000	14	0.047166
(280,353)(370651,370754)(350000,400000)	JASDQU010099762.1	375000	75	0.026107
(142,163)(178036,178070)(150000,200000)	JASDQU010099763.1	175000	23	0.548043
(164,683)(359760,374066)(350000,400000)	JASDQU010099763.1	375000	521	0.027177
(684,904)(448669,448975)(400000,450000)	JASDQU010099763.1	425000	222	0.242368
(202,546)(86759,87323)(50000,100000)	JASDQU010099769.1	75000	346	0.022391
(547,2095)(117694,120741)(100000,150000)	JASDQU010099769.1	125000	1550	0.117263
(2096,3207)(209181,239022)(200000,250000)	JASDQU010099769.1	225000	1113	0.106227
(510,566)(176543,176612)(150000,200000)	JASDQU010099770.1	175000	58	0.302016
(567,1367)(408647,415969)(400000,450000)	JASDQU010099770.1	425000	802	0.070359
(1368,1657)(543647,543949)(500000,550000)	JASDQU010099770.1	525000	291	-0.009024
(1658,1725)(890683,890765)(850000,900000)	JASDQU010099770.1	875000	69	0.021363
(1726,2004)(1000243,1000618)(1000000,1050000)	JASDQU010099770.1	1025000	280	0.420762
(562,989)(153634,154069)(150000,200000)	JASDQU010099771.1	175000	429	0.372597
(1256,1533)(100000,100281)(100000,150000)	JASDQU010099775.1	125000	279	0.353640
(469,3155)(164713,199506)(150000,200000)	JASDQU010099776.1	175000	2688	0.362544
(3156,3441)(201034,225648)(200000,250000)	JASDQU010099776.1	225000	287	0.065239
(3442,3602)(490174,490403)(450000,500000)	JASDQU010099776.1	475000	162	0.054648
(3603,11649)(511267,528956)(500000,550000)	JASDQU010099776.1	525000	8048	0.173932
(4131,4670)(79744,80335)(50000,100000)	JASDQU010099777.1	75000	541	0.005559
(4671,4950)(426601,427051)(400000,450000)	JASDQU010099777.1	425000	281	0.214477
(962,1024)(461999,462073)(450000,500000)	JASDQU010099780.1	475000	64	0.263589
(1025,1143)(572226,572357)(550000,600000)	JASDQU010099780.1	575000	120	0.125843
(50,374)(193894,194296)(150000,200000)	JASDQU010099786.1	175000	326	0.289657
(1059,1065)(199684,199691)(150000,200000)	JASDQU010099791.1	175000	8	0.038860
(1066,1117)(235624,235677)(200000,250000)	JASDQU010099791.1	225000	53	0.080032
(3770,7069)(117345,126904)(100000,150000)	JASDQU010099796.1	125000	3301	0.454774
(660,1174)(224827,225472)(200000,250000)	JASDQU010099797.1	225000	516	0.031447
(1175,1435)(379377,379869)(350000,400000)	JASDQU010099797.1	375000	262	0.048166
(203,2907)(488545,499462)(450000,500000)	JASDQU010099799.1	475000	2706	0.469801
(2908,3283)(686332,686718)(650000,700000)	JASDQU010099799.1	675000	377	0.050795
(3284,3725)(759379,792990)(750000,800000)	JASDQU010099799.1	775000	443	0.044286
(159,898)(168946,182455)(150000,200000)	JASDQU010099800.1	175000	741	0.039761
(899,2206)(453661,456861)(450000,500000)	JASDQU010099800.1	475000	1309	0.001111
(2207,2207)(835477,835477)(800000,850000)	JASDQU010099800.1	825000	2	0.045120
(2344,2759)(186670,187103)(150000,200000)	JASDQU010099802.1	175000	417	0.251363
(305,444)(459817,459999)(450000,500000)	JASDQU010099808.1	475000	141	0.372504
(445,458)(531206,531228)(500000,550000)	JASDQU010099808.1	525000	15	0.065117
(509,617)(372886,373082)(350000,400000)	JASDQU010099814.1	375000	110	0.151022
(709,893)(369460,369649)(350000,400000)	JASDQU010099816.1	375000	186	0.075685
(724,1599)(204645,214890)(200000,250000)	JASDQU010099818.1	225000	877	0.422303
(1600,2754)(332347,347707)(300000,350000)	JASDQU010099818.1	325000	1156	0.028622
(2755,3148)(467687,468854)(450000,500000)	JASDQU010099818.1	475000	395	0.009335
(3149,3521)(519277,522625)(500000,550000)	JASDQU010099818.1	525000	374	0.859142
(53,206)(371396,371573)(350000,400000)	JASDQU010099819.1	375000	155	-0.012646
(207,2554)(411242,414816)(400000,450000)	JASDQU010099819.1	425000	2349	0.366528
(3434,3580)(54360,54630)(50000,100000)	JASDQU010099827.1	75000	148	0.073057
(3581,4382)(148983,149794)(100000,150000)	JASDQU010099827.1	125000	803	0.024664
(4383,4478)(168132,168230)(150000,200000)	JASDQU010099827.1	175000	97	0.024843
(4479,5299)(261531,299999)(250000,300000)	JASDQU010099827.1	275000	822	0.098973
(5300,5507)(300000,310224)(300000,350000)	JASDQU010099827.1	325000	209	0.059264
(5508,5514)(466374,466380)(450000,500000)	JASDQU010099827.1	475000	8	0.051260
(1579,2135)(510270,532232)(500000,550000)	JASDQU010099828.1	525000	558	0.669459
(2136,2178)(559662,559745)(550000,600000)	JASDQU010099828.1	575000	44	0.324042
(2179,2189)(846990,847004)(800000,850000)	JASDQU010099828.1	825000	12	0.145315
(2190,3085)(1162385,1163387)(1150000,1200000)	JASDQU010099828.1	1175000	897	0.660994
(3086,3930)(1296929,1297924)(1250000,1300000)	JASDQU010099828.1	1275000	846	0.038302
(3931,5313)(1540220,1541605)(1500000,1550000)	JASDQU010099828.1	1525000	1384	0.292794
(465,589)(392056,392187)(350000,400000)	JASDQU010099831.1	375000	126	0.052703
(590,1087)(407875,408373)(400000,450000)	JASDQU010099831.1	425000	499	0.510944
(75,601)(247738,248268)(200000,250000)	JASDQU010099835.1	225000	528	0.249285
(389,490)(182611,182720)(150000,200000)	JASDQU010099843.1	175000	103	0.068617
(2415,3398)(228897,230705)(200000,250000)	JASDQU010099844.1	225000	985	0.415504
(3399,3874)(266789,267358)(250000,300000)	JASDQU010099844.1	275000	477	0.130626
(3875,4379)(312005,312534)(300000,350000)	JASDQU010099844.1	325000	506	0.298690
(4380,5390)(385429,386441)(350000,400000)	JASDQU010099844.1	375000	1012	0.265567
(5391,6429)(448373,449434)(400000,450000)	JASDQU010099844.1	425000	1040	0.200613
(169,195)(151887,151919)(150000,200000)	JASDQU010099846.1	175000	28	0.056076
(196,1525)(328368,342270)(300000,350000)	JASDQU010099846.1	325000	1331	0.045755
(1526,2000)(389231,389783)(350000,400000)	JASDQU010099846.1	375000	476	0.104825
(2001,2858)(442553,443420)(400000,450000)	JASDQU010099846.1	425000	859	0.266752
(113,145)(53154,53211)(50000,100000)	JASDQU010099847.1	75000	34	0.029466
(146,548)(203853,204332)(200000,250000)	JASDQU010099847.1	225000	404	0.278638
(549,587)(273329,273378)(250000,300000)	JASDQU010099847.1	275000	40	0.066415
(1875,2839)(114866,115837)(100000,150000)	JASDQU010099848.1	125000	966	0.529512
(677,721)(432917,432984)(400000,450000)	JASDQU010099849.1	425000	46	0.137302
(722,959)(480121,480394)(450000,500000)	JASDQU010099849.1	475000	239	0.745955
(960,1550)(532775,533369)(500000,550000)	JASDQU010099849.1	525000	592	0.397776
(471,1162)(106173,106867)(100000,150000)	JASDQU010099851.1	125000	693	0.295902
(1163,1378)(235008,235236)(200000,250000)	JASDQU010099851.1	225000	217	0.002285
(1379,1764)(278951,279357)(250000,300000)	JASDQU010099851.1	275000	387	0.034447
(120,3253)(242165,245358)(200000,250000)	JASDQU010099852.1	225000	3135	0.636698
(3254,6418)(261081,279226)(250000,300000)	JASDQU010099852.1	275000	3166	0.298224
(6419,7828)(313409,315359)(300000,350000)	JASDQU010099852.1	325000	1411	0.490711
(7829,9863)(807938,838137)(800000,850000)	JASDQU010099852.1	825000	2036	0.268326
(9864,10132)(897174,897488)(850000,900000)	JASDQU010099852.1	875000	270	0.021734
(10133,10527)(938295,942940)(900000,950000)	JASDQU010099852.1	925000	396	0.111976
(10528,12840)(990131,992593)(950000,1000000)	JASDQU010099852.1	975000	2314	0.262636
(12841,14708)(1000721,1008201)(1000000,1050000)	JASDQU010099852.1	1025000	1869	0.317713
(14709,14753)(1100362,1100444)(1100000,1150000)	JASDQU010099852.1	1125000	46	0.006691
(597,694)(109242,109363)(100000,150000)	JASDQU010099857.1	125000	99	0.026483
(695,888)(314586,315023)(300000,350000)	JASDQU010099857.1	325000	195	0.064776
(889,1238)(464859,467904)(450000,500000)	JASDQU010099857.1	475000	351	0.038223
(1239,1449)(561734,561959)(550000,600000)	JASDQU010099857.1	575000	212	0.088594
(1450,1556)(658696,658811)(650000,700000)	JASDQU010099857.1	675000	108	0.035193
(242,1010)(190480,191284)(150000,200000)	JASDQU010099863.1	175000	770	0.508287
(1011,3967)(213542,227622)(200000,250000)	JASDQU010099863.1	225000	2958	0.529767
(3968,4036)(264145,264229)(250000,300000)	JASDQU010099863.1	275000	70	0.478528
(4037,4041)(320505,320541)(300000,350000)	JASDQU010099863.1	325000	6	0.050280
(4042,4676)(411583,412228)(400000,450000)	JASDQU010099863.1	425000	636	0.104975
(4677,4678)(460894,460897)(450000,500000)	JASDQU010099863.1	475000	3	0.070882
(4679,4812)(527975,528109)(500000,550000)	JASDQU010099863.1	525000	135	0.028431
(4813,5557)(550361,552088)(550000,600000)	JASDQU010099863.1	575000	746	0.090107
(114,201)(158998,159088)(150000,200000)	JASDQU010099864.1	175000	89	0.032429
(202,400)(295747,296055)(250000,300000)	JASDQU010099864.1	275000	200	0.009489
(401,3174)(386031,388900)(350000,400000)	JASDQU010099864.1	375000	2775	0.197740
(3175,5662)(455560,493037)(450000,500000)	JASDQU010099864.1	475000	2489	0.266311
(83,941)(186973,194342)(150000,200000)	JASDQU010099868.1	175000	860	0.046894
(942,1820)(335218,337601)(300000,350000)	JASDQU010099868.1	325000	880	0.316597
(1821,5046)(352551,358905)(350000,400000)	JASDQU010099868.1	375000	3227	0.191079
(393,542)(206257,206421)(200000,250000)	JASDQU010099869.1	225000	151	-0.000786
(543,817)(258282,260139)(250000,300000)	JASDQU010099869.1	275000	276	0.176001
(1473,2215)(120995,121835)(100000,150000)	JASDQU010099871.1	125000	744	0.342605
(2216,2336)(185521,185772)(150000,200000)	JASDQU010099871.1	175000	122	0.076222
(1499,1582)(119699,119793)(100000,150000)	JASDQU010099874.1	125000	85	0.397420
(1583,2542)(166755,167950)(150000,200000)	JASDQU010099874.1	175000	961	0.432434
(2543,2557)(201041,201069)(200000,250000)	JASDQU010099874.1	225000	16	0.051738
(2558,2892)(250790,286333)(250000,300000)	JASDQU010099874.1	275000	336	0.042321
(2893,3100)(300360,300752)(300000,350000)	JASDQU010099874.1	325000	209	0.050224
(3101,3111)(538593,538604)(500000,550000)	JASDQU010099874.1	525000	12	0.192242
(3112,4009)(856275,879503)(850000,900000)	JASDQU010099874.1	875000	899	0.264150
(4010,4117)(922561,922677)(900000,950000)	JASDQU010099874.1	925000	109	0.018430
(716,1018)(218811,219253)(200000,250000)	JASDQU010099875.1	225000	304	0.256948
(1019,1312)(340096,340407)(300000,350000)	JASDQU010099875.1	325000	295	0.037772
(1313,1787)(361461,361965)(350000,400000)	JASDQU010099875.1	375000	476	0.358256
(1788,2318)(400295,400834)(400000,450000)	JASDQU010099875.1	425000	532	0.256519
(606,2138)(597108,599263)(550000,600000)	JASDQU010099876.1	575000	1534	0.387611
(2,45)(456651,456924)(450000,500000)	JASDQU010099877.1	475000	45	0.198127
(126,905)(604662,649400)(600000,650000)	JASDQU010099880.1	625000	781	0.149791
(445,1775)(214267,215685)(200000,250000)	JASDQU010099890.1	225000	1332	0.302817
(2379,2926)(413723,414351)(400000,450000)	JASDQU010099891.1	425000	549	0.055930
(2927,3202)(456861,457249)(450000,500000)	JASDQU010099891.1	475000	277	0.028840
(502,1207)(160326,192302)(150000,200000)	JASDQU010099893.1	175000	707	0.120394
(1208,2007)(209885,210848)(200000,250000)	JASDQU010099893.1	225000	801	0.021513
(2008,2131)(379880,380008)(350000,400000)	JASDQU010099893.1	375000	125	0.033433
(2132,2961)(596724,597600)(550000,600000)	JASDQU010099893.1	575000	831	0.323599
(2962,3708)(654675,655434)(650000,700000)	JASDQU010099893.1	675000	748	0.404815
(3709,6276)(730807,738507)(700000,750000)	JASDQU010099893.1	725000	2569	0.213029
(6277,6673)(780052,780463)(750000,800000)	JASDQU010099893.1	775000	398	0.016882
(6674,8142)(878999,886668)(850000,900000)	JASDQU010099893.1	875000	1470	0.214400
(980,2620)(159120,160797)(150000,200000)	JASDQU010099897.1	175000	1642	0.309395
(2621,3568)(284458,285414)(250000,300000)	JASDQU010099897.1	275000	949	0.244919
(3569,3591)(439093,439231)(400000,450000)	JASDQU010099897.1	425000	24	-0.010697
(3592,3709)(509624,509743)(500000,550000)	JASDQU010099897.1	525000	119	0.028006
(126,135)(707672,707688)(700000,750000)	JASDQU010099899.1	725000	11	0.228325
(100,4018)(262859,288391)(250000,300000)	JASDQU010099903.1	275000	3920	0.453377
(247,477)(188544,188774)(150000,200000)	JASDQU010099906.1	175000	232	0.041146
(730,797)(551732,551804)(550000,600000)	JASDQU010099908.1	575000	69	-0.001837
(798,973)(600558,600830)(600000,650000)	JASDQU010099908.1	625000	177	0.024434
(974,1571)(688342,688951)(650000,700000)	JASDQU010099908.1	675000	599	0.118992
(1572,1853)(760001,766687)(750000,800000)	JASDQU010099908.1	775000	283	0.061732
(1854,1921)(838262,838463)(800000,850000)	JASDQU010099908.1	825000	69	0.100326
(2225,4579)(234657,237763)(200000,250000)	JASDQU010099909.1	225000	2356	0.284581
(135,206)(643759,643883)(600000,650000)	JASDQU010099911.1	625000	73	0.042149
(207,440)(655186,655439)(650000,700000)	JASDQU010099911.1	675000	235	0.231931
(441,569)(884003,884133)(850000,900000)	JASDQU010099911.1	875000	130	0.093759
(570,813)(906283,906545)(900000,950000)	JASDQU010099911.1	925000	245	0.190310
(814,1740)(1119093,1120107)(1100000,1150000)	JASDQU010099911.1	1125000	928	0.118955
(253,1330)(114344,115459)(100000,150000)	JASDQU010099912.1	125000	1079	0.095569
(6,545)(448376,449117)(400000,450000)	JASDQU010099919.1	425000	541	0.341238
(546,946)(533013,536592)(500000,550000)	JASDQU010099919.1	525000	402	0.448604
(67,233)(198159,198348)(150000,200000)	JASDQU010099923.1	175000	168	0.023510
(234,846)(273961,274661)(250000,300000)	JASDQU010099923.1	275000	614	0.168599
(847,3794)(683286,689427)(650000,700000)	JASDQU010099923.1	675000	2949	0.171955
(104,1434)(612219,614192)(600000,650000)	JASDQU010099924.1	625000	1332	0.183219
(1435,3351)(727295,737138)(700000,750000)	JASDQU010099924.1	725000	1918	0.130000
(353,574)(156114,156336)(150000,200000)	JASDQU010099928.1	175000	223	0.071092
(575,1005)(249096,249786)(200000,250000)	JASDQU010099928.1	225000	432	0.028722
(370,542)(349814,349999)(300000,350000)	JASDQU010099931.1	325000	174	0.415728
(543,3222)(350000,352688)(350000,400000)	JASDQU010099931.1	375000	2681	0.287397
(3223,4717)(464772,467021)(450000,500000)	JASDQU010099931.1	475000	1496	0.149177
(4718,6630)(561465,577923)(550000,600000)	JASDQU010099931.1	575000	1914	0.235225
(6631,7367)(791804,792564)(750000,800000)	JASDQU010099931.1	775000	738	0.331584
(7368,7578)(858905,859185)(850000,900000)	JASDQU010099931.1	875000	212	0.035614
(7579,8364)(908176,909003)(900000,950000)	JASDQU010099931.1	925000	787	0.135887
(8365,8963)(1395260,1398024)(1350000,1400000)	JASDQU010099931.1	1375000	600	0.021198
(8964,9773)(1417813,1418658)(1400000,1450000)	JASDQU010099931.1	1425000	811	0.407581
(9774,10774)(1515670,1523309)(1500000,1550000)	JASDQU010099931.1	1525000	1002	0.366486
(10775,10891)(1794903,1795023)(1750000,1800000)	JASDQU010099931.1	1775000	118	0.052021
(10892,11068)(1806545,1841694)(1800000,1850000)	JASDQU010099931.1	1825000	178	0.057723
(11069,11798)(2025118,2039582)(2000000,2050000)	JASDQU010099931.1	2025000	731	0.239642
(11799,11834)(2060413,2060453)(2050000,2100000)	JASDQU010099931.1	2075000	37	0.007449
(11835,12093)(2605832,2606129)(2600000,2650000)	JASDQU010099931.1	2625000	260	0.057427
(344,640)(217029,217382)(200000,250000)	JASDQU010099932.1	225000	298	0.040343
(958,2343)(724262,725668)(700000,750000)	JASDQU010099935.1	725000	1387	0.363706
(187,1522)(265153,266509)(250000,300000)	JASDQU010099938.1	275000	1337	0.018286
(1523,2327)(316629,349172)(300000,350000)	JASDQU010099938.1	325000	806	0.164114
(2328,2637)(375558,391517)(350000,400000)	JASDQU010099938.1	375000	311	0.047773
(2638,2732)(540349,541305)(500000,550000)	JASDQU010099938.1	525000	96	0.097781
(146,375)(157252,157645)(150000,200000)	JASDQU010099939.1	175000	231	0.095318
(376,836)(340795,341337)(300000,350000)	JASDQU010099939.1	325000	462	-0.003189
(837,1149)(394010,394532)(350000,400000)	JASDQU010099939.1	375000	314	0.033455
(301,819)(292388,292953)(250000,300000)	JASDQU010099945.1	275000	520	0.132715
(820,1238)(335924,336372)(300000,350000)	JASDQU010099945.1	325000	420	0.023836
(1239,1325)(387073,387185)(350000,400000)	JASDQU010099945.1	375000	88	0.090434
(241,455)(440757,440973)(400000,450000)	JASDQU010099946.1	425000	216	0.115765
(1284,1812)(50000,50539)(50000,100000)	JASDQU010099950.1	75000	530	0.052854
(1813,2107)(202655,210202)(200000,250000)	JASDQU010099950.1	225000	296	0.024484
(2108,2191)(275453,275767)(250000,300000)	JASDQU010099950.1	275000	85	0.102011
(1175,1701)(61996,62688)(50000,100000)	JASDQU010099951.1	75000	528	0.529709
(216,585)(158819,159210)(150000,200000)	JASDQU010099953.1	175000	371	0.283624
(586,595)(460878,460934)(450000,500000)	JASDQU010099953.1	475000	11	0.041427
(506,511)(167926,167931)(150000,200000)	JASDQU010099954.1	175000	7	0.051415
(512,608)(249829,249999)(200000,250000)	JASDQU010099954.1	225000	98	0.031111
(609,3313)(250000,292675)(250000,300000)	JASDQU010099954.1	275000	2706	0.127117
(130,193)(484292,484379)(450000,500000)	JASDQU010099956.1	475000	65	0.012991
(187,1900)(212364,246477)(200000,250000)	JASDQU010099957.1	225000	1715	0.491661
(1901,3102)(253783,255018)(250000,300000)	JASDQU010099957.1	275000	1203	0.570836
(3103,3695)(394688,395309)(350000,400000)	JASDQU010099957.1	375000	594	0.264588
(3696,3810)(457434,457559)(450000,500000)	JASDQU010099957.1	475000	116	0.065933
(3811,3970)(534199,534369)(500000,550000)	JASDQU010099957.1	525000	161	0.047413
(614,1470)(266921,268080)(250000,300000)	JASDQU010099958.1	275000	858	0.176522
(1471,6926)(438334,445258)(400000,450000)	JASDQU010099958.1	425000	5457	0.283235
(94,379)(316344,316663)(300000,350000)	JASDQU010099964.1	325000	287	0.522349
(937,1557)(124822,125447)(100000,150000)	JASDQU010099970.1	125000	622	0.326462
(67,5233)(215553,220857)(200000,250000)	JASDQU010099971.1	225000	5168	0.218020
(705,1369)(168811,169475)(150000,200000)	JASDQU010099973.1	175000	666	0.477350
(422,448)(176832,177064)(150000,200000)	JASDQU010099974.1	175000	28	0.101812
(356,623)(204645,204921)(200000,250000)	JASDQU010099976.1	225000	269	0.025313
(624,3329)(455542,459815)(450000,500000)	JASDQU010099976.1	475000	2707	0.219562
(2359,2994)(173970,199999)(150000,200000)	JASDQU010099977.1	175000	637	0.121908
(2995,3217)(200000,200248)(200000,250000)	JASDQU010099977.1	225000	224	0.247867
(3218,3334)(399881,399999)(350000,400000)	JASDQU010099977.1	375000	118	0.019391
(3335,3353)(400000,400019)(400000,450000)	JASDQU010099977.1	425000	20	0.165563
(3354,5965)(1063422,1097926)(1050000,1100000)	JASDQU010099977.1	1075000	2613	0.179412
(653,1951)(250000,257465)(250000,300000)	JASDQU010099979.1	275000	1300	0.556010
(1439,1895)(336857,337394)(300000,350000)	JASDQU010099980.1	325000	458	0.069576
(1896,2826)(437542,438489)(400000,450000)	JASDQU010099980.1	425000	932	0.228717
(750,938)(263432,263692)(250000,300000)	JASDQU010099985.1	275000	190	0.053390
(939,1105)(496335,496581)(450000,500000)	JASDQU010099985.1	475000	168	0.053856
(1106,1882)(523135,523914)(500000,550000)	JASDQU010099985.1	525000	778	0.316809
(57,415)(289883,290293)(250000,300000)	JASDQU010099986.1	275000	360	0.245523
(416,2108)(301916,328484)(300000,350000)	JASDQU010099986.1	325000	1694	0.047177
(367,773)(308285,308736)(300000,350000)	JASDQU010099987.1	325000	408	0.067320
(774,1107)(635416,640085)(600000,650000)	JASDQU010099987.1	625000	335	0.036909
(396,1262)(421093,421961)(400000,450000)	JASDQU010099989.1	425000	868	0.506634
(1710,2131)(221902,242170)(200000,250000)	JASDQU010099990.1	225000	423	0.199418
(2132,3196)(276386,277559)(250000,300000)	JASDQU010099990.1	275000	1066	0.171262
(3197,3482)(312373,312661)(300000,350000)	JASDQU010099990.1	325000	287	0.053928
(3483,3634)(444605,444767)(400000,450000)	JASDQU010099990.1	425000	153	0.051825
(38,70)(519852,519898)(500000,550000)	JASDQU010100001.1	525000	34	0.030676
(926,2322)(305722,307119)(300000,350000)	JASDQU010100002.1	325000	1398	0.659705
(2323,2399)(363722,363816)(350000,400000)	JASDQU010100002.1	375000	78	0.093125
(2400,2977)(488769,494496)(450000,500000)	JASDQU010100002.1	475000	579	0.024366
(5,1473)(323305,329474)(300000,350000)	JASDQU010100006.1	325000	1470	0.093869
(228,399)(199805,199998)(150000,200000)	JASDQU010100008.1	175000	173	0.007900
(400,402)(200000,200003)(200000,250000)	JASDQU010100008.1	225000	4	0.040371
(1649,1978)(522704,523053)(500000,550000)	JASDQU010100011.1	525000	331	0.008507
(1979,2483)(584285,584797)(550000,600000)	JASDQU010100011.1	575000	506	-0.003563
(2484,2736)(675898,676215)(650000,700000)	JASDQU010100011.1	675000	254	0.004383
(2737,3013)(861380,861668)(850000,900000)	JASDQU010100011.1	875000	278	0.028785
(18,686)(156454,157131)(150000,200000)	JASDQU010100012.1	175000	670	0.338407
(687,745)(468167,468258)(450000,500000)	JASDQU010100012.1	475000	60	0.039882
(746,1118)(525765,526164)(500000,550000)	JASDQU010100012.1	525000	374	-0.003617
(1119,1672)(646973,647577)(600000,650000)	JASDQU010100012.1	625000	555	0.022472
(26,1011)(507910,508913)(500000,550000)	JASDQU010100015.1	525000	987	0.201692
(1012,1167)(591046,591203)(550000,600000)	JASDQU010100015.1	575000	157	0.032346
(4368,5126)(242925,243693)(200000,250000)	JASDQU010100019.1	225000	760	0.274670
(89,379)(50443,50870)(50000,100000)	JASDQU010100022.1	75000	292	0.490603
(380,399)(114793,114843)(100000,150000)	JASDQU010100022.1	125000	21	0.053736
(789,870)(93674,96802)(50000,100000)	JASDQU010100026.1	75000	83	0.136031
(573,743)(349802,349999)(300000,350000)	JASDQU010100032.1	325000	172	0.158434
(23,1472)(270547,280343)(250000,300000)	JASDQU010100035.1	275000	1451	0.475041
(105,799)(173550,178588)(150000,200000)	JASDQU010100039.1	175000	696	0.520954
(1144,1360)(357256,357503)(350000,400000)	JASDQU010100042.1	375000	218	0.383351
(1149,1152)(368549,368552)(350000,400000)	JASDQU010100043.1	375000	5	0.042290
(279,1540)(308397,309675)(300000,350000)	JASDQU010100044.1	325000	1263	0.454173
(1541,2185)(527976,528631)(500000,550000)	JASDQU010100044.1	525000	646	0.456892
(1,108)(197475,197602)(150000,200000)	JASDQU010100045.1	175000	109	0.046911
(109,132)(367615,367642)(350000,400000)	JASDQU010100045.1	375000	25	0.061137
(133,661)(445079,445614)(400000,450000)	JASDQU010100045.1	425000	530	0.148114
(662,1163)(698455,698974)(650000,700000)	JASDQU010100045.1	675000	503	0.400349
(3121,4920)(50000,82898)(50000,100000)	JASDQU010100046.1	75000	1801	0.099073
(4921,5992)(120350,130822)(100000,150000)	JASDQU010100046.1	125000	1073	0.876803
(5993,6079)(246849,246939)(200000,250000)	JASDQU010100046.1	225000	88	0.074187
(542,1006)(211487,212645)(200000,250000)	JASDQU010100048.1	225000	466	0.025499
(1007,1202)(259712,259948)(250000,300000)	JASDQU010100048.1	275000	197	-0.002052
(1203,4851)(743936,749999)(700000,750000)	JASDQU010100048.1	725000	3650	0.463113
(174,525)(417613,417966)(400000,450000)	JASDQU010100054.1	425000	353	-0.024279
(2,92)(80055,80154)(50000,100000)	JASDQU010100055.1	75000	92	0.034945
(93,2886)(186419,192091)(150000,200000)	JASDQU010100055.1	175000	2795	0.377426
(893,1011)(290681,290844)(250000,300000)	JASDQU010100056.1	275000	120	0.025847
(597,1212)(284247,284894)(250000,300000)	JASDQU010100057.1	275000	617	0.818939
(1213,2563)(360714,362130)(350000,400000)	JASDQU010100057.1	375000	1352	0.402815
(2126,2608)(271823,272320)(250000,300000)	JASDQU010100058.1	275000	484	0.020591
(219,510)(263373,263669)(250000,300000)	JASDQU010100060.1	275000	293	0.041368
(785,1381)(285247,285851)(250000,300000)	JASDQU010100063.1	275000	598	0.166384
(1382,2856)(354791,387248)(350000,400000)	JASDQU010100063.1	375000	1476	0.080008
(2857,3969)(507842,508955)(500000,550000)	JASDQU010100063.1	525000	1114	0.300198
(3970,3970)(587616,587616)(550000,600000)	JASDQU010100063.1	575000	2	0.047111
(3971,4182)(617587,617813)(600000,650000)	JASDQU010100063.1	625000	213	0.255006
(176,1205)(310231,311274)(300000,350000)	JASDQU010100071.1	325000	1031	0.070539
(874,1369)(108242,146594)(100000,150000)	JASDQU010100073.1	125000	497	0.401739
(1370,3005)(569976,571637)(550000,600000)	JASDQU010100073.1	575000	1637	0.273455
(740,2216)(302287,338323)(300000,350000)	JASDQU010100082.1	325000	1478	0.130902
(2217,3040)(389518,390348)(350000,400000)	JASDQU010100082.1	375000	825	0.368553
(1714,2513)(318938,319750)(300000,350000)	JASDQU010100083.1	325000	801	0.019187
(3279,3596)(218770,224324)(200000,250000)	JASDQU010100087.1	225000	319	0.038925
(3597,3687)(289207,289315)(250000,300000)	JASDQU010100087.1	275000	92	0.026559
(3688,5355)(301242,347364)(300000,350000)	JASDQU010100087.1	325000	1669	0.281720
(126,993)(121145,122026)(100000,150000)	JASDQU010100089.1	125000	869	0.651517
(160,391)(197920,198381)(150000,200000)	JASDQU010100090.1	175000	233	0.005202
(392,503)(288525,288644)(250000,300000)	JASDQU010100090.1	275000	113	0.019680
(504,1182)(398532,399222)(350000,400000)	JASDQU010100090.1	375000	680	0.136884
(1183,2569)(416779,444214)(400000,450000)	JASDQU010100090.1	425000	1388	0.074615
(417,668)(387223,387568)(350000,400000)	JASDQU010100091.1	375000	253	0.031033
(669,675)(567068,567335)(550000,600000)	JASDQU010100091.1	575000	8	0.038889
(676,1008)(629489,649999)(600000,650000)	JASDQU010100091.1	625000	334	0.027337
(718,1158)(102906,134835)(100000,150000)	JASDQU010100096.1	125000	442	0.245181
(1159,1253)(256106,256206)(250000,300000)	JASDQU010100096.1	275000	96	0.674510
(1254,1784)(399467,399999)(350000,400000)	JASDQU010100096.1	375000	532	0.681293
(1785,5605)(400000,404336)(400000,450000)	JASDQU010100096.1	425000	3822	0.277741
(35,97)(177580,177697)(150000,200000)	JASDQU010100098.1	175000	64	0.346460
(98,497)(258903,259308)(250000,300000)	JASDQU010100098.1	275000	401	0.040806
(2351,4138)(159799,162015)(150000,200000)	JASDQU010100102.1	175000	1789	0.409394
(47,246)(332350,332555)(300000,350000)	JASDQU010100106.1	325000	201	0.325782
(999,2881)(376070,399999)(350000,400000)	JASDQU010100108.1	375000	1884	0.239085
(2882,3372)(400000,400491)(400000,450000)	JASDQU010100108.1	425000	492	0.317387
(59,761)(326808,327533)(300000,350000)	JASDQU010100109.1	325000	704	0.031114
(762,1181)(598036,598456)(550000,600000)	JASDQU010100109.1	575000	421	0.024035
(1182,1507)(676012,676448)(650000,700000)	JASDQU010100109.1	675000	327	0.063729
(1508,1637)(723571,723718)(700000,750000)	JASDQU010100109.1	725000	131	0.036359
(69,551)(772636,773120)(750000,800000)	JASDQU010100113.1	775000	484	0.034117
(552,1257)(825160,836816)(800000,850000)	JASDQU010100113.1	825000	707	0.062153
(1790,3918)(380989,394157)(350000,400000)	JASDQU010100118.1	375000	2130	0.136558
(3919,4639)(414445,415177)(400000,450000)	JASDQU010100118.1	425000	722	0.295382
(4640,5304)(464425,465758)(450000,500000)	JASDQU010100118.1	475000	666	0.395115
(5305,5745)(515564,543021)(500000,550000)	JASDQU010100118.1	525000	442	0.031491
(200,466)(310065,310452)(300000,350000)	JASDQU010100120.1	325000	268	0.005748
(467,3814)(355103,358981)(350000,400000)	JASDQU010100120.1	375000	3349	0.092992
(3815,5337)(747981,749987)(700000,750000)	JASDQU010100120.1	725000	1524	0.118464
(5338,7018)(750067,752432)(750000,800000)	JASDQU010100120.1	775000	1682	0.238240
(291,1522)(337613,340662)(300000,350000)	JASDQU010100121.1	325000	1233	0.421118
(121,268)(110640,110843)(100000,150000)	JASDQU010100128.1	125000	149	0.226018
(269,314)(368879,388799)(350000,400000)	JASDQU010100128.1	375000	47	0.307903
(315,661)(556433,556936)(550000,600000)	JASDQU010100128.1	575000	348	0.004094
(496,1765)(123533,125191)(100000,150000)	JASDQU010100129.1	125000	1271	0.060258
(1766,4263)(192144,194704)(150000,200000)	JASDQU010100129.1	175000	2499	0.105234
(4264,4341)(244558,244642)(200000,250000)	JASDQU010100129.1	225000	79	0.085744
(4179,5547)(434501,436792)(400000,450000)	JASDQU010100136.1	425000	1370	0.206752
(5548,6367)(559231,560051)(550000,600000)	JASDQU010100136.1	575000	821	0.266995
(6368,7063)(611476,612190)(600000,650000)	JASDQU010100136.1	625000	697	0.013012
(7064,8484)(719750,749999)(700000,750000)	JASDQU010100136.1	725000	1422	0.011198
(480,729)(150114,150363)(150000,200000)	JASDQU010100139.1	175000	251	0.256153
(193,978)(500015,514030)(500000,550000)	JASDQU010100141.1	525000	787	0.034194
(979,5289)(1067329,1078670)(1050000,1100000)	JASDQU010100141.1	1075000	4312	0.161801
(1336,1497)(181882,182325)(150000,200000)	JASDQU010100142.1	175000	163	0.080192
(1498,1652)(227192,227354)(200000,250000)	JASDQU010100142.1	225000	156	0.071847
(1653,1924)(347395,347738)(300000,350000)	JASDQU010100142.1	325000	273	0.072608
(1925,2936)(463640,474228)(450000,500000)	JASDQU010100142.1	475000	1013	0.089758
(1012,1751)(251122,251862)(250000,300000)	JASDQU010100145.1	275000	741	0.541663
(1752,1827)(336586,336982)(300000,350000)	JASDQU010100145.1	325000	77	0.067910
(2195,2865)(271292,271970)(250000,300000)	JASDQU010100148.1	275000	672	0.130572
(2866,3460)(318785,319422)(300000,350000)	JASDQU010100148.1	325000	596	0.306164
(163,569)(701009,707497)(700000,750000)	JASDQU010100149.1	725000	408	-0.005111
(570,1139)(895631,896202)(850000,900000)	JASDQU010100149.1	875000	571	0.324625
(1140,1430)(997080,997383)(950000,1000000)	JASDQU010100149.1	975000	292	0.041829
(104,1981)(180020,199855)(150000,200000)	JASDQU010100150.1	175000	1879	0.517945
(1982,1993)(349838,349863)(300000,350000)	JASDQU010100150.1	325000	13	0.048358
(60,181)(342272,342400)(300000,350000)	JASDQU010100151.1	325000	123	0.014597
(182,1223)(383981,387048)(350000,400000)	JASDQU010100151.1	375000	1043	0.353959
(1224,1670)(449043,449510)(400000,450000)	JASDQU010100151.1	425000	448	-0.001724
(1671,1785)(535933,536051)(500000,550000)	JASDQU010100151.1	525000	116	0.033999
(43,46)(169107,169111)(150000,200000)	JASDQU010100153.1	175000	5	0.044655
(436,1173)(188159,188904)(150000,200000)	JASDQU010100155.1	175000	739	0.242237
(786,928)(75764,75932)(50000,100000)	JASDQU010100159.1	75000	144	0.342980
(672,1909)(237713,249399)(200000,250000)	JASDQU010100161.1	225000	1239	0.301991
(1910,4785)(250906,253901)(250000,300000)	JASDQU010100161.1	275000	2877	0.536526
(616,623)(51458,51470)(50000,100000)	JASDQU010100164.1	75000	9	0.014923
(624,1619)(155623,156712)(150000,200000)	JASDQU010100164.1	175000	997	0.341251
(149,551)(302900,303368)(300000,350000)	JASDQU010100166.1	325000	404	0.107134
(1210,1292)(580361,580447)(550000,600000)	JASDQU010100170.1	575000	84	-0.006958
(1293,2439)(834561,835769)(800000,850000)	JASDQU010100170.1	825000	1148	0.586470
(2440,2587)(899842,899998)(850000,900000)	JASDQU010100170.1	875000	149	0.147487
(2588,3492)(900001,900912)(900000,950000)	JASDQU010100170.1	925000	906	0.358391
(972,1355)(669570,670029)(650000,700000)	JASDQU010100172.1	675000	385	0.063800
(1205,1994)(356485,357274)(350000,400000)	JASDQU010100175.1	375000	791	0.261052
(1995,2273)(422786,423066)(400000,450000)	JASDQU010100175.1	425000	280	0.219184
(2274,3067)(457896,458726)(450000,500000)	JASDQU010100175.1	475000	795	0.257627
(3068,3268)(533443,533675)(500000,550000)	JASDQU010100175.1	525000	202	0.017824
(1249,1249)(64944,64944)(50000,100000)	JASDQU010100176.1	75000	2	0.041150
(697,905)(76265,76564)(50000,100000)	JASDQU010100179.1	75000	210	0.367400
(906,5696)(190204,199999)(150000,200000)	JASDQU010100179.1	175000	4792	0.141537
(62,123)(716729,716840)(700000,750000)	JASDQU010100185.1	725000	63	0.036010
(108,123)(102766,102783)(100000,150000)	JASDQU010100194.1	125000	17	0.056882
(46,342)(394293,394604)(350000,400000)	JASDQU010100196.1	375000	298	0.020796
(1580,1696)(211988,212258)(200000,250000)	JASDQU010100198.1	225000	118	0.054866
(1697,2966)(307812,309413)(300000,350000)	JASDQU010100198.1	325000	1271	0.562970
(2967,4835)(365478,368003)(350000,400000)	JASDQU010100198.1	375000	1870	0.440777
(4836,4837)(432620,432621)(400000,450000)	JASDQU010100198.1	425000	3	0.041460
(1065,1069)(51039,51043)(50000,100000)	JASDQU010100199.1	75000	6	0.037740
(428,574)(510639,523289)(500000,550000)	JASDQU010100214.1	525000	148	0.045533
(575,831)(650020,650510)(650000,700000)	JASDQU010100214.1	675000	258	0.109814
(8,846)(70131,70972)(50000,100000)	JASDQU010100215.1	75000	840	0.158929
(847,1032)(124943,125183)(100000,150000)	JASDQU010100215.1	125000	187	0.074272
(1033,3785)(245285,249999)(200000,250000)	JASDQU010100215.1	225000	2754	0.142790
(3786,4868)(250000,272712)(250000,300000)	JASDQU010100215.1	275000	1084	0.029259
(4869,5656)(508715,509504)(500000,550000)	JASDQU010100215.1	525000	789	0.273599
(5657,6715)(836937,838037)(800000,850000)	JASDQU010100215.1	825000	1060	0.417379
(6716,6993)(1151360,1151702)(1150000,1200000)	JASDQU010100215.1	1175000	279	0.188839
(17,716)(64384,65098)(50000,100000)	JASDQU010100218.1	75000	701	0.402509
(717,1005)(233373,233733)(200000,250000)	JASDQU010100218.1	225000	290	0.046463
(1006,2088)(329561,339861)(300000,350000)	JASDQU010100218.1	325000	1084	0.076032
(1571,1574)(54531,54655)(50000,100000)	JASDQU010100226.1	75000	5	0.053966
(5937,5964)(278833,278865)(250000,300000)	JASDQU010100241.1	275000	29	0.029204
(5965,6439)(418994,419579)(400000,450000)	JASDQU010100241.1	425000	476	0.015115
(6440,6707)(529576,531608)(500000,550000)	JASDQU010100241.1	525000	269	0.012225
(954,1089)(502612,502748)(500000,550000)	JASDQU010100242.1	525000	137	0.027851
(23,52)(122746,122858)(100000,150000)	JASDQU010100245.1	125000	31	0.051498
(1121,1509)(276343,276854)(250000,300000)	JASDQU010100249.1	275000	390	0.054747
(1046,2646)(164676,174336)(150000,200000)	JASDQU010100251.1	175000	1602	0.121431
(280,451)(339831,340143)(300000,350000)	JASDQU010100253.1	325000	173	0.004000
(1055,1139)(749326,749413)(700000,750000)	JASDQU010100254.1	725000	86	0.050682
(133,294)(486184,486345)(450000,500000)	JASDQU010100256.1	475000	163	0.426378
(801,5619)(200000,217736)(200000,250000)	JASDQU010100259.1	225000	4820	0.026489
(71,1166)(97161,98887)(50000,100000)	JASDQU010100260.1	75000	1097	0.030663
(1167,1462)(104136,104678)(100000,150000)	JASDQU010100260.1	125000	297	0.031441
(1463,1900)(269108,269571)(250000,300000)	JASDQU010100260.1	275000	439	0.244297
(1901,1937)(312854,312891)(300000,350000)	JASDQU010100260.1	325000	38	0.079902
(1938,2068)(468759,468890)(450000,500000)	JASDQU010100260.1	475000	132	0.021509
(370,981)(277407,278139)(250000,300000)	JASDQU010100261.1	275000	613	0.028764
(982,1066)(309892,310006)(300000,350000)	JASDQU010100261.1	325000	86	0.195547
(1067,2420)(359573,363613)(350000,400000)	JASDQU010100261.1	375000	1355	0.028096
(2421,3720)(506469,537379)(500000,550000)	JASDQU010100261.1	525000	1301	0.062443
(497,1101)(76351,77241)(50000,100000)	JASDQU010100263.1	75000	606	0.160598
(1102,1205)(284809,284917)(250000,300000)	JASDQU010100263.1	275000	105	0.035039
(615,1680)(321107,349999)(300000,350000)	JASDQU010100265.1	325000	1067	0.060500
(1681,2577)(350000,358839)(350000,400000)	JASDQU010100265.1	375000	898	0.072848
(2578,4014)(428002,439833)(400000,450000)	JASDQU010100265.1	425000	1438	0.141418
(664,732)(184544,184619)(150000,200000)	JASDQU010100266.1	175000	70	0.048788
(733,1105)(475157,475542)(450000,500000)	JASDQU010100266.1	475000	374	-0.014358
(1028,1881)(203708,247021)(200000,250000)	JASDQU010100268.1	225000	855	0.318170
(188,1237)(248417,249491)(200000,250000)	JASDQU010100270.1	225000	1051	0.373129
(1238,1299)(374783,374852)(350000,400000)	JASDQU010100270.1	375000	63	0.053801
(1359,2053)(87672,88369)(50000,100000)	JASDQU010100272.1	75000	696	0.682309
(2054,2617)(165475,166040)(150000,200000)	JASDQU010100272.1	175000	565	0.045570
(138,181)(379928,379986)(350000,400000)	JASDQU010100274.1	375000	45	0.064024
(154,973)(186057,186879)(150000,200000)	JASDQU010100280.1	175000	821	0.368385
(644,1591)(69527,70502)(50000,100000)	JASDQU010100282.1	75000	949	0.354645
(825,940)(418858,418977)(400000,450000)	JASDQU010100283.1	425000	117	0.035771
(941,1834)(454789,455683)(450000,500000)	JASDQU010100283.1	475000	895	0.583282
(720,724)(442442,442446)(400000,450000)	JASDQU010100294.1	425000	6	0.066662
(2664,3683)(125508,136524)(100000,150000)	JASDQU010100298.1	125000	1021	0.392137
(3684,6714)(159517,163600)(150000,200000)	JASDQU010100298.1	175000	3032	0.382519
(948,2080)(255572,265150)(250000,300000)	JASDQU010100302.1	275000	1134	0.010339
(2081,2439)(518153,518605)(500000,550000)	JASDQU010100302.1	525000	360	0.443648
(2440,5967)(593944,599999)(550000,600000)	JASDQU010100302.1	575000	3529	0.541683
(162,1915)(160908,163603)(150000,200000)	JASDQU010100304.1	175000	1755	0.291032
(1916,2177)(203676,204058)(200000,250000)	JASDQU010100304.1	225000	263	0.131168
(2178,2586)(332424,349331)(300000,350000)	JASDQU010100304.1	325000	410	0.048666
(6,182)(450142,450339)(450000,500000)	JASDQU010100310.1	475000	178	0.064505
(1095,4435)(208711,212074)(200000,250000)	JASDQU010100312.1	225000	3342	0.127458
(4436,5342)(474939,490159)(450000,500000)	JASDQU010100312.1	475000	908	0.086012
(877,1015)(207067,207205)(200000,250000)	JASDQU010100314.1	225000	140	0.075806
(172,198)(356805,356835)(350000,400000)	JASDQU010100317.1	375000	28	0.066426
(199,1287)(496011,499135)(450000,500000)	JASDQU010100317.1	475000	1090	0.097281
(1288,1923)(513758,528377)(500000,550000)	JASDQU010100317.1	525000	637	0.605665
(54,114)(172178,172243)(150000,200000)	JASDQU010100318.1	175000	62	0.051349
(914,926)(304828,304843)(300000,350000)	JASDQU010100323.1	325000	14	0.059676
(508,798)(173891,179786)(150000,200000)	JASDQU010100325.1	175000	292	0.051704
(799,1258)(215904,216482)(200000,250000)	JASDQU010100325.1	225000	461	0.536073
(226,330)(63011,63349)(50000,100000)	JASDQU010100331.1	75000	106	0.020934
(331,335)(206813,206828)(200000,250000)	JASDQU010100331.1	225000	6	0.021592
(336,1342)(303507,304537)(300000,350000)	JASDQU010100331.1	325000	1008	0.296656
(1343,2760)(365368,383217)(350000,400000)	JASDQU010100331.1	375000	1419	0.194731
(2761,6171)(402503,409836)(400000,450000)	JASDQU010100331.1	425000	3412	0.227659
(6172,6214)(475779,475825)(450000,500000)	JASDQU010100331.1	475000	44	0.060006
(118,291)(470358,470534)(450000,500000)	JASDQU010100334.1	475000	175	0.099007
(25,897)(223758,225777)(200000,250000)	JASDQU010100336.1	225000	874	0.378244
(898,1575)(333935,334616)(300000,350000)	JASDQU010100336.1	325000	679	0.647755
(1576,1990)(441776,442194)(400000,450000)	JASDQU010100336.1	425000	416	0.571518
(1991,2067)(579171,579289)(550000,600000)	JASDQU010100336.1	575000	78	0.260683
(1100,1949)(107616,108495)(100000,150000)	JASDQU010100337.1	125000	851	0.116904
(678,1039)(71102,71570)(50000,100000)	JASDQU010100341.1	75000	363	0.044843
(1040,1509)(304282,317599)(300000,350000)	JASDQU010100341.1	325000	471	0.063417
(1510,1516)(353876,353976)(350000,400000)	JASDQU010100341.1	375000	8	-0.022271
(55,245)(99508,99710)(50000,100000)	JASDQU010100342.1	75000	192	0.046884
(1437,2080)(645457,646104)(600000,650000)	JASDQU010100343.1	625000	645	0.207417
(3399,8397)(200000,214595)(200000,250000)	JASDQU010100345.1	225000	5000	0.420438
(82,269)(170515,170702)(150000,200000)	JASDQU010100350.1	175000	189	-0.002850
(270,1802)(416882,419012)(400000,450000)	JASDQU010100350.1	425000	1534	0.127777
(711,1521)(94291,95124)(50000,100000)	JASDQU010100359.1	75000	812	0.245105
(1522,1529)(101156,101163)(100000,150000)	JASDQU010100359.1	125000	9	0.043087
(1530,3778)(214056,219986)(200000,250000)	JASDQU010100359.1	225000	2250	0.165322
(136,276)(103040,103180)(100000,150000)	JASDQU010100362.1	125000	142	0.081245
(277,3388)(159346,163994)(150000,200000)	JASDQU010100362.1	175000	3113	0.233681
(457,750)(356591,356963)(350000,400000)	JASDQU010100367.1	375000	295	0.082934
(751,4091)(407582,415621)(400000,450000)	JASDQU010100367.1	425000	3342	0.167378
(1534,1556)(235846,235888)(200000,250000)	JASDQU010100371.1	225000	24	0.006057
(1557,2705)(295545,297734)(250000,300000)	JASDQU010100371.1	275000	1150	0.501863
(1342,1406)(453586,453659)(450000,500000)	JASDQU010100372.1	475000	66	0.071025
(764,1552)(151780,152575)(150000,200000)	JASDQU010100375.1	175000	790	0.335467
(1553,1844)(337038,343901)(300000,350000)	JASDQU010100375.1	325000	293	0.037317
(1845,1941)(356016,356302)(350000,400000)	JASDQU010100375.1	375000	98	0.045215
(654,1288)(194098,194741)(150000,200000)	JASDQU010100380.1	175000	636	0.087727
(1289,1618)(251615,253134)(250000,300000)	JASDQU010100380.1	275000	331	0.014144
(1619,3854)(394914,398360)(350000,400000)	JASDQU010100380.1	375000	2237	0.201960
(3855,5694)(402006,403886)(400000,450000)	JASDQU010100380.1	425000	1841	0.107504
(3219,3290)(52073,52155)(50000,100000)	JASDQU010100383.1	75000	73	0.205238
(548,3568)(144352,149038)(100000,150000)	JASDQU010100384.1	125000	3022	0.432734
(3569,3748)(201780,202173)(200000,250000)	JASDQU010100384.1	225000	181	0.030261
(3749,4747)(284021,285439)(250000,300000)	JASDQU010100384.1	275000	1000	0.299859
(4748,4786)(384521,384569)(350000,400000)	JASDQU010100384.1	375000	40	0.052648
(554,1736)(155072,171935)(150000,200000)	JASDQU010100387.1	175000	1184	0.352639
(1737,1943)(210483,210748)(200000,250000)	JASDQU010100387.1	225000	208	0.337953
(2019,2307)(341399,347027)(300000,350000)	JASDQU010100389.1	325000	290	0.165229
(875,1184)(401764,402176)(400000,450000)	JASDQU010100397.1	425000	311	0.090139
(87,718)(482721,494633)(450000,500000)	JASDQU010100398.1	475000	633	0.022026
(719,1653)(611939,613002)(600000,650000)	JASDQU010100398.1	625000	936	0.313254
(677,1832)(194552,195709)(150000,200000)	JASDQU010100409.1	175000	1157	0.430888
(1833,3227)(263297,277657)(250000,300000)	JASDQU010100409.1	275000	1396	0.304852
(52,1495)(62719,64340)(50000,100000)	JASDQU010100416.1	75000	1445	0.161543
(1496,2119)(236569,237218)(200000,250000)	JASDQU010100416.1	225000	625	0.188234
(2120,4102)(282058,284711)(250000,300000)	JASDQU010100416.1	275000	1984	0.135310
(80,125)(535290,535341)(500000,550000)	JASDQU010100418.1	525000	47	0.016630
(126,240)(599777,599895)(550000,600000)	JASDQU010100418.1	575000	116	-0.000129
(709,1037)(98927,99337)(50000,100000)	JASDQU010100419.1	75000	330	0.045371
(1038,1789)(102983,104192)(100000,150000)	JASDQU010100419.1	125000	753	0.302531
(1790,2429)(301190,301890)(300000,350000)	JASDQU010100419.1	325000	641	0.035927
(2430,3072)(444103,444758)(400000,450000)	JASDQU010100419.1	425000	644	0.397080
(3073,3292)(469007,484601)(450000,500000)	JASDQU010100419.1	475000	221	0.195141
(260,716)(104003,104482)(100000,150000)	JASDQU010100420.1	125000	458	0.058396
(1251,1263)(246823,246882)(200000,250000)	JASDQU010100425.1	225000	14	-0.017046
(355,521)(375981,376147)(350000,400000)	JASDQU010100429.1	375000	168	0.022185
(522,579)(430694,430763)(400000,450000)	JASDQU010100429.1	425000	59	0.042691
(95,413)(343644,348531)(300000,350000)	JASDQU010100431.1	325000	320	-0.006631
(414,1031)(374722,375354)(350000,400000)	JASDQU010100431.1	375000	619	0.038465
(674,1842)(427041,428293)(400000,450000)	JASDQU010100439.1	425000	1170	0.317918
(1843,1887)(513227,513319)(500000,550000)	JASDQU010100439.1	525000	46	0.132774
(1888,2426)(595367,595907)(550000,600000)	JASDQU010100439.1	575000	540	0.066019
(679,1705)(113903,114937)(100000,150000)	JASDQU010100440.1	125000	1028	0.614229
(1706,2109)(199351,199809)(150000,200000)	JASDQU010100440.1	175000	405	0.198709
(2110,2803)(237759,238456)(200000,250000)	JASDQU010100440.1	225000	695	0.735237
(2804,2807)(256987,257050)(250000,300000)	JASDQU010100440.1	275000	5	-0.020425
(2808,2998)(410096,410302)(400000,450000)	JASDQU010100440.1	425000	192	0.102923
(2999,3685)(697746,698473)(650000,700000)	JASDQU010100440.1	675000	688	0.611051
(516,1268)(159883,162771)(150000,200000)	JASDQU010100442.1	175000	754	0.015237
(1269,1290)(319235,319278)(300000,350000)	JASDQU010100442.1	325000	23	0.102025
(1291,1702)(350136,350547)(350000,400000)	JASDQU010100442.1	375000	413	0.022691
(1703,3242)(975384,985105)(950000,1000000)	JASDQU010100442.1	975000	1541	0.142871
(3243,3565)(1035382,1035714)(1000000,1050000)	JASDQU010100442.1	1025000	324	0.013640
(2257,4553)(451597,458009)(450000,500000)	JASDQU010100450.1	475000	2298	0.277466
(299,342)(399832,399912)(350000,400000)	JASDQU010100453.1	375000	45	0.053553
(343,464)(406358,406673)(400000,450000)	JASDQU010100453.1	425000	123	0.010865
(465,743)(568481,568789)(550000,600000)	JASDQU010100453.1	575000	280	0.479723
(744,859)(719261,719398)(700000,750000)	JASDQU010100453.1	725000	117	0.014344
(15,524)(346536,347121)(300000,350000)	JASDQU010100455.1	325000	511	0.150333
(1057,1080)(154260,154300)(150000,200000)	JASDQU010100456.1	175000	25	0.176308
(110,1241)(352905,354098)(350000,400000)	JASDQU010100466.1	375000	1133	0.324783
(1242,1465)(405972,406222)(400000,450000)	JASDQU010100466.1	425000	225	0.291419
(1466,1587)(489676,489817)(450000,500000)	JASDQU010100466.1	475000	123	0.300985
(1588,1657)(502337,502475)(500000,550000)	JASDQU010100466.1	525000	71	0.044039
(1246,2322)(463232,465521)(450000,500000)	JASDQU010100467.1	475000	1078	0.293266
(63,124)(242725,242822)(200000,250000)	JASDQU010100468.1	225000	63	0.239222
(125,552)(253728,280072)(250000,300000)	JASDQU010100468.1	275000	429	0.315913
(883,924)(134208,134260)(100000,150000)	JASDQU010100470.1	125000	43	0.194340
(925,2521)(418502,449999)(400000,450000)	JASDQU010100470.1	425000	1598	0.102686
(2522,3675)(450000,475303)(450000,500000)	JASDQU010100470.1	475000	1155	0.013702
(422,996)(88129,88762)(50000,100000)	JASDQU010100471.1	75000	576	0.638499
(997,1805)(117677,118489)(100000,150000)	JASDQU010100471.1	125000	810	0.263894
(1806,2941)(164467,191064)(150000,200000)	JASDQU010100471.1	175000	1137	0.188801
(2942,3072)(235893,236030)(200000,250000)	JASDQU010100471.1	225000	132	0.363961
(3073,3133)(336456,336529)(300000,350000)	JASDQU010100471.1	325000	62	0.036050
(3134,3148)(485406,485429)(450000,500000)	JASDQU010100471.1	475000	16	0.069684
(1637,2034)(164871,165565)(150000,200000)	JASDQU010100472.1	175000	399	0.056251
(301,1135)(78451,79330)(50000,100000)	JASDQU010100477.1	75000	836	0.127379
(1136,1656)(435762,436289)(400000,450000)	JASDQU010100477.1	425000	522	0.154703
(1657,1811)(551833,552005)(550000,600000)	JASDQU010100477.1	575000	156	0.004442
(1812,2102)(637197,639225)(600000,650000)	JASDQU010100477.1	625000	292	0.072374
(17,744)(233588,234334)(200000,250000)	JASDQU010100484.1	225000	729	0.356902
(1220,1227)(320092,320107)(300000,350000)	JASDQU010100486.1	325000	9	0.028605
(1228,2057)(485934,486777)(450000,500000)	JASDQU010100486.1	475000	831	0.227216
(2058,2109)(589033,589088)(550000,600000)	JASDQU010100486.1	575000	53	0.367329
(316,1704)(359407,362146)(350000,400000)	JASDQU010100487.1	375000	1390	0.313400
(11,433)(145220,145817)(100000,150000)	JASDQU010100489.1	125000	424	0.158439
(434,480)(160514,160564)(150000,200000)	JASDQU010100489.1	175000	48	0.101186
(481,795)(231083,231403)(200000,250000)	JASDQU010100489.1	225000	316	0.042969
(1570,3313)(62399,64237)(50000,100000)	JASDQU010100492.1	75000	1745	0.276736
(3314,4425)(143792,144909)(100000,150000)	JASDQU010100492.1	125000	1113	-0.003012
(4426,5875)(170522,183188)(150000,200000)	JASDQU010100492.1	175000	1451	0.366461
(5876,5974)(416054,416156)(400000,450000)	JASDQU010100492.1	425000	100	0.051158
(4,780)(229080,230458)(200000,250000)	JASDQU010100493.1	225000	778	0.013868
(834,1682)(252751,253607)(250000,300000)	JASDQU010100497.1	275000	850	0.355477
(76,1690)(89996,91638)(50000,100000)	JASDQU010100498.1	75000	1616	0.452668
(380,526)(158630,159027)(150000,200000)	JASDQU010100499.1	175000	148	0.011433
(527,834)(221848,222201)(200000,250000)	JASDQU010100499.1	225000	309	0.284578
(129,571)(216293,216748)(200000,250000)	JASDQU010100506.1	225000	444	0.054777
(465,714)(73633,73983)(50000,100000)	JASDQU010100509.1	75000	251	0.022750
(715,850)(106250,106396)(100000,150000)	JASDQU010100509.1	125000	137	0.303219
(851,1484)(589918,590559)(550000,600000)	JASDQU010100509.1	575000	635	0.559535
(3471,3488)(174012,174036)(150000,200000)	JASDQU010100513.1	175000	19	0.047679
(70,1619)(325878,327872)(300000,350000)	JASDQU010100516.1	325000	1551	0.141289
(819,1221)(168947,169359)(150000,200000)	JASDQU010100517.1	175000	404	0.055809
(328,382)(700143,700204)(700000,750000)	JASDQU010100519.1	725000	56	0.063984
(283,651)(60394,60764)(50000,100000)	JASDQU010100520.1	75000	370	0.639502
(154,993)(153862,154785)(150000,200000)	JASDQU010100521.1	175000	841	0.151936
(994,3061)(404515,448571)(400000,450000)	JASDQU010100521.1	425000	2069	0.322315
(4,43)(113697,113736)(100000,150000)	JASDQU010100529.1	125000	41	0.085090
(44,215)(208810,208991)(200000,250000)	JASDQU010100529.1	225000	173	0.026753
(2022,3015)(62722,63790)(50000,100000)	JASDQU010100530.1	75000	995	0.273434
(3016,3642)(184836,185465)(150000,200000)	JASDQU010100530.1	175000	628	-0.002718
(137,1183)(73297,74585)(50000,100000)	JASDQU010100537.1	75000	1048	0.415047
(1264,1601)(473962,474325)(450000,500000)	JASDQU010100542.1	475000	339	0.021722
(110,409)(341735,342393)(300000,350000)	JASDQU010100543.1	325000	301	0.019935
(124,236)(508791,509019)(500000,550000)	JASDQU010100544.1	525000	114	-0.004662
(237,988)(665789,666552)(650000,700000)	JASDQU010100544.1	675000	753	0.429832
(989,1445)(708802,710906)(700000,750000)	JASDQU010100544.1	725000	458	0.443439
(1446,1917)(1063609,1064138)(1050000,1100000)	JASDQU010100544.1	1075000	473	0.034542
(382,4531)(310624,336076)(300000,350000)	JASDQU010100547.1	325000	4151	0.719069
(4532,4928)(561121,561517)(550000,600000)	JASDQU010100547.1	575000	398	0.582943
(4929,5117)(618098,618299)(600000,650000)	JASDQU010100547.1	625000	190	0.076836
(4388,6609)(306465,308820)(300000,350000)	JASDQU010100549.1	325000	2223	0.399023
(1436,2135)(147401,148453)(100000,150000)	JASDQU010100552.1	125000	701	0.098758
(2136,2516)(214701,215088)(200000,250000)	JASDQU010100552.1	225000	382	0.316989
(180,5117)(100645,129756)(100000,150000)	JASDQU010100554.1	125000	4939	0.205720
(262,287)(264273,264298)(250000,300000)	JASDQU010100559.1	275000	27	0.039136
(7,1731)(166949,171603)(150000,200000)	JASDQU010100560.1	175000	1726	0.233110
(1732,4155)(202984,205416)(200000,250000)	JASDQU010100560.1	225000	2425	0.415252
(4156,4892)(255803,256547)(250000,300000)	JASDQU010100560.1	275000	738	0.425222
(679,916)(345107,345391)(300000,350000)	JASDQU010100561.1	325000	239	0.048061
(917,1178)(479007,479433)(450000,500000)	JASDQU010100561.1	475000	263	0.125918
(1179,1295)(653347,653463)(650000,700000)	JASDQU010100561.1	675000	118	0.040992
(152,233)(265303,265394)(250000,300000)	JASDQU010100562.1	275000	83	0.104945
(234,461)(555538,555772)(550000,600000)	JASDQU010100562.1	575000	229	0.005802
(682,1455)(218498,239840)(200000,250000)	JASDQU010100571.1	225000	775	0.311637
(5,562)(55758,56338)(50000,100000)	JASDQU010100572.1	75000	559	0.052211
(563,712)(239994,240447)(200000,250000)	JASDQU010100572.1	225000	151	0.070932
(713,1776)(450979,452619)(450000,500000)	JASDQU010100572.1	475000	1065	0.030110
(91,775)(434915,435607)(400000,450000)	JASDQU010100574.1	425000	686	0.144776
(776,1928)(477299,489458)(450000,500000)	JASDQU010100574.1	475000	1154	0.198399
(66,402)(289582,289924)(250000,300000)	JASDQU010100578.1	275000	338	0.087514
(1370,2337)(398545,399562)(350000,400000)	JASDQU010100582.1	375000	969	0.415721
(93,481)(81494,81887)(50000,100000)	JASDQU010100587.1	75000	390	0.374403
(635,1799)(554191,599694)(550000,600000)	JASDQU010100588.1	575000	1166	0.239581
(1800,2835)(733014,734049)(700000,750000)	JASDQU010100588.1	725000	1037	0.153899
(2836,5533)(766513,769470)(750000,800000)	JASDQU010100588.1	775000	2699	0.147056
(668,2106)(154125,192596)(150000,200000)	JASDQU010100598.1	175000	1440	0.250679
(94,104)(191540,191553)(150000,200000)	JASDQU010100603.1	175000	12	0.073026
(333,684)(68814,69335)(50000,100000)	JASDQU010100604.1	75000	353	0.313489
(124,586)(232311,232793)(200000,250000)	JASDQU010100605.1	225000	464	0.458303
(73,126)(84398,84454)(50000,100000)	JASDQU010100607.1	75000	55	0.086917
(127,1227)(224988,226102)(200000,250000)	JASDQU010100607.1	225000	1102	0.088591
(1228,1758)(304098,304771)(300000,350000)	JASDQU010100607.1	325000	532	-0.000094
(595,1566)(299028,299999)(250000,300000)	JASDQU010100609.1	275000	973	0.064532
(1567,4929)(300000,304005)(300000,350000)	JASDQU010100609.1	325000	3364	0.631098
(4930,5055)(777985,778155)(750000,800000)	JASDQU010100609.1	775000	127	0.081366
(5056,5185)(850545,850679)(850000,900000)	JASDQU010100609.1	875000	131	0.039266
(465,1063)(170076,179048)(150000,200000)	JASDQU010100620.1	175000	600	0.035483
(1344,2883)(70616,97109)(50000,100000)	JASDQU010100622.1	75000	1541	0.115222
(2282,2406)(67578,67745)(50000,100000)	JASDQU010100633.1	75000	126	0.174789
(84,358)(136084,141216)(100000,150000)	JASDQU010100635.1	125000	276	0.034793
(303,389)(220627,220905)(200000,250000)	JASDQU010100636.1	225000	88	0.077207
(126,350)(197419,197646)(150000,200000)	JASDQU010100642.1	175000	226	0.031706
(1806,2041)(130898,131145)(100000,150000)	JASDQU010100643.1	125000	237	0.035469
(2042,2068)(234446,234528)(200000,250000)	JASDQU010100643.1	225000	28	0.052750
(391,1888)(179993,181595)(150000,200000)	JASDQU010100646.1	175000	1499	0.067748
(131,841)(52134,79923)(50000,100000)	JASDQU010100647.1	75000	712	0.269366
(842,1276)(198770,199204)(150000,200000)	JASDQU010100647.1	175000	436	0.202296
(62,2728)(361240,388480)(350000,400000)	JASDQU010100648.1	375000	2668	0.495412
(21,302)(221440,247426)(200000,250000)	JASDQU010100654.1	225000	283	0.018811
(4508,4797)(245277,245566)(200000,250000)	JASDQU010100661.1	225000	291	0.041050
(122,204)(337930,338037)(300000,350000)	JASDQU010100664.1	325000	84	0.026122
(205,1216)(359785,360848)(350000,400000)	JASDQU010100664.1	375000	1013	0.571923
(1377,1507)(156388,156528)(150000,200000)	JASDQU010100671.1	175000	132	0.096776
(803,1044)(107886,130129)(100000,150000)	JASDQU010100673.1	125000	243	0.097060
(214,705)(77742,78332)(50000,100000)	JASDQU010100678.1	75000	493	0.006696
(706,4862)(359303,364606)(350000,400000)	JASDQU010100678.1	375000	4158	0.285137
(42,4614)(329990,335176)(300000,350000)	JASDQU010100686.1	325000	4574	0.656369
(4615,5132)(352618,363902)(350000,400000)	JASDQU010100686.1	375000	519	0.162349
(5133,6008)(461713,462857)(450000,500000)	JASDQU010100686.1	475000	877	0.015187
(6009,7951)(533908,548793)(500000,550000)	JASDQU010100686.1	525000	1944	0.200448
(7952,8957)(561549,592379)(550000,600000)	JASDQU010100686.1	575000	1007	0.021264
(8958,9713)(611712,638695)(600000,650000)	JASDQU010100686.1	625000	757	0.015170
(388,1037)(145363,146030)(100000,150000)	JASDQU010100691.1	125000	651	0.385759
(1038,1731)(153419,154182)(150000,200000)	JASDQU010100691.1	175000	695	0.001317
(23,409)(270516,270944)(250000,300000)	JASDQU010100692.1	275000	388	0.105472
(58,927)(227699,243349)(200000,250000)	JASDQU010100697.1	225000	871	0.006277
(928,2182)(266364,267627)(250000,300000)	JASDQU010100697.1	275000	1256	0.337261
(2183,2764)(324915,325548)(300000,350000)	JASDQU010100697.1	325000	583	0.184588
(295,1037)(131926,132680)(100000,150000)	JASDQU010100709.1	125000	744	0.056102
(1038,1166)(182155,182287)(150000,200000)	JASDQU010100709.1	175000	130	0.188804
(190,353)(299832,299999)(250000,300000)	JASDQU010100711.1	275000	165	0.031091
(354,358)(300000,300014)(300000,350000)	JASDQU010100711.1	325000	6	0.043663
(359,1097)(469588,470368)(450000,500000)	JASDQU010100711.1	475000	740	0.480998
(1098,1466)(551971,552490)(550000,600000)	JASDQU010100711.1	575000	370	0.052190
(1467,3145)(719746,724014)(700000,750000)	JASDQU010100711.1	725000	1680	0.002786
(184,208)(344767,344828)(300000,350000)	JASDQU010100714.1	325000	26	0.020302
(209,262)(744712,744809)(700000,750000)	JASDQU010100714.1	725000	55	0.080797
(263,964)(930021,930755)(900000,950000)	JASDQU010100714.1	925000	703	0.556024
(965,2829)(1022395,1025560)(1000000,1050000)	JASDQU010100714.1	1025000	1866	0.325235
(1358,2613)(76853,98651)(50000,100000)	JASDQU010100715.1	75000	1257	0.367272
(2614,2689)(505106,505181)(500000,550000)	JASDQU010100715.1	525000	77	0.079303
(1208,1434)(189630,189936)(150000,200000)	JASDQU010100717.1	175000	228	0.095899
(8,14)(100000,100007)(100000,150000)	JASDQU010100719.1	125000	8	0.039894
(82,492)(416296,447461)(400000,450000)	JASDQU010100727.1	425000	412	0.080057
(12,456)(123911,124371)(100000,150000)	JASDQU010100728.1	125000	446	0.108162
(457,569)(301376,301744)(300000,350000)	JASDQU010100728.1	325000	114	0.052653
(136,370)(115175,115421)(100000,150000)	JASDQU010100733.1	125000	236	0.082324
(371,385)(223193,223229)(200000,250000)	JASDQU010100733.1	225000	16	-0.000589
(386,1149)(440297,444039)(400000,450000)	JASDQU010100733.1	425000	765	0.153232
(335,1778)(439617,441501)(400000,450000)	JASDQU010100744.1	425000	1445	0.229743
(199,754)(291809,292370)(250000,300000)	JASDQU010100746.1	275000	557	0.011821
(755,1587)(443672,444520)(400000,450000)	JASDQU010100746.1	425000	834	0.101794
(847,979)(181801,182165)(150000,200000)	JASDQU010100756.1	175000	134	0.073135
(365,585)(391142,391960)(350000,400000)	JASDQU010100757.1	375000	222	0.105730
(449,773)(249456,249836)(200000,250000)	JASDQU010100758.1	225000	326	0.236519
(774,1087)(469651,469970)(450000,500000)	JASDQU010100758.1	475000	315	0.148361
(1088,1901)(522024,522841)(500000,550000)	JASDQU010100758.1	525000	815	0.068222
(100,272)(219056,219240)(200000,250000)	JASDQU010100767.1	225000	174	0.456088
(1836,2435)(146609,147208)(100000,150000)	JASDQU010100774.1	125000	601	0.216363
(803,1453)(142312,143036)(100000,150000)	JASDQU010100779.1	125000	652	0.085658
(2007,2787)(163432,164219)(150000,200000)	JASDQU010100785.1	175000	782	0.410040
(2788,2810)(208847,208872)(200000,250000)	JASDQU010100785.1	225000	24	0.130747
(2811,3150)(412041,412404)(400000,450000)	JASDQU010100785.1	425000	341	0.094201
(3151,3351)(522000,522775)(500000,550000)	JASDQU010100785.1	525000	202	0.079364
(381,448)(379775,379871)(350000,400000)	JASDQU010100788.1	375000	69	0.044914
(449,948)(438758,439297)(400000,450000)	JASDQU010100788.1	425000	501	0.218459
(949,1712)(484187,484967)(450000,500000)	JASDQU010100788.1	475000	765	0.132376
(1713,2006)(509719,510072)(500000,550000)	JASDQU010100788.1	525000	295	0.086320
(2007,2307)(558784,559109)(550000,600000)	JASDQU010100788.1	575000	302	0.105689
(1048,1545)(164104,183975)(150000,200000)	JASDQU010100789.1	175000	499	0.047974
(548,596)(353139,353217)(350000,400000)	JASDQU010100800.1	375000	50	0.642874
(597,774)(495786,495971)(450000,500000)	JASDQU010100800.1	475000	179	0.053401
(775,1134)(539078,539468)(500000,550000)	JASDQU010100800.1	525000	361	0.020464
(241,249)(139414,139423)(100000,150000)	JASDQU010100801.1	125000	10	0.062778
(250,347)(206472,206584)(200000,250000)	JASDQU010100801.1	225000	99	0.050877
(55,285)(281932,287780)(250000,300000)	JASDQU010100815.1	275000	232	0.275068
(235,519)(205407,219066)(200000,250000)	JASDQU010100819.1	225000	286	0.001738
(520,2216)(256195,283212)(250000,300000)	JASDQU010100819.1	275000	1698	0.215689
(2217,2560)(322727,339149)(300000,350000)	JASDQU010100819.1	325000	345	0.043959
(1294,3235)(261520,264246)(250000,300000)	JASDQU010100822.1	275000	1943	0.210852
(325,488)(887530,887838)(850000,900000)	JASDQU010100823.1	875000	165	0.006019
(489,891)(928309,928724)(900000,950000)	JASDQU010100823.1	925000	404	0.026880
(270,468)(114775,115025)(100000,150000)	JASDQU010100826.1	125000	200	0.090700
(155,1499)(353361,395095)(350000,400000)	JASDQU010100827.1	375000	1346	0.784634
(1500,1538)(468420,468464)(450000,500000)	JASDQU010100827.1	475000	40	0.041355
(503,1132)(275318,275992)(250000,300000)	JASDQU010100828.1	275000	631	0.128371
(834,2175)(276518,277902)(250000,300000)	JASDQU010100829.1	275000	1343	0.437570
(2551,5357)(172554,187004)(150000,200000)	JASDQU010100831.1	175000	2808	0.522278
(3558,4326)(136298,137091)(100000,150000)	JASDQU010100833.1	125000	770	0.395894
(4327,4396)(299920,299992)(250000,300000)	JASDQU010100833.1	275000	71	0.104395
(4397,4582)(458437,458763)(450000,500000)	JASDQU010100833.1	475000	187	0.064149
(4583,5610)(500280,525660)(500000,550000)	JASDQU010100833.1	525000	1029	0.083371
(175,1040)(156110,156997)(150000,200000)	JASDQU010100834.1	175000	867	0.634695
(348,3831)(295892,299613)(250000,300000)	JASDQU010100842.1	275000	3485	0.218005
(3832,5120)(302134,304436)(300000,350000)	JASDQU010100842.1	325000	1290	0.158724
(5121,5216)(373350,373544)(350000,400000)	JASDQU010100842.1	375000	97	0.120521
(156,967)(301232,302090)(300000,350000)	JASDQU010100846.1	325000	813	-0.002444
(968,1068)(464127,464232)(450000,500000)	JASDQU010100846.1	475000	102	-0.004055
(76,1473)(108752,110159)(100000,150000)	JASDQU010100857.1	125000	1399	0.518791
(137,614)(323924,324411)(300000,350000)	JASDQU010100858.1	325000	479	0.182902
(10,13)(126061,126065)(100000,150000)	JASDQU010100863.1	125000	5	0.213886
(1398,1443)(200342,200476)(200000,250000)	JASDQU010100864.1	225000	47	-0.001212
(779,1144)(104560,143380)(100000,150000)	JASDQU010100865.1	125000	367	0.056184
(167,3476)(206652,210257)(200000,250000)	JASDQU010100870.1	225000	3311	0.424916
(3477,4466)(514461,548001)(500000,550000)	JASDQU010100870.1	525000	991	0.039987
(4467,6204)(662779,689896)(650000,700000)	JASDQU010100870.1	675000	1739	0.071189
(1955,1988)(349965,349999)(300000,350000)	JASDQU010100873.1	325000	35	0.036914
(1989,3870)(350000,363920)(350000,400000)	JASDQU010100873.1	375000	1883	0.240229
(168,2338)(175516,178327)(150000,200000)	JASDQU010100875.1	175000	2172	0.145292
(2925,5200)(265736,268042)(250000,300000)	JASDQU010100877.1	275000	2277	0.130292
(34,97)(50000,50100)(50000,100000)	JASDQU010100888.1	75000	65	0.066710
(98,816)(232701,233443)(200000,250000)	JASDQU010100888.1	225000	720	0.141092
(1769,1792)(148469,148496)(100000,150000)	JASDQU010100891.1	125000	25	-0.016890
(1793,1803)(364285,364302)(350000,400000)	JASDQU010100891.1	375000	12	0.052575
(1804,1845)(446130,446180)(400000,450000)	JASDQU010100891.1	425000	43	0.022165
(596,898)(154815,155209)(150000,200000)	JASDQU010100892.1	175000	304	0.014490
(209,3344)(221522,225354)(200000,250000)	JASDQU010100903.1	225000	3137	0.334547
(3345,3353)(301618,301639)(300000,350000)	JASDQU010100903.1	325000	10	0.041089
(3354,6551)(381938,399891)(350000,400000)	JASDQU010100903.1	375000	3199	0.086537
(482,596)(121511,121633)(100000,150000)	JASDQU010100907.1	125000	116	0.000307
(999,2328)(122823,124165)(100000,150000)	JASDQU010100909.1	125000	1331	0.248498
(803,2036)(109720,131663)(100000,150000)	JASDQU010100916.1	125000	1235	0.015582
(89,312)(91538,91866)(50000,100000)	JASDQU010100917.1	75000	225	0.035244
(313,564)(153554,153825)(150000,200000)	JASDQU010100917.1	175000	253	0.056950
(565,992)(534052,534482)(500000,550000)	JASDQU010100917.1	525000	429	0.097533
(993,1457)(647003,647467)(600000,650000)	JASDQU010100917.1	625000	466	0.616849
(1458,3177)(664733,666455)(650000,700000)	JASDQU010100917.1	675000	1721	0.241727
(1292,1661)(59689,60061)(50000,100000)	JASDQU010100919.1	75000	371	0.060129
(103,4302)(103947,112096)(100000,150000)	JASDQU010100922.1	125000	4201	0.561060
(4303,4686)(320324,320744)(300000,350000)	JASDQU010100922.1	325000	385	0.117364
(4687,9821)(374181,379365)(350000,400000)	JASDQU010100922.1	375000	5136	0.161606
(42,150)(531061,531178)(500000,550000)	JASDQU010100935.1	525000	110	0.015228
(704,6043)(253969,273540)(250000,300000)	JASDQU010100939.1	275000	5341	0.393015
(47,153)(211810,211919)(200000,250000)	JASDQU010100940.1	225000	108	0.015843
(552,1403)(121727,122583)(100000,150000)	JASDQU010100941.1	125000	853	0.558634
(407,427)(496891,496967)(450000,500000)	JASDQU010100944.1	475000	22	0.040174
(428,473)(565634,565695)(550000,600000)	JASDQU010100944.1	575000	47	0.053178
(474,487)(703916,703975)(700000,750000)	JASDQU010100944.1	725000	15	0.043740
(488,513)(799668,799714)(750000,800000)	JASDQU010100944.1	775000	27	0.081714
(514,827)(843777,844098)(800000,850000)	JASDQU010100944.1	825000	315	0.019221
(828,1066)(954512,954828)(950000,1000000)	JASDQU010100944.1	975000	240	0.053823
(1067,1379)(1063476,1065820)(1050000,1100000)	JASDQU010100944.1	1075000	314	0.045429
(524,774)(180903,181282)(150000,200000)	JASDQU010100948.1	175000	252	0.030298
(775,1032)(258092,258522)(250000,300000)	JASDQU010100948.1	275000	259	0.062474
(1033,1034)(306118,306119)(300000,350000)	JASDQU010100948.1	325000	3	0.041854
(1035,1070)(688061,688122)(650000,700000)	JASDQU010100948.1	675000	37	-0.006035
(148,1133)(196183,197733)(150000,200000)	JASDQU010100952.1	175000	987	0.188273
(365,394)(195396,195425)(150000,200000)	JASDQU010100953.1	175000	31	0.031681
(395,626)(223216,223460)(200000,250000)	JASDQU010100953.1	225000	233	0.030917
(316,522)(178496,178799)(150000,200000)	JASDQU010100954.1	175000	208	0.004006
(1380,1682)(107313,123187)(100000,150000)	JASDQU010100955.1	125000	304	0.166104
(1683,1830)(159512,159690)(150000,200000)	JASDQU010100955.1	175000	149	0.052091
(1831,2853)(251171,272930)(250000,300000)	JASDQU010100955.1	275000	1024	0.105247
(512,569)(183228,183294)(150000,200000)	JASDQU010100961.1	175000	59	0.481906
(570,991)(215695,216118)(200000,250000)	JASDQU010100961.1	225000	423	0.036202
(992,1030)(264973,265013)(250000,300000)	JASDQU010100961.1	275000	40	0.049212
(1031,1458)(396590,397035)(350000,400000)	JASDQU010100961.1	375000	429	0.539525
(36,1216)(191480,192684)(150000,200000)	JASDQU010100965.1	175000	1182	0.566405
(1217,1977)(293278,294065)(250000,300000)	JASDQU010100965.1	275000	762	0.355176
(1978,2155)(372717,372910)(350000,400000)	JASDQU010100965.1	375000	179	0.035434
(48,183)(169749,169890)(150000,200000)	JASDQU010100966.1	175000	137	0.151750
(886,1058)(619494,619689)(600000,650000)	JASDQU010100967.1	625000	174	0.392238
(625,1059)(296820,297257)(250000,300000)	JASDQU010100968.1	275000	436	0.376632
(729,2189)(263388,264866)(250000,300000)	JASDQU010100972.1	275000	1462	0.053936
(26,437)(498875,499406)(450000,500000)	JASDQU010100976.1	475000	413	0.410415
(550,3619)(311372,317374)(300000,350000)	JASDQU010100981.1	325000	3071	0.509709
(539,961)(130854,131299)(100000,150000)	JASDQU010100982.1	125000	424	0.201445
(888,3054)(56409,78927)(50000,100000)	JASDQU010100985.1	75000	2168	0.267104
(3055,4530)(170968,197997)(150000,200000)	JASDQU010100985.1	175000	1477	0.146852
(25,1568)(275719,279370)(250000,300000)	JASDQU010100991.1	275000	1545	0.362300
(458,477)(357344,357365)(350000,400000)	JASDQU010101000.1	375000	21	0.038281
(206,417)(223372,223601)(200000,250000)	JASDQU010101002.1	225000	213	0.021122
(93,1011)(196262,197191)(150000,200000)	JASDQU010101005.1	175000	920	0.363290
(1012,1124)(357302,357440)(350000,400000)	JASDQU010101005.1	375000	114	0.043418
(1125,1757)(469051,469687)(450000,500000)	JASDQU010101005.1	475000	634	0.594871
(1758,2581)(557087,558174)(550000,600000)	JASDQU010101005.1	575000	825	0.618244
(147,887)(407645,408465)(400000,450000)	JASDQU010101016.1	425000	742	0.177370
(888,2108)(473532,484472)(450000,500000)	JASDQU010101016.1	475000	1222	0.071599
(2109,2379)(650500,650785)(650000,700000)	JASDQU010101016.1	675000	272	0.021959
(543,1631)(321720,323824)(300000,350000)	JASDQU010101017.1	325000	1090	0.495773
(1338,1508)(378813,378983)(350000,400000)	JASDQU010101028.1	375000	172	0.001316
(180,699)(287273,287864)(250000,300000)	JASDQU010101029.1	275000	521	0.198336
(1369,1370)(455126,455130)(450000,500000)	JASDQU010101030.1	475000	3	0.050415
(680,904)(116587,135075)(100000,150000)	JASDQU010101034.1	125000	226	0.315680
(905,1269)(207761,208134)(200000,250000)	JASDQU010101034.1	225000	366	0.017925
(1270,1307)(506206,506261)(500000,550000)	JASDQU010101034.1	525000	39	0.008883
(466,762)(282797,283184)(250000,300000)	JASDQU010101035.1	275000	298	0.035845
(763,1706)(356537,373339)(350000,400000)	JASDQU010101035.1	375000	945	0.163137
(222,403)(122886,123077)(100000,150000)	JASDQU010101037.1	125000	183	0.104843
(134,792)(103917,104593)(100000,150000)	JASDQU010101040.1	125000	660	0.009316
(793,2451)(243650,249999)(200000,250000)	JASDQU010101040.1	225000	1660	0.185466
(2452,3110)(250000,250662)(250000,300000)	JASDQU010101040.1	275000	660	0.282509
(392,449)(213885,213950)(200000,250000)	JASDQU010101042.1	225000	59	0.191788
(2895,3138)(201789,202037)(200000,250000)	JASDQU010101043.1	225000	245	0.445571
(442,1231)(622650,624840)(600000,650000)	JASDQU010101053.1	625000	791	0.430628
(53,186)(53147,99892)(50000,100000)	JASDQU010101055.1	75000	135	0.003216
(187,866)(113058,113740)(100000,150000)	JASDQU010101055.1	125000	681	0.397844
(867,911)(578447,578553)(550000,600000)	JASDQU010101055.1	575000	46	0.008269
(2737,2815)(243457,243648)(200000,250000)	JASDQU010101056.1	225000	80	0.038326
(19,4194)(108769,140306)(100000,150000)	JASDQU010101060.1	125000	4177	0.563529
(4195,4461)(201669,201940)(200000,250000)	JASDQU010101060.1	225000	268	0.026599
(1488,2105)(412764,413404)(400000,450000)	JASDQU010101061.1	425000	619	0.135996
(391,410)(103678,103785)(100000,150000)	JASDQU010101063.1	125000	21	-0.021868
(75,2958)(50000,85557)(50000,100000)	JASDQU010101066.1	75000	2885	0.681257
(403,502)(187194,187331)(150000,200000)	JASDQU010101070.1	175000	101	0.178319
(1613,1805)(393317,393511)(350000,400000)	JASDQU010101073.1	375000	194	0.033322
(1806,2438)(437034,437814)(400000,450000)	JASDQU010101073.1	425000	634	0.017118
(69,1682)(279576,283026)(250000,300000)	JASDQU010101075.1	275000	1615	0.138578
(3793,4113)(217183,217540)(200000,250000)	JASDQU010101076.1	225000	322	0.002058
(352,2171)(384882,387958)(350000,400000)	JASDQU010101080.1	375000	1821	0.302154
(1087,1138)(345333,345387)(300000,350000)	JASDQU010101081.1	325000	53	0.034248
(1139,1604)(355234,366583)(350000,400000)	JASDQU010101081.1	375000	467	0.015197
(1605,1830)(418722,428717)(400000,450000)	JASDQU010101081.1	425000	227	0.028229
(1831,2572)(455657,462899)(450000,500000)	JASDQU010101081.1	475000	743	0.024459
(2573,3026)(502931,509070)(500000,550000)	JASDQU010101081.1	525000	455	0.030371
(194,833)(155634,181215)(150000,200000)	JASDQU010101084.1	175000	641	0.388536
(834,1291)(287639,288199)(250000,300000)	JASDQU010101084.1	275000	459	0.023650
(1292,3089)(546147,549999)(500000,550000)	JASDQU010101084.1	525000	1799	0.739480
(19,640)(401453,402126)(400000,450000)	JASDQU010101099.1	425000	623	0.008339
(641,1429)(548099,548894)(500000,550000)	JASDQU010101099.1	525000	790	0.189408
(1063,1066)(422063,422066)(400000,450000)	JASDQU010101103.1	425000	5	0.067576
(1067,1272)(515620,516104)(500000,550000)	JASDQU010101103.1	525000	207	0.030754
(1273,1291)(695914,695940)(650000,700000)	JASDQU010101103.1	675000	20	0.079590
(1292,2009)(800818,837724)(800000,850000)	JASDQU010101103.1	825000	719	0.039875
(2010,2345)(1241160,1241549)(1200000,1250000)	JASDQU010101103.1	1225000	337	0.027275
(3792,4359)(405729,423489)(400000,450000)	JASDQU010101105.1	425000	569	0.032388
(416,568)(515114,515528)(500000,550000)	JASDQU010101110.1	525000	154	0.008749
(340,986)(88426,89202)(50000,100000)	JASDQU010101116.1	75000	648	0.014615
(987,1474)(118921,119509)(100000,150000)	JASDQU010101116.1	125000	489	0.012284
(663,684)(55671,55692)(50000,100000)	JASDQU010101118.1	75000	23	0.048394
(58,531)(244741,245258)(200000,250000)	JASDQU010101120.1	225000	475	0.345445
(148,1554)(252237,273768)(250000,300000)	JASDQU010101121.1	275000	1408	0.009531
(1555,1679)(410937,411235)(400000,450000)	JASDQU010101121.1	425000	126	0.021381
(4906,5205)(371229,374246)(350000,400000)	JASDQU010101138.1	375000	301	0.044296
(5206,5532)(432055,432595)(400000,450000)	JASDQU010101138.1	425000	328	0.019504
(5533,5882)(662789,699999)(650000,700000)	JASDQU010101138.1	675000	351	0.061477
(5883,5884)(700000,700001)(700000,750000)	JASDQU010101138.1	725000	3	0.040268
(43,595)(679114,679675)(650000,700000)	JASDQU010101140.1	675000	554	0.380413
(241,1668)(290859,292305)(250000,300000)	JASDQU010101142.1	275000	1429	0.142281
(406,487)(280936,281065)(250000,300000)	JASDQU010101145.1	275000	83	0.251557
(488,2244)(390622,392631)(350000,400000)	JASDQU010101145.1	375000	1758	0.382722
(393,818)(155343,155888)(150000,200000)	JASDQU010101151.1	175000	427	0.006028
(819,917)(217571,217692)(200000,250000)	JASDQU010101151.1	225000	100	0.149890
(918,1408)(344199,344855)(300000,350000)	JASDQU010101151.1	325000	492	0.059947
(1409,3445)(353524,383350)(350000,400000)	JASDQU010101151.1	375000	2038	0.098769
(3446,3697)(449069,449369)(400000,450000)	JASDQU010101151.1	425000	253	0.262479
(981,5079)(226323,241480)(200000,250000)	JASDQU010101163.1	225000	4100	0.311391
(5080,5857)(260694,291695)(250000,300000)	JASDQU010101163.1	275000	779	0.413547
(5858,6536)(351339,352047)(350000,400000)	JASDQU010101163.1	375000	680	0.371129
(112,423)(148183,148521)(100000,150000)	JASDQU010101179.1	125000	313	0.250570
(869,2124)(130612,132938)(100000,150000)	JASDQU010101180.1	125000	1257	0.233048
(2125,2126)(219665,219666)(200000,250000)	JASDQU010101180.1	225000	3	0.046872
(2277,2599)(54029,55941)(50000,100000)	JASDQU010101181.1	75000	324	0.124858
(147,729)(290916,291512)(250000,300000)	JASDQU010101193.1	275000	584	0.373531
(123,833)(185171,185918)(150000,200000)	JASDQU010101194.1	175000	712	0.271465
(240,3654)(50000,70568)(50000,100000)	JASDQU010101197.1	75000	3416	0.129439
(364,692)(556579,586607)(550000,600000)	JASDQU010101207.1	575000	330	0.147538
(693,990)(600650,600963)(600000,650000)	JASDQU010101207.1	625000	299	0.005810
(3888,4389)(181836,182543)(150000,200000)	JASDQU010101220.1	175000	503	-0.002311
(79,820)(60760,89201)(50000,100000)	JASDQU010101221.1	75000	743	0.108754
(392,2641)(86495,94095)(50000,100000)	JASDQU010101222.1	75000	2251	0.128663
(112,385)(121416,121813)(100000,150000)	JASDQU010101225.1	125000	275	0.043352
(386,1023)(303204,327946)(300000,350000)	JASDQU010101225.1	325000	639	0.313727
(344,958)(347913,348550)(300000,350000)	JASDQU010101228.1	325000	616	0.187680
(276,856)(58541,59198)(50000,100000)	JASDQU010101229.1	75000	582	0.402956
(102,367)(266875,267161)(250000,300000)	JASDQU010101235.1	275000	267	0.266914
(50,881)(113766,148962)(100000,150000)	JASDQU010101241.1	125000	833	0.088038
(1821,1875)(131509,131575)(100000,150000)	JASDQU010101249.1	125000	56	0.146380
(1876,3185)(212041,213462)(200000,250000)	JASDQU010101249.1	225000	1311	0.077063
(150,403)(214380,214775)(200000,250000)	JASDQU010101253.1	225000	255	0.015171
(404,4610)(316243,341550)(300000,350000)	JASDQU010101253.1	325000	4208	0.248508
(4611,4747)(368406,368544)(350000,400000)	JASDQU010101253.1	375000	138	0.056481
(219,1165)(312460,313424)(300000,350000)	JASDQU010101255.1	325000	948	0.192013
(39,168)(545589,545722)(500000,550000)	JASDQU010101260.1	525000	131	0.034448
(828,993)(103380,103634)(100000,150000)	JASDQU010101262.1	125000	167	0.084092
(28,440)(90365,90792)(50000,100000)	JASDQU010101273.1	75000	414	0.081355
(461,1569)(109206,121693)(100000,150000)	JASDQU010101281.1	125000	1110	0.046174
(3433,3729)(311906,312227)(300000,350000)	JASDQU010101286.1	325000	298	0.179164
(1645,1807)(541279,541441)(500000,550000)	JASDQU010101314.1	525000	164	0.019848
(1808,2459)(676556,677692)(650000,700000)	JASDQU010101314.1	675000	653	0.068937
(2460,2876)(726675,727108)(700000,750000)	JASDQU010101314.1	725000	418	0.028642
(2877,3104)(893618,894059)(850000,900000)	JASDQU010101314.1	875000	229	0.028846
(3105,3110)(923222,923249)(900000,950000)	JASDQU010101314.1	925000	7	0.045909
(1198,1319)(737498,737625)(700000,750000)	JASDQU010101319.1	725000	123	0.122667
(863,1038)(63937,64113)(50000,100000)	JASDQU010101322.1	75000	177	0.043822
(851,899)(130170,130220)(100000,150000)	JASDQU010101338.1	125000	50	0.100194
(267,1034)(145322,147911)(100000,150000)	JASDQU010101339.1	125000	769	0.010073
(88,1624)(61865,72192)(50000,100000)	JASDQU010101350.1	75000	1538	0.213997
(1625,3577)(146044,148351)(100000,150000)	JASDQU010101350.1	125000	1954	0.098420
(26,199)(350004,350189)(350000,400000)	JASDQU010101353.1	375000	175	0.884688
(1017,1496)(147564,148067)(100000,150000)	JASDQU010101355.1	125000	481	0.111178
(231,284)(332550,332624)(300000,350000)	JASDQU010101357.1	325000	55	0.085637
(285,1452)(370104,371369)(350000,400000)	JASDQU010101357.1	375000	1169	0.050928
(74,122)(236487,236543)(200000,250000)	JASDQU010101360.1	225000	50	-0.029186
(123,761)(348888,349535)(300000,350000)	JASDQU010101360.1	325000	640	0.129653
(762,1300)(369060,369682)(350000,400000)	JASDQU010101360.1	375000	540	0.171648
(705,877)(473055,486869)(450000,500000)	JASDQU010101361.1	475000	174	0.017425
(735,1195)(250000,277011)(250000,300000)	JASDQU010101367.1	275000	462	0.030030
(828,1046)(478459,478686)(450000,500000)	JASDQU010101368.1	475000	220	0.291591
(929,1397)(279048,279586)(250000,300000)	JASDQU010101370.1	275000	470	0.033725
(1398,2937)(352375,353925)(350000,400000)	JASDQU010101370.1	375000	1541	0.090422
(1613,2238)(101612,102247)(100000,150000)	JASDQU010101376.1	125000	627	0.042235
(2239,2554)(161872,162837)(150000,200000)	JASDQU010101376.1	175000	317	0.046598
(2555,3693)(404383,432723)(400000,450000)	JASDQU010101376.1	425000	1140	0.472867
(3694,4527)(459358,460220)(450000,500000)	JASDQU010101376.1	475000	835	0.298958
(140,1430)(122172,124350)(100000,150000)	JASDQU010101378.1	125000	1292	0.305837
(1431,3175)(167055,199554)(150000,200000)	JASDQU010101378.1	175000	1746	0.180666
(3176,3662)(201081,201569)(200000,250000)	JASDQU010101378.1	225000	488	0.019119
(39,183)(367847,368003)(350000,400000)	JASDQU010101383.1	375000	146	0.014382
(184,1385)(529332,536831)(500000,550000)	JASDQU010101383.1	525000	1203	0.534499
(3021,3406)(109297,109701)(100000,150000)	JASDQU010101384.1	125000	387	0.307394
(3407,3606)(183894,184133)(150000,200000)	JASDQU010101384.1	175000	201	0.260146
(3607,3662)(231938,231994)(200000,250000)	JASDQU010101384.1	225000	57	0.045406
(951,1871)(165608,179306)(150000,200000)	JASDQU010101385.1	175000	922	0.034777
(1872,3149)(261517,286658)(250000,300000)	JASDQU010101385.1	275000	1279	0.052827
(590,1723)(428644,429811)(400000,450000)	JASDQU010101388.1	425000	1135	0.380476
(1724,3133)(462328,490965)(450000,500000)	JASDQU010101388.1	475000	1411	0.034893
(607,879)(199722,199999)(150000,200000)	JASDQU010101390.1	175000	274	0.174955
(731,1095)(65920,66306)(50000,100000)	JASDQU010101392.1	75000	366	0.260036
(727,781)(228789,228844)(200000,250000)	JASDQU010101395.1	225000	56	0.065780
(782,1712)(339152,340091)(300000,350000)	JASDQU010101395.1	325000	932	0.655796
(470,3063)(194993,197734)(150000,200000)	JASDQU010101404.1	175000	2595	0.447991
(3064,6599)(226512,247670)(200000,250000)	JASDQU010101404.1	225000	3537	0.050435
(6600,6893)(279099,279473)(250000,300000)	JASDQU010101404.1	275000	295	0.137875
(6894,8276)(311693,333572)(300000,350000)	JASDQU010101404.1	325000	1384	0.228084
(8277,8923)(520840,521507)(500000,550000)	JASDQU010101404.1	525000	648	0.341154
(8924,9954)(679706,681616)(650000,700000)	JASDQU010101404.1	675000	1032	0.549605
(338,366)(56652,56685)(50000,100000)	JASDQU010101413.1	75000	30	0.379337
(367,487)(102785,102910)(100000,150000)	JASDQU010101413.1	125000	122	0.099183
(488,574)(160179,163179)(150000,200000)	JASDQU010101413.1	175000	88	0.020115
(575,727)(297345,297603)(250000,300000)	JASDQU010101413.1	275000	154	0.125487
(55,59)(296662,296675)(250000,300000)	JASDQU010101422.1	275000	6	0.056226
(6309,6566)(94541,94803)(50000,100000)	JASDQU010101424.1	75000	259	0.341954
(88,863)(81982,82797)(50000,100000)	JASDQU010101434.1	75000	777	0.105270
(405,713)(306242,306562)(300000,350000)	JASDQU010101436.1	325000	310	0.292396
(48,221)(243130,243315)(200000,250000)	JASDQU010101439.1	225000	175	0.088011
(1110,2726)(108988,111200)(100000,150000)	JASDQU010101440.1	125000	1618	0.141389
(2727,3163)(476556,477044)(450000,500000)	JASDQU010101440.1	475000	438	0.099228
(3164,4046)(560681,561564)(550000,600000)	JASDQU010101440.1	575000	884	0.143982
(4047,4608)(649438,649999)(600000,650000)	JASDQU010101440.1	625000	563	0.008298
(99,3798)(462747,469852)(450000,500000)	JASDQU010101446.1	475000	3701	0.433744
(38,170)(286069,286207)(250000,300000)	JASDQU010101447.1	275000	134	0.013930
(23,888)(140977,149999)(100000,150000)	JASDQU010101448.1	125000	867	0.579462
(889,1853)(150000,196270)(150000,200000)	JASDQU010101448.1	175000	966	0.293937
(1854,2015)(207134,207363)(200000,250000)	JASDQU010101448.1	225000	163	0.666919
(2016,4746)(557342,594509)(550000,600000)	JASDQU010101448.1	575000	2732	0.173263
(4747,6639)(619195,629524)(600000,650000)	JASDQU010101448.1	625000	1894	0.084391
(170,1178)(317618,318737)(300000,350000)	JASDQU010101449.1	325000	1010	0.432769
(343,2346)(51605,84972)(50000,100000)	JASDQU010101452.1	75000	2005	0.169444
(122,280)(101500,101758)(100000,150000)	JASDQU010101458.1	125000	160	0.044674
(281,2271)(205752,224765)(200000,250000)	JASDQU010101458.1	225000	1992	0.269653
(219,469)(65262,65676)(50000,100000)	JASDQU010101465.1	75000	252	0.013810
(470,476)(286393,286400)(250000,300000)	JASDQU010101465.1	275000	8	0.018735
(239,257)(106373,106491)(100000,150000)	JASDQU010101471.1	125000	20	0.069842
(414,980)(107618,119625)(100000,150000)	JASDQU010101476.1	125000	568	0.021903
(981,1181)(361106,365949)(350000,400000)	JASDQU010101476.1	375000	202	0.030274
(299,341)(308391,308447)(300000,350000)	JASDQU010101481.1	325000	44	0.061216
(342,5618)(415583,445935)(400000,450000)	JASDQU010101481.1	425000	5278	0.432321
(44,224)(234978,235173)(200000,250000)	JASDQU010101484.1	225000	182	0.179941
(172,4932)(89001,94226)(50000,100000)	JASDQU010101496.1	75000	4762	0.491948
(898,903)(582630,582659)(550000,600000)	JASDQU010101499.1	575000	7	0.043294
(904,919)(607749,607767)(600000,650000)	JASDQU010101499.1	625000	17	0.481256
(920,1027)(699668,699782)(650000,700000)	JASDQU010101499.1	675000	109	0.033674
(261,1416)(292633,293975)(250000,300000)	JASDQU010101506.1	275000	1157	0.121142
(1417,1610)(392674,392974)(350000,400000)	JASDQU010101506.1	375000	195	0.024842
(1611,1921)(469832,485098)(450000,500000)	JASDQU010101506.1	475000	312	0.032944
(1922,1956)(517336,517394)(500000,550000)	JASDQU010101506.1	525000	36	0.068913
(1957,2598)(595459,596125)(550000,600000)	JASDQU010101506.1	575000	643	0.716639
(2599,5432)(618204,624520)(600000,650000)	JASDQU010101506.1	625000	2835	0.649083
(5433,5609)(680645,680821)(650000,700000)	JASDQU010101506.1	675000	178	0.024876
(5610,5794)(861097,861286)(850000,900000)	JASDQU010101506.1	875000	186	0.057972
(907,1543)(123116,125467)(100000,150000)	JASDQU010101511.1	125000	638	0.079904
(572,748)(155438,155620)(150000,200000)	JASDQU010101514.1	175000	178	0.136579
(767,1162)(270388,270801)(250000,300000)	JASDQU010101515.1	275000	397	0.090619
(1,451)(50701,51167)(50000,100000)	JASDQU010101522.1	75000	452	0.048704
(452,5432)(224869,230062)(200000,250000)	JASDQU010101522.1	225000	4982	0.297185
(5433,5583)(513097,513247)(500000,550000)	JASDQU010101522.1	525000	152	0.036551
(363,399)(154003,154278)(150000,200000)	JASDQU010101524.1	175000	38	0.356594
(400,511)(248374,248490)(200000,250000)	JASDQU010101524.1	225000	113	0.093280
(1039,1053)(195142,195157)(150000,200000)	JASDQU010101526.1	175000	16	0.050188
(1054,1231)(437617,437795)(400000,450000)	JASDQU010101526.1	425000	179	0.031413
(1232,1628)(561395,562048)(550000,600000)	JASDQU010101526.1	575000	398	0.009395
(283,2845)(64616,68399)(50000,100000)	JASDQU010101529.1	75000	2564	0.175198
(523,1002)(205579,206059)(200000,250000)	JASDQU010101534.1	225000	481	0.010519
(596,796)(109352,109614)(100000,150000)	JASDQU010101535.1	125000	202	0.331193
(797,898)(299772,299875)(250000,300000)	JASDQU010101535.1	275000	103	0.012181
(899,1175)(372923,373473)(350000,400000)	JASDQU010101535.1	375000	278	0.002529
(27,163)(50000,50138)(50000,100000)	JASDQU010101538.1	75000	138	0.034711
(164,470)(691173,691488)(650000,700000)	JASDQU010101538.1	675000	308	0.032370
(730,1074)(196542,196920)(150000,200000)	JASDQU010101557.1	175000	346	0.104334
(1075,1755)(238927,239633)(200000,250000)	JASDQU010101557.1	225000	682	0.153479
(1756,2035)(376713,376998)(350000,400000)	JASDQU010101557.1	375000	281	0.068746
(2036,2155)(410969,411095)(400000,450000)	JASDQU010101557.1	425000	121	0.133362
(2156,2833)(453201,453891)(450000,500000)	JASDQU010101557.1	475000	679	0.232815
(2834,2890)(678252,678312)(650000,700000)	JASDQU010101557.1	675000	58	0.080747
(23,815)(352646,353460)(350000,400000)	JASDQU010101564.1	375000	794	0.450258
(816,1336)(543992,544528)(500000,550000)	JASDQU010101564.1	525000	522	0.384259
(1337,4145)(642857,646101)(600000,650000)	JASDQU010101564.1	625000	2810	0.111864
(333,1089)(455388,456152)(450000,500000)	JASDQU010101565.1	475000	758	0.366834
(1090,1465)(624259,630362)(600000,650000)	JASDQU010101565.1	625000	377	0.413180
(1466,1948)(664256,664750)(650000,700000)	JASDQU010101565.1	675000	484	-0.016434
(322,1907)(169429,171214)(150000,200000)	JASDQU010101570.1	175000	1587	0.780605
(1908,3298)(519001,520399)(500000,550000)	JASDQU010101570.1	525000	1392	0.067872
(3299,3559)(649023,649338)(600000,650000)	JASDQU010101570.1	625000	262	0.025855
(3560,4126)(667247,667859)(650000,700000)	JASDQU010101570.1	675000	568	0.024299
(4127,4502)(716542,717426)(700000,750000)	JASDQU010101570.1	725000	377	0.035978
(81,628)(95296,96770)(50000,100000)	JASDQU010101582.1	75000	549	0.244572
(255,645)(219241,219631)(200000,250000)	JASDQU010101586.1	225000	392	0.079689
(646,1661)(276361,286050)(250000,300000)	JASDQU010101586.1	275000	1017	0.022111
(1662,2229)(357129,357735)(350000,400000)	JASDQU010101586.1	375000	569	0.140582
(16,301)(312570,314793)(300000,350000)	JASDQU010101589.1	325000	287	0.074717
(1718,2042)(311059,311478)(300000,350000)	JASDQU010101616.1	325000	326	0.046249
(898,1768)(214127,239644)(200000,250000)	JASDQU010101619.1	225000	872	0.563989
(474,617)(125226,125371)(100000,150000)	JASDQU010101622.1	125000	145	0.033445
(617,659)(254529,254576)(250000,300000)	JASDQU010101623.1	275000	44	0.021908
(460,703)(281199,281581)(250000,300000)	JASDQU010101625.1	275000	245	0.013905
(5,4500)(200223,249194)(200000,250000)	JASDQU010101631.1	225000	4497	0.207039
(4501,5094)(331553,332156)(300000,350000)	JASDQU010101631.1	325000	595	0.015341
(8,207)(184108,184315)(150000,200000)	JASDQU010101632.1	175000	201	0.194281
(208,262)(329776,329837)(300000,350000)	JASDQU010101632.1	325000	56	0.090185
(44,206)(171620,171787)(150000,200000)	JASDQU010101641.1	175000	164	0.010394
(207,1982)(204858,210059)(200000,250000)	JASDQU010101641.1	225000	1777	0.465770
(1983,3733)(502593,505332)(500000,550000)	JASDQU010101641.1	525000	1752	0.445233
(286,811)(62392,62939)(50000,100000)	JASDQU010101643.1	75000	527	0.275174
(726,1324)(263759,283849)(250000,300000)	JASDQU010101659.1	275000	600	0.019813
(1325,1804)(360240,368455)(350000,400000)	JASDQU010101659.1	375000	481	0.032497
(1805,1827)(433656,433680)(400000,450000)	JASDQU010101659.1	425000	24	0.120998
(1828,2290)(476546,477049)(450000,500000)	JASDQU010101659.1	475000	464	0.052661
(2291,2622)(520129,520475)(500000,550000)	JASDQU010101659.1	525000	333	0.040350
(261,924)(403674,439993)(400000,450000)	JASDQU010101667.1	425000	665	0.033599
(925,1116)(556878,590276)(550000,600000)	JASDQU010101667.1	575000	193	0.091860
(1117,1715)(608991,617666)(600000,650000)	JASDQU010101667.1	625000	600	0.016982
(1716,3044)(901346,904271)(900000,950000)	JASDQU010101667.1	925000	1330	0.006321
(1257,1740)(411915,412507)(400000,450000)	JASDQU010101677.1	425000	485	0.052595
(33,882)(537647,538513)(500000,550000)	JASDQU010101678.1	525000	851	0.012209
(99,1069)(101801,138771)(100000,150000)	JASDQU010101687.1	125000	972	0.459049
(1070,1356)(194019,194307)(150000,200000)	JASDQU010101687.1	175000	288	0.168545
(209,339)(392836,392970)(350000,400000)	JASDQU010101688.1	375000	132	0.024376
(340,2628)(418469,448533)(400000,450000)	JASDQU010101688.1	425000	2290	0.471581
(2629,2825)(477727,478096)(450000,500000)	JASDQU010101688.1	475000	198	0.039409
(2826,3224)(623258,623916)(600000,650000)	JASDQU010101688.1	625000	400	0.001366
(23,582)(289982,292483)(250000,300000)	JASDQU010101691.1	275000	561	0.018563
(539,923)(369771,370155)(350000,400000)	JASDQU010101698.1	375000	386	0.015885
(36,831)(324853,343391)(300000,350000)	JASDQU010101700.1	325000	797	0.215697
(28,2199)(264761,294425)(250000,300000)	JASDQU010101717.1	275000	2173	0.085696
(2200,7323)(356425,362585)(350000,400000)	JASDQU010101717.1	375000	5125	0.842826
(7324,7422)(460546,460645)(450000,500000)	JASDQU010101717.1	475000	100	0.804586
(7423,7806)(590648,591039)(550000,600000)	JASDQU010101717.1	575000	385	0.048788
(7807,8556)(638343,639103)(600000,650000)	JASDQU010101717.1	625000	751	0.768468
(707,740)(100816,100850)(100000,150000)	JASDQU010101718.1	125000	35	0.043803
(741,1498)(450024,460058)(450000,500000)	JASDQU010101718.1	475000	759	0.248833
(1499,1745)(549688,549999)(500000,550000)	JASDQU010101718.1	525000	248	0.531294
(145,282)(326137,326275)(300000,350000)	JASDQU010101719.1	325000	139	-0.002933
(283,1121)(439680,449976)(400000,450000)	JASDQU010101719.1	425000	840	0.666942
(153,282)(94323,94452)(50000,100000)	JASDQU010101720.1	75000	131	0.131022
(258,764)(126588,127094)(100000,150000)	JASDQU010101721.1	125000	508	0.226920
(3,484)(86141,86650)(50000,100000)	JASDQU010101722.1	75000	483	0.275663
(2403,6739)(272200,299177)(250000,300000)	JASDQU010101725.1	275000	4338	0.580031
(508,2264)(245503,248272)(200000,250000)	JASDQU010101727.1	225000	1758	0.054609
(2265,2962)(262142,263587)(250000,300000)	JASDQU010101727.1	275000	699	0.031805
(116,573)(590714,591189)(550000,600000)	JASDQU010101734.1	575000	459	0.755643
(2677,4509)(250000,251903)(250000,300000)	JASDQU010101742.1	275000	1834	0.057574
(843,2211)(91650,93182)(50000,100000)	JASDQU010101752.1	75000	1370	0.458232
(2212,3231)(270368,274480)(250000,300000)	JASDQU010101752.1	275000	1021	0.173418
(3232,3664)(349130,349999)(300000,350000)	JASDQU010101752.1	325000	434	0.087972
(70,109)(135230,135270)(100000,150000)	JASDQU010101753.1	125000	41	0.055954
(1794,2646)(366079,367509)(350000,400000)	JASDQU010101758.1	375000	854	0.113372
(2647,2776)(692286,692457)(650000,700000)	JASDQU010101758.1	675000	131	0.011393
(361,517)(272949,273484)(250000,300000)	JASDQU010101760.1	275000	158	0.222732
(518,577)(344976,345036)(300000,350000)	JASDQU010101760.1	325000	61	0.181756
(1713,3425)(816136,843382)(800000,850000)	JASDQU010101761.1	825000	1714	0.025779
(322,2647)(494848,499127)(450000,500000)	JASDQU010101762.1	475000	2327	0.231801
(2648,2848)(565007,591097)(550000,600000)	JASDQU010101762.1	575000	202	0.107793
(219,818)(413419,414140)(400000,450000)	JASDQU010101763.1	425000	601	0.037045
(47,928)(159796,184853)(150000,200000)	JASDQU010101765.1	175000	883	0.027774
(482,1085)(164408,165037)(150000,200000)	JASDQU010101768.1	175000	605	0.149590
(407,891)(396664,397518)(350000,400000)	JASDQU010101772.1	375000	486	0.128703
(86,1323)(113830,116888)(100000,150000)	JASDQU010101773.1	125000	1239	0.304868
(1324,1407)(239114,239197)(200000,250000)	JASDQU010101773.1	225000	85	0.157596
(2545,5140)(500181,507163)(500000,550000)	JASDQU010101783.1	525000	2597	0.829526
(519,1127)(645791,646542)(600000,650000)	JASDQU010101786.1	625000	610	0.114727
(505,1859)(72523,81345)(50000,100000)	JASDQU010101788.1	75000	1356	0.298723
(1860,2497)(190498,191330)(150000,200000)	JASDQU010101788.1	175000	639	0.431160
(2498,2609)(277646,277785)(250000,300000)	JASDQU010101788.1	275000	113	0.469649
(2610,3582)(340459,349470)(300000,350000)	JASDQU010101788.1	325000	974	0.031383
(93,100)(71252,71294)(50000,100000)	JASDQU010101794.1	75000	9	0.077471
(101,411)(383870,384309)(350000,400000)	JASDQU010101794.1	375000	312	0.044401
(412,674)(502618,503012)(500000,550000)	JASDQU010101794.1	525000	264	0.051393
(675,1876)(550838,552070)(550000,600000)	JASDQU010101794.1	575000	1203	0.155703
(857,982)(191185,191313)(150000,200000)	JASDQU010101808.1	175000	127	0.085338
(983,1112)(382163,382292)(350000,400000)	JASDQU010101808.1	375000	131	-0.012816
(1113,1113)(432378,432378)(400000,450000)	JASDQU010101808.1	425000	2	0.034830
(1114,1414)(452239,452611)(450000,500000)	JASDQU010101808.1	475000	302	0.513853
(1415,2324)(502051,503656)(500000,550000)	JASDQU010101808.1	525000	911	0.530222
(2325,2718)(699194,699889)(650000,700000)	JASDQU010101808.1	675000	395	0.038014
(2719,6747)(741908,749665)(700000,750000)	JASDQU010101808.1	725000	4030	0.067762
(132,643)(169490,170044)(150000,200000)	JASDQU010101821.1	175000	513	0.046655
(644,4300)(251253,297875)(250000,300000)	JASDQU010101821.1	275000	3658	0.044172
(4301,5541)(412919,442527)(400000,450000)	JASDQU010101821.1	425000	1242	0.039888
(116,927)(755783,756934)(750000,800000)	JASDQU010101823.1	775000	813	0.236734
(259,714)(405219,405961)(400000,450000)	JASDQU010101825.1	425000	457	0.017373
(7590,11096)(56772,62796)(50000,100000)	JASDQU010101829.1	75000	3508	0.213496
(11097,11486)(313678,314099)(300000,350000)	JASDQU010101829.1	325000	391	0.428334
(11487,12492)(357589,372537)(350000,400000)	JASDQU010101829.1	375000	1007	0.215368
(12493,13177)(537890,541976)(500000,550000)	JASDQU010101829.1	525000	686	0.203802
(13178,13639)(626583,627067)(600000,650000)	JASDQU010101829.1	625000	463	0.027514
(13640,16644)(801842,843324)(800000,850000)	JASDQU010101829.1	825000	3006	0.130728
(508,1947)(302012,333664)(300000,350000)	JASDQU010101830.1	325000	1441	0.512801
(6,650)(139262,140148)(100000,150000)	JASDQU010101832.1	125000	646	0.056826
(651,726)(204972,205048)(200000,250000)	JASDQU010101832.1	225000	77	0.025824
(727,736)(413011,413034)(400000,450000)	JASDQU010101832.1	425000	11	0.100067
(4029,4261)(340547,340828)(300000,350000)	JASDQU010101834.1	325000	234	0.022583
(4262,4317)(426023,426081)(400000,450000)	JASDQU010101834.1	425000	57	0.055214
(4318,4318)(451780,451780)(450000,500000)	JASDQU010101834.1	475000	2	0.042418
(1481,1638)(131575,131760)(100000,150000)	JASDQU010101839.1	125000	159	0.308871
(1639,2121)(161473,161960)(150000,200000)	JASDQU010101839.1	175000	484	0.500692
(2122,2382)(279633,279986)(250000,300000)	JASDQU010101839.1	275000	262	0.025039
(2383,3617)(392641,393896)(350000,400000)	JASDQU010101839.1	375000	1236	0.151392
(43,67)(308621,349326)(300000,350000)	JASDQU010101840.1	325000	26	0.020645
(68,518)(519351,519807)(500000,550000)	JASDQU010101840.1	525000	452	0.053714
(865,961)(98689,98785)(50000,100000)	JASDQU010101848.1	75000	98	0.010162
(901,1439)(272276,299999)(250000,300000)	JASDQU010101862.1	275000	540	0.090192
(280,328)(226395,226496)(200000,250000)	JASDQU010101864.1	225000	50	0.009582
(329,1067)(477076,477821)(450000,500000)	JASDQU010101864.1	475000	740	0.155683
(264,348)(249874,249999)(200000,250000)	JASDQU010101865.1	225000	86	0.034462
(349,509)(250000,250162)(250000,300000)	JASDQU010101865.1	275000	162	0.028099
(83,818)(270390,271132)(250000,300000)	JASDQU010101867.1	275000	737	0.239352
(480,580)(227685,227793)(200000,250000)	JASDQU010101870.1	225000	102	0.062350
(7,10)(279849,279853)(250000,300000)	JASDQU010101872.1	275000	5	0.049903
(510,857)(82582,82930)(50000,100000)	JASDQU010101878.1	75000	349	0.018934
(7991,8737)(344083,344858)(300000,350000)	JASDQU010101879.1	325000	748	0.457561
(282,754)(195095,195621)(150000,200000)	JASDQU010101884.1	175000	474	0.023969
(755,1160)(248309,248754)(200000,250000)	JASDQU010101884.1	225000	407	0.161338
(1161,1789)(281566,282234)(250000,300000)	JASDQU010101884.1	275000	630	0.033987
(105,155)(219101,219162)(200000,250000)	JASDQU010101888.1	225000	52	0.095430
(1081,1604)(316138,332230)(300000,350000)	JASDQU010101893.1	325000	525	0.045392
(100,389)(246555,246849)(200000,250000)	JASDQU010101904.1	225000	291	0.374048
(390,556)(306894,307062)(300000,350000)	JASDQU010101904.1	325000	168	0.041015
(557,2404)(356065,359929)(350000,400000)	JASDQU010101904.1	375000	1849	0.196086
(2405,3943)(637323,640034)(600000,650000)	JASDQU010101904.1	625000	1540	0.192919
(1266,1295)(88830,88862)(50000,100000)	JASDQU010101917.1	75000	31	-0.010428
(254,512)(73477,73754)(50000,100000)	JASDQU010101930.1	75000	260	0.071936
(302,1556)(51804,96616)(50000,100000)	JASDQU010101931.1	75000	1256	0.055676
(1497,2122)(400000,400649)(400000,450000)	JASDQU010101944.1	425000	627	0.201228
(862,1495)(73437,74104)(50000,100000)	JASDQU010101952.1	75000	635	0.051516
(129,410)(110198,110496)(100000,150000)	JASDQU010101958.1	125000	283	0.364103
(411,1448)(225941,227014)(200000,250000)	JASDQU010101958.1	225000	1039	0.511258
(565,3378)(283235,286155)(250000,300000)	JASDQU010101964.1	275000	2815	0.123722
(127,280)(146597,146764)(100000,150000)	JASDQU010101968.1	125000	155	0.356767
(281,1390)(245290,247338)(200000,250000)	JASDQU010101968.1	225000	1111	0.105980
(1391,2036)(270776,274135)(250000,300000)	JASDQU010101968.1	275000	647	0.432919
(2037,2245)(314271,341904)(300000,350000)	JASDQU010101968.1	325000	210	0.074528
(2246,2430)(602202,602403)(600000,650000)	JASDQU010101968.1	625000	186	0.102351
(2431,4290)(712355,714219)(700000,750000)	JASDQU010101968.1	725000	1861	0.219335
(20,26)(261392,261399)(250000,300000)	JASDQU010101974.1	275000	8	0.087004
(27,479)(305487,305947)(300000,350000)	JASDQU010101974.1	325000	454	0.007962
(480,2467)(350330,353183)(350000,400000)	JASDQU010101974.1	375000	1989	0.271280
(288,405)(95132,95337)(50000,100000)	JASDQU010101980.1	75000	119	0.052777
(840,1893)(231603,248487)(200000,250000)	JASDQU010101985.1	225000	1055	0.079164
(1409,1532)(96270,96407)(50000,100000)	JASDQU010101990.1	75000	125	0.053677
(129,233)(307953,308079)(300000,350000)	JASDQU010101999.1	325000	106	0.004778
(234,3029)(407674,443264)(400000,450000)	JASDQU010101999.1	425000	2797	0.117572
(96,167)(446822,446893)(400000,450000)	JASDQU010102010.1	425000	73	0.034117
(712,784)(164518,164595)(150000,200000)	JASDQU010102011.1	175000	74	0.054595
(785,1003)(249243,249782)(200000,250000)	JASDQU010102011.1	225000	220	0.051168
(1004,1273)(502422,502771)(500000,550000)	JASDQU010102011.1	525000	271	0.180102
(5,14)(689664,689675)(650000,700000)	JASDQU010102014.1	675000	11	0.111958
(15,545)(729760,730293)(700000,750000)	JASDQU010102014.1	725000	532	0.012017
(91,2526)(65622,83855)(50000,100000)	JASDQU010102017.1	75000	2437	0.182825
(502,1720)(347623,348873)(300000,350000)	JASDQU010102020.1	325000	1220	0.354771
(1721,5747)(372825,379936)(350000,400000)	JASDQU010102020.1	375000	4028	0.371040
(5748,5763)(639858,639873)(600000,650000)	JASDQU010102020.1	625000	17	0.011687
(407,1188)(439016,439807)(400000,450000)	JASDQU010102025.1	425000	783	0.297652
(1189,1645)(454713,455209)(450000,500000)	JASDQU010102025.1	475000	458	0.237576
(1956,2059)(184542,185284)(150000,200000)	JASDQU010102027.1	175000	105	0.069182
(388,2336)(172185,184838)(150000,200000)	JASDQU010102033.1	175000	1950	0.600224
(1024,4595)(153187,156777)(150000,200000)	JASDQU010102039.1	175000	3573	0.214255
(130,4244)(76601,81664)(50000,100000)	JASDQU010102041.1	75000	4116	0.344127
(306,1331)(351441,354089)(350000,400000)	JASDQU010102053.1	375000	1027	0.111846
(675,1595)(56125,81566)(50000,100000)	JASDQU010102070.1	75000	922	0.082556
(1596,1654)(288961,289025)(250000,300000)	JASDQU010102070.1	275000	60	0.052715
(1655,2012)(306868,319339)(300000,350000)	JASDQU010102070.1	325000	359	0.022740
(315,931)(239148,240048)(200000,250000)	JASDQU010102073.1	225000	618	0.254016
(428,655)(441986,442236)(400000,450000)	JASDQU010102074.1	425000	229	0.060311
(1639,2090)(201178,201648)(200000,250000)	JASDQU010102075.1	225000	453	0.005696
(1518,1715)(101958,102155)(100000,150000)	JASDQU010102078.1	125000	199	0.001330
(1716,2388)(225936,226647)(200000,250000)	JASDQU010102078.1	225000	674	0.132812
(166,1245)(154127,155239)(150000,200000)	JASDQU010102080.1	175000	1081	0.661768
(1246,2605)(282950,284377)(250000,300000)	JASDQU010102080.1	275000	1361	0.401151
(918,1417)(260763,261358)(250000,300000)	JASDQU010102083.1	275000	501	0.345933
(244,805)(50107,50692)(50000,100000)	JASDQU010102086.1	75000	563	0.015297
(806,998)(126829,129596)(100000,150000)	JASDQU010102086.1	125000	194	0.081319
(999,1558)(254543,255113)(250000,300000)	JASDQU010102086.1	275000	561	0.036304
(1559,2459)(359265,360571)(350000,400000)	JASDQU010102086.1	375000	902	0.555794
(2460,3113)(424823,425519)(400000,450000)	JASDQU010102086.1	425000	655	0.093153
(387,1028)(283979,284628)(250000,300000)	JASDQU010102088.1	275000	643	0.258080
(258,501)(190571,190820)(150000,200000)	JASDQU010102093.1	175000	245	0.000410
(502,597)(248726,248825)(200000,250000)	JASDQU010102093.1	225000	97	0.030139
(598,1091)(285173,285932)(250000,300000)	JASDQU010102093.1	275000	495	0.025090
(457,479)(226339,226375)(200000,250000)	JASDQU010102108.1	225000	24	0.026275
(133,751)(215508,216183)(200000,250000)	JASDQU010102119.1	225000	620	0.377413
(752,1181)(578066,578639)(550000,600000)	JASDQU010102119.1	575000	431	0.189662
(313,735)(54752,55528)(50000,100000)	JASDQU010102122.1	75000	424	0.247260
(736,1490)(104412,112815)(100000,150000)	JASDQU010102122.1	125000	756	0.323158
(1491,1638)(198191,198607)(150000,200000)	JASDQU010102122.1	175000	149	0.032442
(435,888)(100776,101236)(100000,150000)	JASDQU010102127.1	125000	455	0.040784
(889,1666)(183054,183848)(150000,200000)	JASDQU010102127.1	175000	779	0.417736
(661,1580)(388953,390232)(350000,400000)	JASDQU010102148.1	375000	921	0.659069
(676,767)(159970,160340)(150000,200000)	JASDQU010102150.1	175000	93	0.093792
(176,772)(179775,180555)(150000,200000)	JASDQU010102151.1	175000	598	0.021826
(586,774)(63883,64071)(50000,100000)	JASDQU010102157.1	75000	190	0.028264
(1724,2906)(192136,193454)(150000,200000)	JASDQU010102163.1	175000	1184	0.446338
(2907,7660)(220456,243227)(200000,250000)	JASDQU010102163.1	225000	4755	0.630237
(2,121)(150806,150934)(150000,200000)	JASDQU010102166.1	175000	121	0.108132
(122,269)(239544,239695)(200000,250000)	JASDQU010102166.1	225000	149	-0.003002
(270,289)(336938,336958)(300000,350000)	JASDQU010102166.1	325000	21	0.034600
(290,764)(365434,366525)(350000,400000)	JASDQU010102166.1	375000	476	0.251939
(35,1154)(100000,126299)(100000,150000)	JASDQU010102174.1	125000	1121	0.083840
(881,1048)(144610,144781)(100000,150000)	JASDQU010102178.1	125000	169	0.040697
(1049,1049)(273912,273912)(250000,300000)	JASDQU010102178.1	275000	2	0.045783
(1037,4672)(130138,133851)(100000,150000)	JASDQU010102187.1	125000	3637	0.316920
(251,390)(265470,265609)(250000,300000)	JASDQU010102198.1	275000	141	0.025074
(391,911)(418889,424053)(400000,450000)	JASDQU010102198.1	425000	522	0.048611
(912,1078)(473535,473867)(450000,500000)	JASDQU010102198.1	475000	168	0.086506
(744,798)(286915,286970)(250000,300000)	JASDQU010102200.1	275000	56	0.135272
(277,1063)(106087,106874)(100000,150000)	JASDQU010102206.1	125000	788	0.028015
(805,4900)(284321,295245)(250000,300000)	JASDQU010102216.1	275000	4097	0.464765
(330,1502)(283321,284656)(250000,300000)	JASDQU010102218.1	275000	1174	0.218142
(164,2315)(154310,163287)(150000,200000)	JASDQU010102221.1	175000	2153	0.205177
(2932,3840)(132366,133280)(100000,150000)	JASDQU010102234.1	125000	910	0.025718
(468,614)(108635,108793)(100000,150000)	JASDQU010102250.1	125000	148	-0.001280
(235,2648)(290551,298782)(250000,300000)	JASDQU010102255.1	275000	2415	0.311875
(195,1239)(432768,433849)(400000,450000)	JASDQU010102259.1	425000	1046	0.715597
(1240,1418)(490142,490324)(450000,500000)	JASDQU010102259.1	475000	180	0.020516
(1419,1903)(505768,528000)(500000,550000)	JASDQU010102259.1	525000	486	0.077901
(1904,3072)(550835,564775)(550000,600000)	JASDQU010102259.1	575000	1170	0.232001
(218,1233)(133097,134506)(100000,150000)	JASDQU010102260.1	125000	1017	0.166047
(104,1489)(151426,152831)(150000,200000)	JASDQU010102262.1	175000	1387	0.094543
(1490,1517)(417235,417270)(400000,450000)	JASDQU010102262.1	425000	29	0.066016
(752,1069)(117843,143192)(100000,150000)	JASDQU010102263.1	125000	319	0.207488
(408,4392)(341194,346115)(300000,350000)	JASDQU010102278.1	325000	3986	0.253900
(25,463)(228277,228724)(200000,250000)	JASDQU010102281.1	225000	440	0.034181
(491,686)(243450,243660)(200000,250000)	JASDQU010102282.1	225000	197	0.348464
(2107,5780)(366997,373801)(350000,400000)	JASDQU010102292.1	375000	3675	0.320082
(310,683)(294094,294477)(250000,300000)	JASDQU010102294.1	275000	375	0.043106
(684,6027)(336136,347026)(300000,350000)	JASDQU010102294.1	325000	5345	0.164158
(31,82)(271720,271781)(250000,300000)	JASDQU010102297.1	275000	53	0.040969
(83,83)(373297,373297)(350000,400000)	JASDQU010102297.1	375000	2	0.048548
(2795,2819)(193343,193449)(150000,200000)	JASDQU010102299.1	175000	26	0.356879
(2820,4456)(279459,294037)(250000,300000)	JASDQU010102299.1	275000	1638	0.225593
(90,3461)(141578,149026)(100000,150000)	JASDQU010102306.1	125000	3373	0.304511
(1264,1739)(310006,310980)(300000,350000)	JASDQU010102310.1	325000	477	0.235599
(478,811)(250000,250337)(250000,300000)	JASDQU010102311.1	275000	335	0.614419
(751,2625)(210910,215830)(200000,250000)	JASDQU010102319.1	225000	1876	0.341051
(1601,1901)(261815,262207)(250000,300000)	JASDQU010102323.1	275000	302	0.010986
(1471,2354)(124563,128010)(100000,150000)	JASDQU010102339.1	125000	885	0.171730
(21,147)(383106,383237)(350000,400000)	JASDQU010102344.1	375000	128	0.031363
(148,1416)(609601,622450)(600000,650000)	JASDQU010102344.1	625000	1270	0.102745
(1233,1548)(67613,67928)(50000,100000)	JASDQU010102345.1	75000	317	0.004583
(112,213)(152256,152359)(150000,200000)	JASDQU010102351.1	175000	103	0.038468
(214,832)(233018,233780)(200000,250000)	JASDQU010102351.1	225000	620	0.012080
(833,943)(262579,262693)(250000,300000)	JASDQU010102351.1	275000	112	0.081965
(468,522)(107655,122874)(100000,150000)	JASDQU010102357.1	125000	56	0.179968
(1014,1588)(151731,179309)(150000,200000)	JASDQU010102359.1	175000	576	0.193906
(593,2284)(380700,387411)(350000,400000)	JASDQU010102370.1	375000	1693	0.145246
(115,505)(90950,92301)(50000,100000)	JASDQU010102379.1	75000	392	0.478367
(730,3581)(54444,70250)(50000,100000)	JASDQU010102385.1	75000	2853	0.727010
(820,988)(107405,107706)(100000,150000)	JASDQU010102386.1	125000	170	0.039757
(989,2952)(174502,181708)(150000,200000)	JASDQU010102386.1	175000	1965	0.639631
(2953,3208)(243702,244001)(200000,250000)	JASDQU010102386.1	225000	257	0.434035
(6192,6220)(337332,337372)(300000,350000)	JASDQU010102388.1	325000	30	0.010371
(1585,4497)(200000,216441)(200000,250000)	JASDQU010102390.1	225000	2914	0.329354
(3563,3567)(210808,210816)(200000,250000)	JASDQU010102392.1	225000	6	0.046693
(3568,3612)(283868,283920)(250000,300000)	JASDQU010102392.1	275000	46	0.113175
(120,754)(168003,168646)(150000,200000)	JASDQU010102395.1	175000	636	0.418659
(755,1019)(293859,294418)(250000,300000)	JASDQU010102395.1	275000	266	0.032242
(539,3031)(121572,138913)(100000,150000)	JASDQU010102396.1	125000	2494	0.462724
(3032,4096)(160379,161721)(150000,200000)	JASDQU010102396.1	175000	1066	0.203377
(68,826)(98719,99999)(50000,100000)	JASDQU010102400.1	75000	760	0.329551
(827,1099)(100000,100284)(100000,150000)	JASDQU010102400.1	125000	274	0.272649
(1100,1394)(272042,290500)(250000,300000)	JASDQU010102400.1	275000	296	0.272968
(564,2112)(69007,70578)(50000,100000)	JASDQU010102403.1	75000	1550	0.353218
(509,1500)(178958,179979)(150000,200000)	JASDQU010102409.1	175000	993	0.129733
(488,1623)(197979,199999)(150000,200000)	JASDQU010102410.1	175000	1137	0.366133
(4287,4781)(50000,53995)(50000,100000)	JASDQU010102421.1	75000	496	0.199499
(643,795)(123796,123964)(100000,150000)	JASDQU010102428.1	125000	154	0.055369
(796,2110)(244497,245827)(200000,250000)	JASDQU010102428.1	225000	1316	0.040564
(79,359)(131293,131594)(100000,150000)	JASDQU010102437.1	125000	282	0.044284
(218,921)(330597,337015)(300000,350000)	JASDQU010102444.1	325000	705	0.095024
(922,1399)(391512,391991)(350000,400000)	JASDQU010102444.1	375000	479	0.522387
(2161,6052)(163214,169054)(150000,200000)	JASDQU010102462.1	175000	3893	0.129898
(9792,10191)(113317,113764)(100000,150000)	JASDQU010102466.1	125000	401	0.286460
(28,1383)(215602,225262)(200000,250000)	JASDQU010102468.1	225000	1357	0.124767
(895,1331)(54079,67350)(50000,100000)	JASDQU010102472.1	75000	438	0.009891
(766,1980)(114595,116397)(100000,150000)	JASDQU010102477.1	125000	1216	0.523305
(1981,2049)(187304,187373)(150000,200000)	JASDQU010102477.1	175000	70	0.036494
(2050,3128)(502469,507568)(500000,550000)	JASDQU010102477.1	525000	1080	0.344116
(3129,4212)(608979,612413)(600000,650000)	JASDQU010102477.1	625000	1085	0.242802
(4213,4351)(694472,694610)(650000,700000)	JASDQU010102477.1	675000	140	0.011121
(4352,4757)(702986,703395)(700000,750000)	JASDQU010102477.1	725000	407	-0.012552
(4758,4838)(824996,825128)(800000,850000)	JASDQU010102477.1	825000	82	0.045424
(4839,5064)(1043748,1044036)(1000000,1050000)	JASDQU010102477.1	1025000	227	0.289641
(5065,5200)(1164205,1164343)(1150000,1200000)	JASDQU010102477.1	1175000	137	0.078237
(746,1653)(250000,250913)(250000,300000)	JASDQU010102499.1	275000	909	0.025307
(952,1218)(122453,122722)(100000,150000)	JASDQU010102503.1	125000	268	0.009545
(1219,1441)(392341,392568)(350000,400000)	JASDQU010102503.1	375000	224	0.106065
(1770,1953)(115210,115402)(100000,150000)	JASDQU010102510.1	125000	185	0.786524
(1954,2130)(246041,246242)(200000,250000)	JASDQU010102510.1	225000	178	0.182535
(925,1448)(515210,541602)(500000,550000)	JASDQU010102514.1	525000	525	0.095387
(191,323)(374752,375087)(350000,400000)	JASDQU010102524.1	375000	134	0.066012
(324,683)(411549,414703)(400000,450000)	JASDQU010102524.1	425000	361	0.247054
(11,2057)(489141,492199)(450000,500000)	JASDQU010102532.1	475000	2048	0.219804
(2058,3054)(500593,501692)(500000,550000)	JASDQU010102532.1	525000	998	0.533563
(3055,3611)(608670,609243)(600000,650000)	JASDQU010102532.1	625000	558	0.752652
(242,887)(274272,274928)(250000,300000)	JASDQU010102544.1	275000	647	0.204663
(888,2873)(365147,392735)(350000,400000)	JASDQU010102544.1	375000	1987	0.183224
(88,446)(64500,64885)(50000,100000)	JASDQU010102579.1	75000	360	0.049592
(447,1091)(182705,183392)(150000,200000)	JASDQU010102579.1	175000	646	-0.009759
(1092,1274)(306582,306818)(300000,350000)	JASDQU010102579.1	325000	184	0.004695
(113,142)(112793,112857)(100000,150000)	JASDQU010102580.1	125000	31	0.062899
(2997,4561)(150000,152425)(150000,200000)	JASDQU010102583.1	175000	1566	0.352926
(178,204)(58888,58930)(50000,100000)	JASDQU010102585.1	75000	28	0.130519
(439,1912)(50790,79737)(50000,100000)	JASDQU010102591.1	75000	1475	0.069467
(868,1005)(134522,134682)(100000,150000)	JASDQU010102600.1	125000	139	0.015895
(1006,1032)(412397,412448)(400000,450000)	JASDQU010102600.1	425000	28	0.090289
(167,424)(104286,104558)(100000,150000)	JASDQU010102618.1	125000	259	0.062335
(425,599)(194980,195240)(150000,200000)	JASDQU010102618.1	175000	176	0.255203
(1106,1178)(141429,141530)(100000,150000)	JASDQU010102624.1	125000	74	0.042982
(9,295)(176886,177342)(150000,200000)	JASDQU010102628.1	175000	288	0.068253
(296,1151)(217058,244185)(200000,250000)	JASDQU010102628.1	225000	857	0.006159
(141,373)(87315,87550)(50000,100000)	JASDQU010102633.1	75000	234	0.054139
(111,718)(172290,190197)(150000,200000)	JASDQU010102648.1	175000	609	0.058414
(719,740)(240385,240421)(200000,250000)	JASDQU010102648.1	225000	23	0.046768
(7,101)(59274,59381)(50000,100000)	JASDQU010102653.1	75000	96	0.030227
(102,469)(148005,148537)(100000,150000)	JASDQU010102653.1	125000	369	0.064229
(470,498)(232799,232836)(200000,250000)	JASDQU010102653.1	225000	30	-0.004633
(499,1456)(265945,266923)(250000,300000)	JASDQU010102653.1	275000	959	0.102556
(1457,1908)(485863,486489)(450000,500000)	JASDQU010102653.1	475000	453	0.899079
(1909,2444)(505669,506207)(500000,550000)	JASDQU010102653.1	525000	537	0.915362
(49,2345)(129149,131666)(100000,150000)	JASDQU010102674.1	125000	2298	0.500164
(639,874)(211997,212438)(200000,250000)	JASDQU010102679.1	225000	237	0.022645
(175,1939)(243902,249224)(200000,250000)	JASDQU010102680.1	225000	1766	0.354303
(110,1166)(62536,76904)(50000,100000)	JASDQU010102686.1	75000	1058	0.280703
(1167,3283)(112272,137505)(100000,150000)	JASDQU010102686.1	125000	2118	0.343774
(3284,3413)(352511,352643)(350000,400000)	JASDQU010102686.1	375000	131	0.095456
(2064,2098)(182782,182845)(150000,200000)	JASDQU010102691.1	175000	36	-0.007665
(1345,1634)(177527,177820)(150000,200000)	JASDQU010102694.1	175000	291	0.017780
(3999,4184)(263780,296201)(250000,300000)	JASDQU010102696.1	275000	187	0.058235
(4185,5173)(396945,397977)(350000,400000)	JASDQU010102696.1	375000	990	-0.007507
(573,633)(296645,296708)(250000,300000)	JASDQU010102700.1	275000	62	0.042448
(454,699)(213254,215093)(200000,250000)	JASDQU010102701.1	225000	247	0.042608
(603,622)(60799,60847)(50000,100000)	JASDQU010102703.1	75000	21	0.034509
(370,1367)(145366,146389)(100000,150000)	JASDQU010102709.1	125000	999	0.265700
(1368,1520)(346314,346631)(300000,350000)	JASDQU010102709.1	325000	154	0.067887
(8,818)(589393,590224)(550000,600000)	JASDQU010102712.1	575000	812	0.138212
(819,1076)(803958,804270)(800000,850000)	JASDQU010102712.1	825000	259	0.113830
(45,328)(254517,254834)(250000,300000)	JASDQU010102730.1	275000	285	0.033751
(92,293)(187130,187393)(150000,200000)	JASDQU010102735.1	175000	203	0.101499
(408,437)(72996,73032)(50000,100000)	JASDQU010102736.1	75000	31	0.058802
(1000,1696)(155055,155771)(150000,200000)	JASDQU010102740.1	175000	698	0.555830
(1697,1794)(218407,218515)(200000,250000)	JASDQU010102740.1	225000	99	0.001267
(1795,5246)(270519,274438)(250000,300000)	JASDQU010102740.1	275000	3453	0.379377
(1138,2780)(77743,79414)(50000,100000)	JASDQU010102745.1	75000	1644	0.334525
(617,1445)(59302,95250)(50000,100000)	JASDQU010102750.1	75000	830	0.213850
(5,11)(148166,148174)(100000,150000)	JASDQU010102767.1	125000	8	0.042617
(12,1808)(210964,237018)(200000,250000)	JASDQU010102767.1	225000	1798	0.559575
(1809,1940)(317972,318132)(300000,350000)	JASDQU010102767.1	325000	133	0.955767
(248,372)(243691,243818)(200000,250000)	JASDQU010102771.1	225000	126	0.025665
(373,375)(277354,277357)(250000,300000)	JASDQU010102771.1	275000	4	0.039420
(2699,3716)(50000,51025)(50000,100000)	JASDQU010102774.1	75000	1019	0.401127
(3717,4026)(204412,208697)(200000,250000)	JASDQU010102774.1	225000	311	0.550291
(607,1141)(89308,89866)(50000,100000)	JASDQU010102775.1	75000	536	0.248794
(1,32)(302140,302184)(300000,350000)	JASDQU010102777.1	325000	33	0.051466
(33,776)(442273,443661)(400000,450000)	JASDQU010102777.1	425000	745	0.422407
(651,994)(202056,202414)(200000,250000)	JASDQU010102779.1	225000	345	0.062761
(390,2231)(379912,399999)(350000,400000)	JASDQU010102780.1	375000	1843	0.025849
(29,958)(171857,174514)(150000,200000)	JASDQU010102783.1	175000	931	0.050125
(959,1309)(356813,357179)(350000,400000)	JASDQU010102783.1	375000	352	0.046086
(1310,1461)(445227,445526)(400000,450000)	JASDQU010102783.1	425000	153	0.029004
(1462,5583)(484780,489841)(450000,500000)	JASDQU010102783.1	475000	4123	0.407343
(1093,1397)(305047,305433)(300000,350000)	JASDQU010102784.1	325000	306	0.082231
(602,1316)(254104,286748)(250000,300000)	JASDQU010102786.1	275000	716	0.252464
(1464,2023)(181957,190570)(150000,200000)	JASDQU010102788.1	175000	561	0.025972
(2024,2439)(213392,229140)(200000,250000)	JASDQU010102788.1	225000	417	0.048291
(2440,2809)(350291,350670)(350000,400000)	JASDQU010102788.1	375000	371	0.456151
(2810,4250)(498059,499999)(450000,500000)	JASDQU010102788.1	475000	1442	0.427634
(7,1261)(219841,239571)(200000,250000)	JASDQU010102794.1	225000	1256	0.077926
(1262,1589)(263127,282160)(250000,300000)	JASDQU010102794.1	275000	329	0.036730
(1590,1719)(314617,314755)(300000,350000)	JASDQU010102794.1	325000	131	0.090626
(1720,1901)(385399,385736)(350000,400000)	JASDQU010102794.1	375000	183	0.028024
(2799,5846)(65082,75865)(50000,100000)	JASDQU010102801.1	75000	3049	0.475545
(373,783)(124637,125418)(100000,150000)	JASDQU010102806.1	125000	412	0.068134
(784,806)(361374,361412)(350000,400000)	JASDQU010102806.1	375000	24	0.057969
(2895,3102)(50322,91563)(50000,100000)	JASDQU010102822.1	75000	209	0.397268
(3103,3254)(180697,180848)(150000,200000)	JASDQU010102822.1	175000	153	0.029291
(3255,3319)(204883,204953)(200000,250000)	JASDQU010102822.1	225000	66	0.023795
(917,1085)(189144,189318)(150000,200000)	JASDQU010102829.1	175000	170	0.296701
(1086,2157)(226923,228009)(200000,250000)	JASDQU010102829.1	225000	1073	0.387915
(1088,1838)(253548,257759)(250000,300000)	JASDQU010102836.1	275000	752	0.179725
(139,827)(60815,61679)(50000,100000)	JASDQU010102845.1	75000	690	0.225959
(90,301)(172015,172330)(150000,200000)	JASDQU010102848.1	175000	213	0.030080
(302,1128)(321246,322124)(300000,350000)	JASDQU010102848.1	325000	828	0.457386
(1129,2710)(548228,549999)(500000,550000)	JASDQU010102848.1	525000	1583	0.179841
(1005,1350)(80829,81175)(50000,100000)	JASDQU010102866.1	75000	347	0.145261
(1302,1611)(177573,185605)(150000,200000)	JASDQU010102868.1	175000	311	0.053419
(1612,4741)(451876,479112)(450000,500000)	JASDQU010102868.1	475000	3131	0.533388
(191,4087)(133789,143068)(100000,150000)	JASDQU010102873.1	125000	3898	0.315483
(159,1747)(84909,95667)(50000,100000)	JASDQU010102874.1	75000	1590	0.860399
(550,1215)(148074,148826)(100000,150000)	JASDQU010102882.1	125000	667	0.030530
(1216,1714)(156878,157409)(150000,200000)	JASDQU010102882.1	175000	500	0.222404
(1715,1744)(314097,314188)(300000,350000)	JASDQU010102882.1	325000	31	0.416140
(1341,2364)(464850,466160)(450000,500000)	JASDQU010102891.1	475000	1025	0.768533
(2365,3137)(521080,521863)(500000,550000)	JASDQU010102891.1	525000	774	0.016187
(3138,6637)(553012,575887)(550000,600000)	JASDQU010102891.1	575000	3501	0.651374
(6638,6871)(740621,740980)(700000,750000)	JASDQU010102891.1	725000	235	0.030128
(6872,7372)(797263,797890)(750000,800000)	JASDQU010102891.1	775000	502	0.066541
(7373,7740)(842840,846855)(800000,850000)	JASDQU010102891.1	825000	369	0.135170
(1341,2254)(443837,444914)(400000,450000)	JASDQU010102893.1	425000	915	0.065313
(71,423)(254719,255100)(250000,300000)	JASDQU010102895.1	275000	354	0.127272
(332,428)(299896,299999)(250000,300000)	JASDQU010102901.1	275000	98	0.330272
(429,1508)(300001,326071)(300000,350000)	JASDQU010102901.1	325000	1081	0.057681
(105,363)(264467,264955)(250000,300000)	JASDQU010102904.1	275000	260	0.049732
(364,582)(399777,399999)(350000,400000)	JASDQU010102904.1	375000	220	0.054538
(568,597)(205494,205596)(200000,250000)	JASDQU010102910.1	225000	31	0.388446
(641,1058)(262996,282401)(250000,300000)	JASDQU010102914.1	275000	419	0.344684
(1483,2013)(307111,307667)(300000,350000)	JASDQU010102933.1	325000	532	0.009829
(892,1215)(233359,234586)(200000,250000)	JASDQU010102946.1	225000	325	0.123408
(118,289)(131657,131833)(100000,150000)	JASDQU010102955.1	125000	173	0.062977
(290,845)(315428,317099)(300000,350000)	JASDQU010102955.1	325000	557	0.194148
(846,1492)(411172,411818)(400000,450000)	JASDQU010102955.1	425000	648	0.098862
(249,730)(188481,189040)(150000,200000)	JASDQU010102963.1	175000	483	0.118381
(110,407)(169213,169531)(150000,200000)	JASDQU010102970.1	175000	299	0.040410
(408,2576)(200895,203066)(200000,250000)	JASDQU010102970.1	225000	2170	0.081192
(81,143)(200000,237968)(200000,250000)	JASDQU010102973.1	225000	64	0.079748
(26,632)(59917,60535)(50000,100000)	JASDQU010102975.1	75000	608	0.056197
(26,142)(262587,262708)(250000,300000)	JASDQU010102978.1	275000	118	0.024727
(143,243)(362897,363174)(350000,400000)	JASDQU010102978.1	375000	102	0.042191
(164,1097)(169752,170703)(150000,200000)	JASDQU010102997.1	175000	935	0.199884
(1144,1654)(149418,149999)(100000,150000)	JASDQU010103000.1	125000	512	0.073917
(528,644)(50490,50610)(50000,100000)	JASDQU010103005.1	75000	118	0.041265
(645,1041)(100393,145987)(100000,150000)	JASDQU010103005.1	125000	398	0.591883
(1042,1692)(411969,415856)(400000,450000)	JASDQU010103005.1	425000	652	0.767199
(1693,2557)(494743,495628)(450000,500000)	JASDQU010103005.1	475000	866	0.521467
(2558,2834)(529075,529355)(500000,550000)	JASDQU010103005.1	525000	278	0.552985
(2835,3110)(556599,556878)(550000,600000)	JASDQU010103005.1	575000	277	0.613031
(465,1063)(340942,341555)(300000,350000)	JASDQU010103006.1	325000	600	0.157742
(22,2704)(308636,312745)(300000,350000)	JASDQU010103007.1	325000	2684	0.251113
(293,1091)(200453,201260)(200000,250000)	JASDQU010103009.1	225000	800	0.074443
(357,609)(188428,188832)(150000,200000)	JASDQU010103013.1	175000	254	0.113350
(543,618)(470162,470241)(450000,500000)	JASDQU010103017.1	475000	77	-0.008802
(981,1147)(146047,146301)(100000,150000)	JASDQU010103026.1	125000	168	0.047301
(402,1132)(112813,113555)(100000,150000)	JASDQU010103028.1	125000	732	0.028459
(1133,1149)(152242,152258)(150000,200000)	JASDQU010103028.1	175000	18	0.101820
(66,848)(192402,193192)(150000,200000)	JASDQU010103029.1	175000	784	0.033341
(347,522)(64141,64328)(50000,100000)	JASDQU010103033.1	75000	177	0.077136
(1579,1996)(191701,192313)(150000,200000)	JASDQU010103057.1	175000	419	-0.006398
(88,208)(359537,359864)(350000,400000)	JASDQU010103059.1	375000	122	0.088550
(1109,2014)(104599,149417)(100000,150000)	JASDQU010103061.1	125000	907	0.441555
(395,590)(331818,332024)(300000,350000)	JASDQU010103066.1	325000	197	0.051471
(591,630)(699957,699999)(650000,700000)	JASDQU010103066.1	675000	41	0.338598
(602,1425)(58892,59717)(50000,100000)	JASDQU010103069.1	75000	825	0.281871
(500,531)(139936,139969)(100000,150000)	JASDQU010103070.1	125000	33	0.041631
(419,628)(345020,345245)(300000,350000)	JASDQU010103071.1	325000	211	0.041148
(137,1300)(188053,189289)(150000,200000)	JASDQU010103072.1	175000	1165	0.225940
(1295,1794)(446824,447334)(400000,450000)	JASDQU010103080.1	425000	501	0.502895
(1795,4990)(461682,465477)(450000,500000)	JASDQU010103080.1	475000	3197	0.434147
(29,421)(164223,176054)(150000,200000)	JASDQU010103090.1	175000	394	0.066436
(692,1376)(211015,211701)(200000,250000)	JASDQU010103092.1	225000	686	0.042964
(27,1039)(64681,76530)(50000,100000)	JASDQU010103105.1	75000	1014	0.805139
(1040,1982)(159635,175694)(150000,200000)	JASDQU010103105.1	175000	944	0.081456
(296,1229)(110380,112970)(100000,150000)	JASDQU010103106.1	125000	935	0.178763
(353,462)(273022,273141)(250000,300000)	JASDQU010103110.1	275000	111	0.164660
(463,488)(337649,337695)(300000,350000)	JASDQU010103110.1	325000	27	0.072930
(93,3309)(85115,92845)(50000,100000)	JASDQU010103113.1	75000	3218	0.235900
(62,1340)(328390,329673)(300000,350000)	JASDQU010103132.1	325000	1280	0.301388
(1341,1600)(512880,513374)(500000,550000)	JASDQU010103132.1	525000	261	0.027469
(95,372)(82264,82546)(50000,100000)	JASDQU010103141.1	75000	279	0.078353
(373,661)(155472,155762)(150000,200000)	JASDQU010103141.1	175000	290	-0.006423
(1023,1734)(159158,190854)(150000,200000)	JASDQU010103144.1	175000	713	0.128435
(540,1179)(378951,379593)(350000,400000)	JASDQU010103149.1	375000	641	0.266118
(1180,2091)(430159,445953)(400000,450000)	JASDQU010103149.1	425000	913	0.036109
(1381,3702)(61232,65527)(50000,100000)	JASDQU010103150.1	75000	2323	0.571093
(121,138)(103336,103361)(100000,150000)	JASDQU010103151.1	125000	19	0.077817
(1802,1840)(187441,187495)(150000,200000)	JASDQU010103155.1	175000	40	0.056825
(1841,3308)(262761,275807)(250000,300000)	JASDQU010103155.1	275000	1469	0.052043
(543,1173)(73036,80393)(50000,100000)	JASDQU010103160.1	75000	632	0.406855
(8,814)(153914,154729)(150000,200000)	JASDQU010103161.1	175000	808	0.276506
(642,938)(95525,95832)(50000,100000)	JASDQU010103163.1	75000	298	0.052081
(122,124)(63366,63368)(50000,100000)	JASDQU010103169.1	75000	4	0.051460
(1536,1651)(180581,180702)(150000,200000)	JASDQU010103181.1	175000	117	0.024233
(2063,2072)(67155,67165)(50000,100000)	JASDQU010103185.1	75000	11	0.039449
(1643,2420)(98478,99265)(50000,100000)	JASDQU010103197.1	75000	779	0.405145
(9,176)(195267,195436)(150000,200000)	JASDQU010103203.1	175000	169	0.021859
(3138,3431)(145883,146202)(100000,150000)	JASDQU010103212.1	125000	295	0.070730
(279,1017)(131542,132415)(100000,150000)	JASDQU010103214.1	125000	740	0.398335
(1018,1170)(197948,198149)(150000,200000)	JASDQU010103214.1	175000	154	0.076627
(3975,6592)(102782,130578)(100000,150000)	JASDQU010103222.1	125000	2619	0.378476
(6593,7075)(341035,341522)(300000,350000)	JASDQU010103222.1	325000	484	0.604108
(7076,7127)(480100,480152)(450000,500000)	JASDQU010103222.1	475000	53	0.096385
(7128,7497)(550619,550989)(550000,600000)	JASDQU010103222.1	575000	371	0.037070
(2169,2225)(111738,111839)(100000,150000)	JASDQU010103230.1	125000	58	0.060733
(19,3631)(368997,394604)(350000,400000)	JASDQU010103233.1	375000	3614	0.095194
(592,1219)(213861,214504)(200000,250000)	JASDQU010103246.1	225000	629	0.024521
(1220,2452)(381435,389939)(350000,400000)	JASDQU010103246.1	375000	1234	-0.000842
(2453,2773)(553950,566809)(550000,600000)	JASDQU010103246.1	575000	322	0.022621
(765,4638)(193120,199999)(150000,200000)	JASDQU010103260.1	175000	3875	0.438842
(4639,12491)(200000,208103)(200000,250000)	JASDQU010103260.1	225000	7854	0.388923
(12492,12613)(499343,499478)(450000,500000)	JASDQU010103260.1	475000	123	0.049258
(139,3013)(238773,243111)(200000,250000)	JASDQU010103264.1	225000	2876	0.147295
(967,1658)(124504,125197)(100000,150000)	JASDQU010103267.1	125000	693	0.391000
(529,3377)(92755,97869)(50000,100000)	JASDQU010103270.1	75000	2850	0.281620
(560,1083)(363846,364418)(350000,400000)	JASDQU010103285.1	375000	525	0.004333
(115,339)(193679,194179)(150000,200000)	JASDQU010103295.1	175000	226	0.063922
(340,458)(227311,227619)(200000,250000)	JASDQU010103295.1	225000	120	0.022676
(459,3270)(334666,346750)(300000,350000)	JASDQU010103295.1	325000	2813	0.168272
(360,849)(90787,91302)(50000,100000)	JASDQU010103298.1	75000	491	0.023163
(850,1149)(253302,256542)(250000,300000)	JASDQU010103298.1	275000	301	0.055072
(21,707)(73288,74372)(50000,100000)	JASDQU010103313.1	75000	688	0.497883
(708,1747)(151042,183179)(150000,200000)	JASDQU010103313.1	175000	1041	0.163018
(1748,1780)(264700,273597)(250000,300000)	JASDQU010103313.1	275000	34	0.415272
(381,1563)(214381,220114)(200000,250000)	JASDQU010103352.1	225000	1184	0.346233
(4,482)(281718,288521)(250000,300000)	JASDQU010103358.1	275000	480	0.200577
(483,1147)(458117,458983)(450000,500000)	JASDQU010103358.1	475000	666	0.082840
(120,3951)(192602,199713)(150000,200000)	JASDQU010103362.1	175000	3833	0.623616
(3952,5237)(285926,288064)(250000,300000)	JASDQU010103362.1	275000	1287	0.470836
(147,263)(414859,414987)(400000,450000)	JASDQU010103374.1	425000	118	0.031053
(264,784)(475382,489827)(450000,500000)	JASDQU010103374.1	475000	522	0.012587
(697,1560)(209209,210085)(200000,250000)	JASDQU010103381.1	225000	865	0.281203
(1561,1782)(333949,334174)(300000,350000)	JASDQU010103381.1	325000	223	0.081039
(104,2850)(132879,138848)(100000,150000)	JASDQU010103382.1	125000	2748	0.280151
(131,830)(120985,121692)(100000,150000)	JASDQU010103402.1	125000	701	0.783141
(4935,5131)(141808,142058)(100000,150000)	JASDQU010103410.1	125000	198	0.208758
(5132,7878)(172496,175794)(150000,200000)	JASDQU010103410.1	175000	2748	0.332625
(109,676)(113539,114168)(100000,150000)	JASDQU010103413.1	125000	569	0.603020
(223,839)(231998,232628)(200000,250000)	JASDQU010103417.1	225000	618	0.170800
(1042,1747)(412612,413854)(400000,450000)	JASDQU010103429.1	425000	707	0.009132
(51,881)(203381,204419)(200000,250000)	JASDQU010103431.1	225000	832	0.017076
(882,1458)(266711,296879)(250000,300000)	JASDQU010103431.1	275000	578	0.054991
(1459,1660)(314414,314633)(300000,350000)	JASDQU010103431.1	325000	203	0.169394
(180,256)(70022,70108)(50000,100000)	JASDQU010103434.1	75000	78	0.072534
(257,275)(235124,235240)(200000,250000)	JASDQU010103434.1	225000	20	-0.003628
(276,475)(565957,566162)(550000,600000)	JASDQU010103434.1	575000	201	0.088599
(1042,1971)(122355,123340)(100000,150000)	JASDQU010103435.1	125000	931	0.449918
(110,759)(236568,237218)(200000,250000)	JASDQU010103443.1	225000	651	0.075253
(760,1499)(482980,484008)(450000,500000)	JASDQU010103443.1	475000	741	0.024530
(1500,3836)(543676,548559)(500000,550000)	JASDQU010103443.1	525000	2338	0.456463
(166,419)(229448,229714)(200000,250000)	JASDQU010103452.1	225000	255	0.029376
(420,627)(261521,261799)(250000,300000)	JASDQU010103452.1	275000	209	0.841411
(1275,1276)(166497,166499)(150000,200000)	JASDQU010103459.1	175000	3	0.042802
(305,1924)(473890,475699)(450000,500000)	JASDQU010103465.1	475000	1621	0.146567
(1925,2554)(580710,581345)(550000,600000)	JASDQU010103465.1	575000	631	0.010910
(479,1957)(511506,513000)(500000,550000)	JASDQU010103468.1	525000	1480	0.014012
(410,798)(99473,99934)(50000,100000)	JASDQU010103492.1	75000	390	0.057895
(220,359)(401642,401785)(400000,450000)	JASDQU010103496.1	425000	141	0.009554
(55,923)(350000,350883)(350000,400000)	JASDQU010103497.1	375000	870	0.466506
(924,1215)(470743,471233)(450000,500000)	JASDQU010103497.1	475000	293	0.039560
(1216,1807)(577738,578437)(550000,600000)	JASDQU010103497.1	575000	593	0.219694
(644,760)(91643,91763)(50000,100000)	JASDQU010103500.1	75000	118	0.031302
(525,2350)(600436,649174)(600000,650000)	JASDQU010103503.1	625000	1827	-0.007243
(40,60)(158343,158365)(150000,200000)	JASDQU010103513.1	175000	22	0.012751
(2142,2626)(349510,349999)(300000,350000)	JASDQU010103520.1	325000	486	0.380077
(854,983)(50000,50130)(50000,100000)	JASDQU010103533.1	75000	131	0.328778
(1048,1183)(82446,82658)(50000,100000)	JASDQU010103547.1	75000	137	0.030052
(1184,1328)(195963,196269)(150000,200000)	JASDQU010103547.1	175000	146	0.037537
(1329,1356)(424670,424718)(400000,450000)	JASDQU010103547.1	425000	29	0.071749
(699,772)(177146,177272)(150000,200000)	JASDQU010103558.1	175000	75	0.070297
(1916,1966)(139522,139638)(100000,150000)	JASDQU010103560.1	125000	52	0.050776
(1967,2096)(151549,151696)(150000,200000)	JASDQU010103560.1	175000	131	0.052616
(191,304)(128764,128890)(100000,150000)	JASDQU010103573.1	125000	115	0.095231
(305,1208)(343091,343994)(300000,350000)	JASDQU010103573.1	325000	905	0.215896
(1076,1338)(338413,338788)(300000,350000)	JASDQU010103578.1	325000	264	0.039807
(1411,1912)(595412,595920)(550000,600000)	JASDQU010103595.1	575000	503	0.225352
(1913,2389)(651124,681236)(650000,700000)	JASDQU010103595.1	675000	478	0.145460
(2390,3092)(824461,825165)(800000,850000)	JASDQU010103595.1	825000	704	0.626198
(3093,3437)(936612,936967)(900000,950000)	JASDQU010103595.1	925000	346	0.004306
(3438,5190)(990730,993852)(950000,1000000)	JASDQU010103595.1	975000	1754	0.657719
(286,655)(123638,124011)(100000,150000)	JASDQU010103602.1	125000	371	0.148799
(656,794)(230419,230594)(200000,250000)	JASDQU010103602.1	225000	140	0.044370
(714,850)(115962,116098)(100000,150000)	JASDQU010103607.1	125000	138	0.046521
(851,1512)(202214,235179)(200000,250000)	JASDQU010103607.1	225000	663	0.590150
(1513,3489)(286319,288507)(250000,300000)	JASDQU010103607.1	275000	1978	0.862039
(3490,3506)(414598,414669)(400000,450000)	JASDQU010103607.1	425000	18	0.201231
(2431,4715)(88947,91745)(50000,100000)	JASDQU010103610.1	75000	2286	0.437672
(140,825)(62808,63499)(50000,100000)	JASDQU010103616.1	75000	687	0.406322
(1600,1723)(62891,63031)(50000,100000)	JASDQU010103633.1	75000	125	0.262187
(627,1022)(54405,54812)(50000,100000)	JASDQU010103636.1	75000	397	0.024516
(1023,1506)(298082,299026)(250000,300000)	JASDQU010103636.1	275000	485	0.116628
(280,384)(257521,257641)(250000,300000)	JASDQU010103638.1	275000	106	0.060314
(114,200)(76857,76960)(50000,100000)	JASDQU010103655.1	75000	88	0.075833
(187,341)(237628,237844)(200000,250000)	JASDQU010103671.1	225000	156	0.571771
(165,1017)(66944,99999)(50000,100000)	JASDQU010103673.1	75000	854	0.069319
(2168,2963)(153864,154676)(150000,200000)	JASDQU010103680.1	175000	797	0.579930
(1576,1682)(471077,471183)(450000,500000)	JASDQU010103686.1	475000	108	0.043084
(1683,3520)(516864,545954)(500000,550000)	JASDQU010103686.1	525000	1839	0.001343
(480,655)(263408,269527)(250000,300000)	JASDQU010103689.1	275000	177	0.065636
(144,164)(52483,52521)(50000,100000)	JASDQU010103692.1	75000	22	0.114778
(165,496)(137814,138257)(100000,150000)	JASDQU010103692.1	125000	333	0.030980
(497,531)(181986,182029)(150000,200000)	JASDQU010103692.1	175000	36	0.071733
(532,1400)(333796,337942)(300000,350000)	JASDQU010103692.1	325000	870	0.110883
(555,2719)(209095,234035)(200000,250000)	JASDQU010103710.1	225000	2166	0.416169
(2720,2991)(254176,254568)(250000,300000)	JASDQU010103710.1	275000	273	0.056228
(2992,4126)(374049,375208)(350000,400000)	JASDQU010103710.1	375000	1136	0.166694
(4,37)(432435,432471)(400000,450000)	JASDQU010103715.1	425000	35	0.018397
(38,893)(649135,649999)(600000,650000)	JASDQU010103715.1	625000	857	-0.023013
(894,1310)(650000,657382)(650000,700000)	JASDQU010103715.1	675000	418	0.224220
(1311,2200)(786431,787434)(750000,800000)	JASDQU010103715.1	775000	891	0.017294
(127,586)(80657,81211)(50000,100000)	JASDQU010103716.1	75000	461	0.273528
(175,785)(151908,169119)(150000,200000)	JASDQU010103747.1	175000	612	0.414800
(1602,1679)(66126,66206)(50000,100000)	JASDQU010103754.1	75000	79	0.079452
(104,182)(147567,147649)(100000,150000)	JASDQU010103757.1	125000	80	-0.003055
(584,650)(206703,249998)(200000,250000)	JASDQU010103759.1	225000	68	0.039487
(426,661)(216656,216891)(200000,250000)	JASDQU010103765.1	225000	237	0.129470
(1576,7231)(101511,147339)(100000,150000)	JASDQU010103768.1	125000	5657	0.382757
(3144,5344)(150395,152816)(150000,200000)	JASDQU010103772.1	175000	2202	0.910484
(5345,5359)(276769,276786)(250000,300000)	JASDQU010103772.1	275000	16	0.040459
(389,535)(116997,121059)(100000,150000)	JASDQU010103775.1	125000	148	0.035477
(107,2558)(61100,70865)(50000,100000)	JASDQU010103780.1	75000	2453	0.538933
(395,5541)(50000,74777)(50000,100000)	JASDQU010103782.1	75000	5148	0.177369
(826,1584)(343712,346915)(300000,350000)	JASDQU010103787.1	325000	760	0.409674
(38,203)(211680,212281)(200000,250000)	JASDQU010103792.1	225000	167	0.039296
(204,1120)(258190,259108)(250000,300000)	JASDQU010103792.1	275000	918	0.404932
(1135,1344)(105772,111024)(100000,150000)	JASDQU010103797.1	125000	211	0.057063
(224,578)(85049,98750)(50000,100000)	JASDQU010103800.1	75000	356	0.042502
(579,1977)(106801,110921)(100000,150000)	JASDQU010103800.1	125000	1400	0.009297
(115,1529)(230136,234145)(200000,250000)	JASDQU010103824.1	225000	1416	0.050489
(479,1673)(344532,346073)(300000,350000)	JASDQU010103831.1	325000	1196	0.096640
(5,574)(112320,112916)(100000,150000)	JASDQU010103833.1	125000	571	0.413060
(652,665)(97587,97607)(50000,100000)	JASDQU010103837.1	75000	15	0.032203
(666,1625)(116778,124544)(100000,150000)	JASDQU010103837.1	125000	961	0.048895
(1626,1662)(174465,197915)(150000,200000)	JASDQU010103837.1	175000	38	0.097549
(3797,3969)(210816,221211)(200000,250000)	JASDQU010103840.1	225000	174	0.079951
(2127,5652)(116843,123444)(100000,150000)	JASDQU010103848.1	125000	3527	0.474012
(215,776)(275372,275943)(250000,300000)	JASDQU010103852.1	275000	563	0.078660
(3847,4525)(108402,109097)(100000,150000)	JASDQU010103861.1	125000	680	0.197216
(2790,3120)(278034,278423)(250000,300000)	JASDQU010103876.1	275000	332	0.027656
(3121,3125)(334280,334284)(300000,350000)	JASDQU010103876.1	325000	6	0.065977
(244,380)(256953,264670)(250000,300000)	JASDQU010103877.1	275000	138	0.188071
(34,113)(411247,411365)(400000,450000)	JASDQU010103889.1	425000	81	0.145119
(114,474)(630319,630679)(600000,650000)	JASDQU010103889.1	625000	362	0.013087
(116,1499)(267579,279078)(250000,300000)	JASDQU010103894.1	275000	1385	0.101193
(890,1671)(167941,168753)(150000,200000)	JASDQU010103895.1	175000	783	0.355877
(1672,1928)(349699,349999)(300000,350000)	JASDQU010103895.1	325000	258	0.033119
(1929,2577)(350000,391143)(350000,400000)	JASDQU010103895.1	375000	650	-0.000832
(1235,1923)(445862,446575)(400000,450000)	JASDQU010103896.1	425000	690	0.381076
(1724,1951)(309341,309779)(300000,350000)	JASDQU010103906.1	325000	229	0.071718
(9,12)(230896,230900)(200000,250000)	JASDQU010103915.1	225000	5	0.060942
(13,2542)(374175,393567)(350000,400000)	JASDQU010103915.1	375000	2531	0.113988
(708,803)(347828,347936)(300000,350000)	JASDQU010103917.1	325000	97	0.042099
(934,940)(279852,279860)(250000,300000)	JASDQU010103926.1	275000	8	0.051599
(941,3999)(312794,324777)(300000,350000)	JASDQU010103926.1	325000	3060	0.336383
(4000,6022)(396976,399395)(350000,400000)	JASDQU010103926.1	375000	2024	0.273754
(2010,2235)(124622,124993)(100000,150000)	JASDQU010103931.1	125000	227	0.024752
(269,413)(146846,147253)(100000,150000)	JASDQU010103976.1	125000	146	0.001604
(414,2357)(151709,180043)(150000,200000)	JASDQU010103976.1	175000	1945	0.499368
(2358,2627)(224504,224783)(200000,250000)	JASDQU010103976.1	225000	271	0.620778
(11,137)(299870,299998)(250000,300000)	JASDQU010103982.1	275000	128	0.056286
(25,229)(282137,297810)(250000,300000)	JASDQU010103985.1	275000	206	0.123229
(230,1128)(505085,506037)(500000,550000)	JASDQU010103985.1	525000	900	0.611729
(153,2675)(394450,398621)(350000,400000)	JASDQU010103990.1	375000	2524	0.150047
(2676,3141)(402123,402716)(400000,450000)	JASDQU010103990.1	425000	467	0.151100
(3142,3277)(567792,568179)(550000,600000)	JASDQU010103990.1	575000	137	0.052945
(69,849)(247092,247898)(200000,250000)	JASDQU010103991.1	225000	782	0.332525
(850,1368)(282504,283136)(250000,300000)	JASDQU010103991.1	275000	520	0.238692
(1341,1406)(170498,170577)(150000,200000)	JASDQU010103993.1	175000	67	0.339199
(509,1816)(110254,146601)(100000,150000)	JASDQU010103999.1	125000	1309	0.156924
(1817,3584)(197805,199620)(150000,200000)	JASDQU010103999.1	175000	1769	0.597956
(787,1266)(250991,255485)(250000,300000)	JASDQU010104000.1	275000	481	0.109735
(1267,2187)(402587,403508)(400000,450000)	JASDQU010104000.1	425000	922	0.279227
(2188,2414)(461339,461794)(450000,500000)	JASDQU010104000.1	475000	228	0.036197
(630,774)(192124,192463)(150000,200000)	JASDQU010104005.1	175000	146	0.035693
(775,890)(206043,206161)(200000,250000)	JASDQU010104005.1	225000	117	0.025765
(891,1029)(300592,300747)(300000,350000)	JASDQU010104005.1	325000	140	0.040977
(274,371)(158865,158987)(150000,200000)	JASDQU010104016.1	175000	99	0.069126
(372,531)(295785,296153)(250000,300000)	JASDQU010104016.1	275000	161	0.019919
(532,1104)(317180,317777)(300000,350000)	JASDQU010104016.1	325000	574	0.721026
(4613,5861)(133542,135006)(100000,150000)	JASDQU010104017.1	125000	1250	0.483725
(568,1053)(176403,188476)(150000,200000)	JASDQU010104018.1	175000	487	0.069024
(2636,3017)(250000,250388)(250000,300000)	JASDQU010104027.1	275000	383	0.537166
(202,291)(434146,434249)(400000,450000)	JASDQU010104033.1	425000	91	0.085467
(292,1891)(452105,475410)(450000,500000)	JASDQU010104033.1	475000	1601	0.098556
(1892,2402)(568494,569069)(550000,600000)	JASDQU010104033.1	575000	512	0.018026
(847,1091)(56372,56631)(50000,100000)	JASDQU010104034.1	75000	246	0.034264
(839,1321)(60064,60773)(50000,100000)	JASDQU010104041.1	75000	484	0.075512
(1322,1439)(143906,144023)(100000,150000)	JASDQU010104041.1	125000	119	0.133824
(1440,1654)(163950,164165)(150000,200000)	JASDQU010104041.1	175000	216	0.008798
(1655,2313)(252788,291194)(250000,300000)	JASDQU010104041.1	275000	660	0.044833
(481,866)(216142,216527)(200000,250000)	JASDQU010104044.1	225000	387	0.331640
(437,617)(51000,51298)(50000,100000)	JASDQU010104045.1	75000	182	0.023702
(5,141)(90383,90763)(50000,100000)	JASDQU010104046.1	75000	138	0.205775
(1189,1210)(280576,280676)(250000,300000)	JASDQU010104056.1	275000	23	0.201998
(184,438)(126660,127039)(100000,150000)	JASDQU010104061.1	125000	256	0.069121
(439,2381)(338662,341525)(300000,350000)	JASDQU010104061.1	325000	1944	0.381989
(170,1527)(233512,236095)(200000,250000)	JASDQU010104072.1	225000	1359	0.361649
(2234,5820)(350000,354742)(350000,400000)	JASDQU010104073.1	375000	3588	0.491737
(6094,12831)(107854,123339)(100000,150000)	JASDQU010104083.1	125000	6739	0.229458
(12832,12899)(175519,175637)(150000,200000)	JASDQU010104083.1	175000	69	0.111194
(12900,13961)(206518,213173)(200000,250000)	JASDQU010104083.1	225000	1063	0.016947
(13962,14031)(295914,296013)(250000,300000)	JASDQU010104083.1	275000	71	0.146717
(14032,15339)(391227,392545)(350000,400000)	JASDQU010104083.1	375000	1309	0.097842
(15340,15742)(405409,405852)(400000,450000)	JASDQU010104083.1	425000	404	0.112406
(15743,15763)(495282,495347)(450000,500000)	JASDQU010104083.1	475000	22	0.028277
(15764,17101)(501014,523417)(500000,550000)	JASDQU010104083.1	525000	1339	0.435168
(665,977)(158448,158764)(150000,200000)	JASDQU010104084.1	175000	314	0.055968
(546,1370)(325402,326247)(300000,350000)	JASDQU010104099.1	325000	826	0.313165
(1371,2039)(413165,435165)(400000,450000)	JASDQU010104099.1	425000	670	0.311827
(565,885)(371868,382174)(350000,400000)	JASDQU010104102.1	375000	322	0.321733
(886,1353)(435322,435812)(400000,450000)	JASDQU010104102.1	425000	469	0.147616
(1354,1677)(468954,469282)(450000,500000)	JASDQU010104102.1	475000	325	0.049854
(1678,2618)(505309,549954)(500000,550000)	JASDQU010104102.1	525000	942	0.219035
(49,445)(329931,330368)(300000,350000)	JASDQU010104105.1	325000	398	0.258466
(446,755)(350484,377454)(350000,400000)	JASDQU010104105.1	375000	311	0.060608
(422,1906)(56348,80367)(50000,100000)	JASDQU010104125.1	75000	1486	0.404835
(1907,2554)(167224,167881)(150000,200000)	JASDQU010104125.1	175000	649	0.730915
(392,768)(116167,116760)(100000,150000)	JASDQU010104141.1	125000	378	0.287831
(769,1032)(224079,224361)(200000,250000)	JASDQU010104141.1	225000	265	0.009394
(1082,1462)(409357,409783)(400000,450000)	JASDQU010104143.1	425000	382	0.039182
(1463,2467)(451649,481193)(450000,500000)	JASDQU010104143.1	475000	1006	0.552238
(2468,3075)(508627,527125)(500000,550000)	JASDQU010104143.1	525000	609	0.012724
(3076,3265)(607596,607796)(600000,650000)	JASDQU010104143.1	625000	191	0.046285
(685,1802)(94166,96137)(50000,100000)	JASDQU010104155.1	75000	1119	0.148887
(1803,2765)(205261,207178)(200000,250000)	JASDQU010104155.1	225000	964	0.145954
(2766,2923)(344355,344634)(300000,350000)	JASDQU010104155.1	325000	159	0.037632
(278,2162)(107718,111346)(100000,150000)	JASDQU010104158.1	125000	1886	0.127377
(2246,2329)(350000,350104)(350000,400000)	JASDQU010104172.1	375000	85	0.080461
(406,414)(150622,150666)(150000,200000)	JASDQU010104193.1	175000	10	-0.021700
(415,871)(342892,343491)(300000,350000)	JASDQU010104193.1	325000	458	0.014646
(178,2429)(87599,99463)(50000,100000)	JASDQU010104213.1	75000	2253	0.712924
(309,2895)(62577,65750)(50000,100000)	JASDQU010104215.1	75000	2588	0.466895
(168,802)(298760,299407)(250000,300000)	JASDQU010104220.1	275000	636	0.205360
(1272,1507)(109242,109481)(100000,150000)	JASDQU010104225.1	125000	237	0.015520
(245,271)(306728,306780)(300000,350000)	JASDQU010104229.1	325000	28	0.228460
(2429,2867)(287097,287545)(250000,300000)	JASDQU010104242.1	275000	440	0.175890
(700,1185)(50287,50774)(50000,100000)	JASDQU010104250.1	75000	487	0.428756
(4139,5148)(75196,81551)(50000,100000)	JASDQU010104256.1	75000	1011	0.299726
(327,2350)(112963,115000)(100000,150000)	JASDQU010104258.1	125000	2025	0.443600
(132,700)(316320,316919)(300000,350000)	JASDQU010104270.1	325000	570	0.251038
(3569,5382)(153520,179607)(150000,200000)	JASDQU010104279.1	175000	1815	0.356611
(589,689)(385896,386034)(350000,400000)	JASDQU010104293.1	375000	102	0.392036
(17,1362)(250863,253737)(250000,300000)	JASDQU010104313.1	275000	1347	0.200997
(3365,3689)(61382,76985)(50000,100000)	JASDQU010104321.1	75000	326	0.027752
(3690,4326)(174755,175415)(150000,200000)	JASDQU010104321.1	175000	638	0.607958
(4327,6292)(497581,499999)(450000,500000)	JASDQU010104321.1	475000	1967	0.529769
(6293,6956)(500000,500677)(500000,550000)	JASDQU010104321.1	525000	665	0.551924
(1,187)(140568,140806)(100000,150000)	JASDQU010104331.1	125000	188	0.034799
(721,1309)(243933,244526)(200000,250000)	JASDQU010104367.1	225000	590	0.505022
(1310,1599)(328841,329152)(300000,350000)	JASDQU010104367.1	325000	291	0.265272
(1600,2004)(358484,358923)(350000,400000)	JASDQU010104367.1	375000	406	0.078465
(320,684)(365919,366304)(350000,400000)	JASDQU010104368.1	375000	366	0.700046
(982,1167)(129641,129833)(100000,150000)	JASDQU010104370.1	125000	187	0.009333
(482,880)(173568,174309)(150000,200000)	JASDQU010104371.1	175000	400	0.263896
(2123,2344)(286924,287301)(250000,300000)	JASDQU010104376.1	275000	223	0.007052
(64,196)(173192,173324)(150000,200000)	JASDQU010104390.1	175000	134	0.085204
(197,448)(225931,226219)(200000,250000)	JASDQU010104390.1	225000	253	0.098119
(449,932)(292703,293307)(250000,300000)	JASDQU010104390.1	275000	485	0.044797
(2896,2923)(61330,61359)(50000,100000)	JASDQU010104400.1	75000	29	0.058604
(7,1053)(201243,236410)(200000,250000)	JASDQU010104402.1	225000	1048	0.503379
(1054,1792)(262334,263091)(250000,300000)	JASDQU010104402.1	275000	740	0.327803
(1793,1906)(301464,301590)(300000,350000)	JASDQU010104402.1	325000	115	0.068079
(359,2767)(56071,59708)(50000,100000)	JASDQU010104403.1	75000	2410	0.308003
(129,1150)(100418,101445)(100000,150000)	JASDQU010104411.1	125000	1023	0.416191
(1222,1222)(342431,342431)(300000,350000)	JASDQU010104432.1	325000	2	0.041610
(1223,2044)(351450,352288)(350000,400000)	JASDQU010104432.1	375000	823	0.044207
(2045,4083)(503985,509519)(500000,550000)	JASDQU010104432.1	525000	2040	0.100477
(167,899)(51113,52518)(50000,100000)	JASDQU010104433.1	75000	734	0.310991
(1010,1195)(163904,164108)(150000,200000)	JASDQU010104436.1	175000	187	0.138807
(192,647)(113132,113600)(100000,150000)	JASDQU010104450.1	125000	457	0.065860
(694,1566)(135683,136562)(100000,150000)	JASDQU010104453.1	125000	874	0.068989
(128,1157)(82725,85201)(50000,100000)	JASDQU010104464.1	75000	1031	0.164476
(758,1411)(217006,217720)(200000,250000)	JASDQU010104468.1	225000	655	0.010978
(136,601)(273398,273878)(250000,300000)	JASDQU010104478.1	275000	467	0.030621
(657,782)(103668,103794)(100000,150000)	JASDQU010104484.1	125000	127	0.070382
(373,624)(269503,269968)(250000,300000)	JASDQU010104485.1	275000	253	0.167434
(1577,1752)(238447,246721)(200000,250000)	JASDQU010104489.1	225000	177	0.047939
(1753,1829)(289240,289451)(250000,300000)	JASDQU010104489.1	275000	78	0.135116
(1830,1926)(335612,338089)(300000,350000)	JASDQU010104489.1	325000	98	0.061429
(249,1168)(132986,136244)(100000,150000)	JASDQU010104500.1	125000	921	0.350664
(1951,2337)(153693,154097)(150000,200000)	JASDQU010104502.1	175000	388	0.023730
(2525,2689)(202856,203037)(200000,250000)	JASDQU010104512.1	225000	166	0.011396
(284,302)(467875,467894)(450000,500000)	JASDQU010104517.1	475000	20	0.071466
(220,1385)(303528,304734)(300000,350000)	JASDQU010104519.1	325000	1167	0.478356
(1147,2208)(54373,92297)(50000,100000)	JASDQU010104530.1	75000	1063	0.451321
(760,1132)(72562,73039)(50000,100000)	JASDQU010104539.1	75000	374	0.182165
(1291,6589)(78791,89233)(50000,100000)	JASDQU010104546.1	75000	5300	0.214343
(745,1062)(70522,90719)(50000,100000)	JASDQU010104557.1	75000	319	0.171148
(6,2140)(439894,449999)(400000,450000)	JASDQU010104558.1	425000	2136	0.045810
(237,590)(94997,95584)(50000,100000)	JASDQU010104560.1	75000	355	0.051593
(591,854)(199707,199999)(150000,200000)	JASDQU010104560.1	175000	265	0.050801
(855,2106)(200000,227219)(200000,250000)	JASDQU010104560.1	225000	1253	0.138173
(734,1410)(205627,230815)(200000,250000)	JASDQU010104567.1	225000	678	0.131724
(97,350)(178943,179307)(150000,200000)	JASDQU010104571.1	175000	255	0.019138
(351,716)(269681,285425)(250000,300000)	JASDQU010104571.1	275000	367	0.169291
(277,831)(445389,445966)(400000,450000)	JASDQU010104572.1	425000	556	0.051786
(175,2762)(215274,231869)(200000,250000)	JASDQU010104577.1	225000	2589	0.282477
(594,1444)(247160,248013)(200000,250000)	JASDQU010104578.1	225000	852	0.380306
(334,2867)(242906,246215)(200000,250000)	JASDQU010104604.1	225000	2535	0.392195
(2868,3486)(263967,276497)(250000,300000)	JASDQU010104604.1	275000	620	0.046437
(3487,3914)(300550,308629)(300000,350000)	JASDQU010104604.1	325000	429	0.301188
(3915,4067)(392358,392511)(350000,400000)	JASDQU010104604.1	375000	154	-0.001662
(293,325)(95523,95555)(50000,100000)	JASDQU010104607.1	75000	34	0.095305
(326,474)(160959,161121)(150000,200000)	JASDQU010104607.1	175000	150	0.044642
(475,580)(242254,242376)(200000,250000)	JASDQU010104607.1	225000	107	0.045063
(581,2472)(309476,347588)(300000,350000)	JASDQU010104607.1	325000	1893	0.184309
(2473,8200)(351650,393438)(350000,400000)	JASDQU010104607.1	375000	5729	0.233302
(8201,9184)(403543,414268)(400000,450000)	JASDQU010104607.1	425000	985	0.019852
(819,1499)(360647,361331)(350000,400000)	JASDQU010104611.1	375000	682	0.033495
(135,987)(132437,135644)(100000,150000)	JASDQU010104621.1	125000	854	0.287271
(138,282)(337613,344696)(300000,350000)	JASDQU010104622.1	325000	146	0.109100
(283,898)(376144,376783)(350000,400000)	JASDQU010104622.1	375000	617	0.188958
(54,881)(148402,149403)(100000,150000)	JASDQU010104627.1	125000	829	0.320275
(123,702)(410054,410637)(400000,450000)	JASDQU010104637.1	425000	581	0.109345
(703,1427)(627844,641598)(600000,650000)	JASDQU010104637.1	625000	726	0.044928
(1428,1456)(690475,690578)(650000,700000)	JASDQU010104637.1	675000	30	0.046944
(1457,1504)(709261,709361)(700000,750000)	JASDQU010104637.1	725000	49	0.093035
(923,1145)(63460,63708)(50000,100000)	JASDQU010104638.1	75000	224	0.047712
(3866,4190)(192475,192829)(150000,200000)	JASDQU010104641.1	175000	326	0.482144
(19,453)(138846,139345)(100000,150000)	JASDQU010104642.1	125000	436	0.248968
(454,1230)(257647,291872)(250000,300000)	JASDQU010104642.1	275000	778	0.223759
(1231,1981)(310703,314995)(300000,350000)	JASDQU010104642.1	325000	752	0.184304
(424,1170)(217442,218192)(200000,250000)	JASDQU010104646.1	225000	748	0.092607
(255,1483)(382495,385538)(350000,400000)	JASDQU010104647.1	375000	1230	0.139597
(206,1087)(68969,69866)(50000,100000)	JASDQU010104653.1	75000	883	0.681371
(1088,1336)(152291,152557)(150000,200000)	JASDQU010104653.1	175000	250	0.666570
(307,393)(93232,93323)(50000,100000)	JASDQU010104656.1	75000	88	0.072442
(58,270)(163264,163490)(150000,200000)	JASDQU010104663.1	175000	214	0.000246
(2448,2915)(224568,230373)(200000,250000)	JASDQU010104666.1	225000	469	0.038999
(81,1299)(145207,149790)(100000,150000)	JASDQU010104674.1	125000	1220	0.191148
(1590,1825)(192004,192262)(150000,200000)	JASDQU010104675.1	175000	237	0.037589
(246,497)(350305,350817)(350000,400000)	JASDQU010104677.1	375000	253	0.016729
(498,678)(438277,438457)(400000,450000)	JASDQU010104677.1	425000	182	0.345160
(1808,3444)(180989,198121)(150000,200000)	JASDQU010104680.1	175000	1638	0.251177
(3445,4025)(205898,206535)(200000,250000)	JASDQU010104680.1	225000	582	0.060397
(493,1324)(102942,111869)(100000,150000)	JASDQU010104684.1	125000	833	0.017099
(1325,1369)(230216,230271)(200000,250000)	JASDQU010104684.1	225000	46	0.102475
(777,1551)(183462,184256)(150000,200000)	JASDQU010104685.1	175000	776	0.488963
(431,1462)(163754,168564)(150000,200000)	JASDQU010104693.1	175000	1033	0.267873
(30,102)(188743,188837)(150000,200000)	JASDQU010104700.1	175000	74	0.050806
(103,209)(221225,221476)(200000,250000)	JASDQU010104700.1	225000	108	0.048167
(789,2677)(56739,68743)(50000,100000)	JASDQU010104719.1	75000	1890	0.805831
(144,859)(157105,158209)(150000,200000)	JASDQU010104725.1	175000	717	0.076694
(1591,4715)(50001,58503)(50000,100000)	JASDQU010104739.1	75000	3126	0.184636
(4716,4716)(176048,176048)(150000,200000)	JASDQU010104739.1	175000	2	0.043661
(439,1137)(52417,81076)(50000,100000)	JASDQU010104744.1	75000	700	0.212673
(323,6680)(83584,95069)(50000,100000)	JASDQU010104758.1	75000	6359	0.343644
(99,1168)(173320,174391)(150000,200000)	JASDQU010104766.1	175000	1071	0.085983
(387,1104)(50056,82882)(50000,100000)	JASDQU010104780.1	75000	719	0.046111
(448,482)(104877,104975)(100000,150000)	JASDQU010104783.1	125000	36	0.052667
(103,622)(118476,119086)(100000,150000)	JASDQU010104814.1	125000	521	0.745309
(1493,2198)(69932,70638)(50000,100000)	JASDQU010104824.1	75000	707	0.117751
(325,552)(222310,222563)(200000,250000)	JASDQU010104847.1	225000	229	0.031970
(30,856)(53090,53956)(50000,100000)	JASDQU010104862.1	75000	828	0.388025
(165,1016)(150000,151266)(150000,200000)	JASDQU010104886.1	175000	853	0.290586
(252,3953)(174180,177918)(150000,200000)	JASDQU010104891.1	175000	3703	0.193789
(147,829)(76371,77074)(50000,100000)	JASDQU010104894.1	75000	684	0.136906
(229,675)(152221,165341)(150000,200000)	JASDQU010104901.1	175000	448	0.181596
(676,895)(335578,335855)(300000,350000)	JASDQU010104901.1	325000	221	0.860435
(896,1710)(395521,396455)(350000,400000)	JASDQU010104901.1	375000	816	0.373289
(173,801)(248681,249514)(200000,250000)	JASDQU010104917.1	225000	630	0.494851
(802,854)(285354,285427)(250000,300000)	JASDQU010104917.1	275000	54	0.079278
(855,890)(394099,394143)(350000,400000)	JASDQU010104917.1	375000	37	0.182553
(659,807)(75189,75339)(50000,100000)	JASDQU010104921.1	75000	150	0.011358
(33,1461)(150000,153497)(150000,200000)	JASDQU010104940.1	175000	1430	0.459406
(210,687)(72221,72708)(50000,100000)	JASDQU010104950.1	75000	479	0.000728
(549,1007)(308246,327746)(300000,350000)	JASDQU010104954.1	325000	460	0.033945
(1147,1299)(86162,86736)(50000,100000)	JASDQU010104960.1	75000	154	0.082193
(277,302)(85931,85956)(50000,100000)	JASDQU010104988.1	75000	27	0.043549
(1764,1801)(195236,195296)(150000,200000)	JASDQU010104996.1	175000	39	0.043345
(221,545)(335625,335985)(300000,350000)	JASDQU010105001.1	325000	326	0.098286
(54,2103)(57668,85544)(50000,100000)	JASDQU010105028.1	75000	2051	0.386688
(2350,2494)(78822,78975)(50000,100000)	JASDQU010105031.1	75000	146	0.109910
(733,1080)(51685,52051)(50000,100000)	JASDQU010105049.1	75000	349	0.120168
(8850,9090)(167095,190533)(150000,200000)	JASDQU010105086.1	175000	242	0.037811
(18,139)(100000,144324)(100000,150000)	JASDQU010105093.1	125000	123	0.050111
(3976,8312)(74170,79561)(50000,100000)	JASDQU010105121.1	75000	4338	0.121408
(269,1049)(114356,115287)(100000,150000)	JASDQU010105168.1	125000	782	0.010193
(504,3236)(223478,227492)(200000,250000)	JASDQU010105177.1	225000	2734	0.016874
(257,735)(106615,107119)(100000,150000)	JASDQU010105182.1	125000	480	0.042795
(444,1788)(234654,236015)(200000,250000)	JASDQU010105226.1	225000	1346	0.504786
(400,2218)(124337,133603)(100000,150000)	JASDQU010105227.1	125000	1820	0.023782
(2441,3201)(120386,121408)(100000,150000)	JASDQU010105275.1	125000	762	0.563933
(3202,3927)(167960,168687)(150000,200000)	JASDQU010105275.1	175000	727	0.132947
(839,1034)(471309,471678)(450000,500000)	JASDQU010105291.1	475000	197	-0.001500
(73,1228)(219919,221107)(200000,250000)	JASDQU010105294.1	225000	1157	0.300960
(105,1086)(252015,253030)(250000,300000)	JASDQU010105352.1	275000	983	0.412769
(1087,4225)(307284,334689)(300000,350000)	JASDQU010105352.1	325000	3140	0.357560
(16,903)(246855,247943)(200000,250000)	JASDQU010105361.1	225000	889	0.513877
(1280,1628)(55662,56135)(50000,100000)	JASDQU010105376.1	75000	350	0.069210
(226,315)(174420,174521)(150000,200000)	JASDQU010105378.1	175000	91	0.227976
(83,180)(65754,65935)(50000,100000)	JASDQU010105393.1	75000	99	0.035232
(446,609)(85861,99034)(50000,100000)	JASDQU010105403.1	75000	165	0.074910
(610,1353)(123036,147227)(100000,150000)	JASDQU010105403.1	125000	745	0.338096
(1354,1430)(160521,160612)(150000,200000)	JASDQU010105403.1	175000	78	0.109359
(892,1009)(122567,122703)(100000,150000)	JASDQU010105420.1	125000	119	0.191600
(3829,8655)(55248,80732)(50000,100000)	JASDQU010105446.1	75000	4828	0.180328
(851,1045)(54939,77281)(50000,100000)	JASDQU010105466.1	75000	196	0.156454
(922,1330)(54779,77584)(50000,100000)	JASDQU010105481.1	75000	410	0.041504
(128,498)(158930,160270)(150000,200000)	JASDQU010105491.1	175000	372	0.000567
(1101,1596)(124066,124586)(100000,150000)	JASDQU010105543.1	125000	497	0.294489
(6,170)(103840,104006)(100000,150000)	JASDQU010105574.1	125000	166	-0.004909
(156,1014)(95214,96077)(50000,100000)	JASDQU010105611.1	75000	860	0.154797
(675,714)(92585,92649)(50000,100000)	JASDQU010105621.1	75000	41	0.041872
(12,199)(100318,100552)(100000,150000)	JASDQU010105639.1	125000	189	0.390720
(118,696)(71400,71994)(50000,100000)	JASDQU010105649.1	75000	580	0.517786
(697,3086)(179494,181894)(150000,200000)	JASDQU010105649.1	175000	2391	0.343667
(841,2612)(67982,70278)(50000,100000)	JASDQU010105660.1	75000	1773	0.334344
(466,491)(146795,146827)(100000,150000)	JASDQU010105681.1	125000	27	0.050543
(2350,2646)(192573,193120)(150000,200000)	JASDQU010105692.1	175000	298	0.019909
(340,518)(201879,202201)(200000,250000)	JASDQU010105693.1	225000	180	0.047364
(186,892)(228043,228781)(200000,250000)	JASDQU010105718.1	225000	708	0.720941
(399,539)(116996,117137)(100000,150000)	JASDQU010105722.1	125000	142	0.047781
(265,453)(235453,235773)(200000,250000)	JASDQU010105732.1	225000	190	0.245690
(374,1246)(68164,69043)(50000,100000)	JASDQU010105754.1	75000	874	0.310195
(1247,1783)(259159,288693)(250000,300000)	JASDQU010105754.1	275000	538	0.036499
(1784,2866)(324644,337493)(300000,350000)	JASDQU010105754.1	325000	1084	0.018199
(766,773)(174436,174463)(150000,200000)	JASDQU010105762.1	175000	9	0.079074
(975,1730)(176351,177787)(150000,200000)	JASDQU010105763.1	175000	757	0.208839
(1326,1889)(152754,177274)(150000,200000)	JASDQU010105776.1	175000	565	0.061076
(37,355)(139891,140351)(100000,150000)	JASDQU010105783.1	125000	320	0.181952
(3251,3596)(78432,78781)(50000,100000)	JASDQU010105796.1	75000	347	0.182975
(890,1779)(73696,96604)(50000,100000)	JASDQU010105803.1	75000	891	0.093702
(886,2727)(132121,134002)(100000,150000)	JASDQU010105827.1	125000	1843	0.615751
(108,789)(234196,234889)(200000,250000)	JASDQU010105843.1	225000	683	0.020356
(539,790)(156834,157248)(150000,200000)	JASDQU010105844.1	175000	253	0.053388
(25,1463)(52975,56744)(50000,100000)	JASDQU010105853.1	75000	1440	0.032147
(537,3805)(175754,179712)(150000,200000)	JASDQU010105857.1	175000	3270	0.286846
(463,908)(60210,60659)(50000,100000)	JASDQU010105888.1	75000	447	0.013326
(248,318)(78397,78485)(50000,100000)	JASDQU010105902.1	75000	72	0.042166
(824,1963)(300263,301413)(300000,350000)	JASDQU010105909.1	325000	1141	0.182886
(47,2351)(122010,137302)(100000,150000)	JASDQU010105956.1	125000	2306	0.533027
(912,1726)(71772,72590)(50000,100000)	JASDQU010105997.1	75000	816	0.293019
(1727,1791)(113117,113195)(100000,150000)	JASDQU010105997.1	125000	66	0.009800
(203,403)(193370,193770)(150000,200000)	JASDQU010106001.1	175000	202	0.033597
(404,640)(247322,247583)(200000,250000)	JASDQU010106001.1	225000	238	0.057817
(128,591)(232532,233004)(200000,250000)	JASDQU010106006.1	225000	465	0.050293
(592,1033)(298503,299999)(250000,300000)	JASDQU010106006.1	275000	443	-0.001694
(934,1243)(82518,82855)(50000,100000)	JASDQU010106011.1	75000	311	0.104440
(337,680)(134012,134363)(100000,150000)	JASDQU010106054.1	125000	345	0.072413
(3015,3801)(67695,68912)(50000,100000)	JASDQU010106083.1	75000	788	0.176479
(1451,1958)(77566,78153)(50000,100000)	JASDQU010106093.1	75000	509	0.812943
(710,1791)(60135,64838)(50000,100000)	JASDQU010106116.1	75000	1083	0.243956
(249,396)(101082,101229)(100000,150000)	JASDQU010106170.1	125000	149	0.103841
(692,698)(165891,165899)(150000,200000)	JASDQU010106203.1	175000	8	0.048401
(620,792)(53992,54338)(50000,100000)	JASDQU010106214.1	75000	174	0.084439
(1392,2234)(105633,134211)(100000,150000)	JASDQU010106217.1	125000	844	0.583590
(782,994)(171293,177393)(150000,200000)	JASDQU010106235.1	175000	214	0.132530
(150,3274)(59336,83599)(50000,100000)	JASDQU010106237.1	75000	3126	0.560209
(423,492)(161583,161658)(150000,200000)	JASDQU010106263.1	175000	71	0.028001
(1747,2503)(137279,138085)(100000,150000)	JASDQU010106277.1	125000	758	0.438734
(956,1029)(121628,121713)(100000,150000)	JASDQU010106348.1	125000	75	0.083627
(506,2098)(91268,92977)(50000,100000)	JASDQU010106355.1	75000	1594	0.161335
(1214,3841)(91913,98921)(50000,100000)	JASDQU010106386.1	75000	2629	0.549896
(393,1025)(133377,134018)(100000,150000)	JASDQU010106459.1	125000	634	0.063855
(608,628)(99976,99999)(50000,100000)	JASDQU010106462.1	75000	22	0.037398
(315,666)(78731,79537)(50000,100000)	JASDQU010106466.1	75000	353	0.024298
(667,1331)(120388,121315)(100000,150000)	JASDQU010106466.1	125000	666	0.215621
(1332,1573)(185854,186127)(150000,200000)	JASDQU010106466.1	175000	243	0.136348
(108,129)(107581,107614)(100000,150000)	JASDQU010106475.1	125000	23	0.082432
(1051,2004)(132556,133590)(100000,150000)	JASDQU010106495.1	125000	955	0.017620
(1192,6107)(50000,56370)(50000,100000)	JASDQU010106513.1	75000	4917	0.522797
(1506,2063)(54522,55080)(50000,100000)	JASDQU010106522.1	75000	559	0.116415
(795,1375)(70406,71035)(50000,100000)	JASDQU010106523.1	75000	582	0.461051
(92,1954)(109838,134224)(100000,150000)	JASDQU010106539.1	125000	1864	0.265262
(1093,1958)(221598,222495)(200000,250000)	JASDQU010106547.1	225000	867	0.514336
(1144,2076)(153798,154736)(150000,200000)	JASDQU010106558.1	175000	934	0.652202
(1983,2137)(117232,123221)(100000,150000)	JASDQU010106565.1	125000	156	0.012228
(48,3775)(55366,60255)(50000,100000)	JASDQU010106570.1	75000	3729	0.328067
(404,467)(53733,53802)(50000,100000)	JASDQU010106571.1	75000	65	0.486997
(3245,3305)(55055,55127)(50000,100000)	JASDQU010106587.1	75000	62	0.024659
(2322,3172)(337753,338610)(300000,350000)	JASDQU010106661.1	325000	852	0.041904
(3572,3840)(112473,112888)(100000,150000)	JASDQU010106678.1	125000	270	0.455435
(1364,1917)(50000,50556)(50000,100000)	JASDQU010106681.1	75000	555	0.447520
(145,293)(275534,275704)(250000,300000)	JASDQU010106704.1	275000	150	0.355354
(132,164)(161373,161476)(150000,200000)	JASDQU010106780.1	175000	34	0.006222
(735,872)(100000,100137)(100000,150000)	JASDQU010106784.1	125000	139	0.234986
(1682,2177)(66916,68621)(50000,100000)	JASDQU010106828.1	75000	497	0.121068
(1262,2749)(113630,117595)(100000,150000)	JASDQU010106878.1	125000	1489	0.039358
(169,1282)(134962,136216)(100000,150000)	JASDQU010106887.1	125000	1115	0.266351
(506,1361)(68310,69635)(50000,100000)	JASDQU010106936.1	75000	857	0.383969
(1362,2272)(270618,271569)(250000,300000)	JASDQU010106936.1	275000	912	0.146882
(2428,2520)(226116,226215)(200000,250000)	JASDQU010106980.1	225000	94	0.083204
(358,1273)(109781,140419)(100000,150000)	JASDQU010106981.1	125000	917	0.398122
(1357,2538)(64899,75729)(50000,100000)	JASDQU010106993.1	75000	1183	0.520781
(1,707)(110542,111256)(100000,150000)	JASDQU010107073.1	125000	708	0.354599
(325,554)(60747,61078)(50000,100000)	JASDQU010107139.1	75000	231	0.065056
(262,722)(205358,205903)(200000,250000)	JASDQU010107148.1	225000	462	0.187500
(723,776)(341576,341633)(300000,350000)	JASDQU010107148.1	325000	55	0.069485
(780,4114)(50000,92688)(50000,100000)	JASDQU010107151.1	75000	3336	0.491833
(593,878)(161143,161430)(150000,200000)	JASDQU010107158.1	175000	287	0.042561
(782,1022)(97965,98491)(50000,100000)	JASDQU010107187.1	75000	242	0.313029
(440,763)(80049,80435)(50000,100000)	JASDQU010107188.1	75000	325	0.073514
(851,1453)(89997,90661)(50000,100000)	JASDQU010107242.1	75000	604	0.057896
(1109,1681)(61158,61778)(50000,100000)	JASDQU010107255.1	75000	574	0.254327
(317,1751)(188584,197678)(150000,200000)	JASDQU010107320.1	175000	1436	0.002955
(2523,2784)(58672,92987)(50000,100000)	JASDQU010107329.1	75000	263	-0.006813
(708,872)(123349,123554)(100000,150000)	JASDQU010107333.1	125000	166	0.030816
(24,134)(84370,84490)(50000,100000)	JASDQU010107340.1	75000	112	0.051322
(774,910)(271262,271559)(250000,300000)	JASDQU010107355.1	275000	138	0.561444
(911,1731)(363055,387502)(350000,400000)	JASDQU010107355.1	375000	822	0.430792
(1853,4520)(119157,127945)(100000,150000)	JASDQU010107361.1	125000	2669	0.271790
(267,566)(125796,126220)(100000,150000)	JASDQU010107392.1	125000	301	0.026645
(679,1243)(100000,100577)(100000,150000)	JASDQU010107461.1	125000	566	0.245206
(1921,2047)(62673,63008)(50000,100000)	JASDQU010107484.1	75000	128	0.317792
(593,3000)(60282,84011)(50000,100000)	JASDQU010107496.1	75000	2409	0.171879
(2102,2693)(52004,99998)(50000,100000)	JASDQU010107497.1	75000	593	0.708987
(2134,3109)(63433,64416)(50000,100000)	JASDQU010107503.1	75000	977	0.401539
(3110,3198)(138710,138827)(100000,150000)	JASDQU010107503.1	125000	90	-0.005109
(119,420)(187475,187859)(150000,200000)	JASDQU010107510.1	175000	303	0.029350
(455,653)(125318,125517)(100000,150000)	JASDQU010107513.1	125000	200	0.024632
(1326,1849)(155791,156326)(150000,200000)	JASDQU010107541.1	175000	525	0.093331
(90,90)(225032,225032)(200000,250000)	JASDQU010107546.1	225000	2	0.040215
(842,1751)(58935,69935)(50000,100000)	JASDQU010107549.1	75000	911	0.069125
(1752,2673)(240264,241188)(200000,250000)	JASDQU010107549.1	225000	923	0.329823
(85,773)(324768,325458)(300000,350000)	JASDQU010107575.1	325000	690	0.389840
(4230,4433)(203635,203914)(200000,250000)	JASDQU010107579.1	225000	205	0.044644
(350,865)(138071,139917)(100000,150000)	JASDQU010107603.1	125000	517	0.440510
(866,1195)(156199,156560)(150000,200000)	JASDQU010107603.1	175000	331	0.052253
(1196,1501)(227631,227942)(200000,250000)	JASDQU010107603.1	225000	307	-0.009125
(1502,3337)(254948,283497)(250000,300000)	JASDQU010107603.1	275000	1837	0.119034
(450,553)(57422,57533)(50000,100000)	JASDQU010107624.1	75000	105	0.040038
(2154,2306)(122823,122996)(100000,150000)	JASDQU010107633.1	125000	154	0.028709
(646,10767)(126240,145593)(100000,150000)	JASDQU010107682.1	125000	10123	0.625739
(2831,2898)(151817,194867)(150000,200000)	JASDQU010107804.1	175000	69	0.074682
(2899,3201)(201009,247955)(200000,250000)	JASDQU010107804.1	225000	304	0.049109
(370,461)(265003,265134)(250000,300000)	JASDQU010107820.1	275000	93	0.035029
(12,29)(98796,98818)(50000,100000)	JASDQU010107835.1	75000	19	0.067661
(363,1376)(106879,107920)(100000,150000)	JASDQU010107839.1	125000	1015	0.415194
(510,1128)(64814,66005)(50000,100000)	JASDQU010107883.1	75000	620	0.116106
(233,320)(92698,92836)(50000,100000)	JASDQU010107884.1	75000	89	0.695820
(558,1362)(67242,68054)(50000,100000)	JASDQU010107903.1	75000	806	0.227933
(1619,2634)(66308,69617)(50000,100000)	JASDQU010107926.1	75000	1017	0.646021
(206,640)(52658,55931)(50000,100000)	JASDQU010108038.1	75000	436	0.006098
(19,2857)(80871,99145)(50000,100000)	JASDQU010108071.1	75000	2840	0.266059
(81,128)(190809,190916)(150000,200000)	JASDQU010108075.1	175000	49	0.038070
(105,1898)(82967,86031)(50000,100000)	JASDQU010108077.1	75000	1795	0.275247
(216,818)(200085,201055)(200000,250000)	JASDQU010108087.1	225000	604	0.071428
(2449,2544)(88149,88260)(50000,100000)	JASDQU010108102.1	75000	97	0.088495
(454,888)(93859,94304)(50000,100000)	JASDQU010108112.1	75000	436	0.009030
(540,614)(153391,153489)(150000,200000)	JASDQU010108127.1	175000	76	0.054748
(379,1975)(63039,96476)(50000,100000)	JASDQU010108138.1	75000	1598	0.106885
(500,2152)(81540,84137)(50000,100000)	JASDQU010108151.1	75000	1654	0.018555
(4293,5047)(83710,84471)(50000,100000)	JASDQU010108156.1	75000	756	0.508791
(1393,2258)(113706,114585)(100000,150000)	JASDQU010108173.1	125000	867	0.324228
(148,461)(50892,51219)(50000,100000)	JASDQU010108188.1	75000	315	0.427132
(8,384)(88131,88519)(50000,100000)	JASDQU010108195.1	75000	378	0.100138
(599,659)(77105,77178)(50000,100000)	JASDQU010108213.1	75000	62	0.050725
(1436,1682)(114035,114446)(100000,150000)	JASDQU010108224.1	125000	248	0.016069
(1683,2057)(165692,166260)(150000,200000)	JASDQU010108224.1	175000	376	0.030439
(41,228)(226095,226336)(200000,250000)	JASDQU010108254.1	225000	189	0.083172
(1065,1992)(285116,286061)(250000,300000)	JASDQU010108277.1	275000	929	0.441707
(481,1023)(101139,101749)(100000,150000)	JASDQU010108286.1	125000	544	0.091066
(183,364)(56508,56689)(50000,100000)	JASDQU010108287.1	75000	183	0.403326
(365,816)(158056,158586)(150000,200000)	JASDQU010108287.1	175000	453	0.796202
(395,732)(127942,129830)(100000,150000)	JASDQU010108312.1	125000	339	0.055787
(601,1165)(131995,132577)(100000,150000)	JASDQU010108330.1	125000	566	0.000225
(59,360)(110031,123641)(100000,150000)	JASDQU010108365.1	125000	303	0.294663
(578,1791)(100225,149999)(100000,150000)	JASDQU010108386.1	125000	1215	0.107817
(153,316)(134538,134705)(100000,150000)	JASDQU010108391.1	125000	165	0.089590
(656,865)(315121,315348)(300000,350000)	JASDQU010108455.1	325000	211	0.087552
(198,536)(59245,59596)(50000,100000)	JASDQU010108491.1	75000	340	0.040149
(537,1262)(341025,344091)(300000,350000)	JASDQU010108491.1	325000	727	0.022682
(1943,2411)(80005,80581)(50000,100000)	JASDQU010108501.1	75000	470	0.031434
(2412,2482)(140921,140998)(100000,150000)	JASDQU010108501.1	125000	72	0.535214
(144,473)(74314,74721)(50000,100000)	JASDQU010108508.1	75000	331	0.120738
(1117,3148)(66661,68981)(50000,100000)	JASDQU010108575.1	75000	2033	0.615603
(366,543)(82960,83214)(50000,100000)	JASDQU010108591.1	75000	179	0.147745
(767,2109)(257891,279796)(250000,300000)	JASDQU010108604.1	275000	1344	0.520331
(64,195)(50000,50131)(50000,100000)	JASDQU010108619.1	75000	133	0.072687
(2331,2620)(69970,70260)(50000,100000)	JASDQU010108623.1	75000	291	0.776459
(703,812)(126811,126956)(100000,150000)	JASDQU010108665.1	125000	111	0.441655
(813,3086)(165030,168959)(150000,200000)	JASDQU010108665.1	175000	2275	0.158438
(399,872)(132725,137993)(100000,150000)	JASDQU010108668.1	125000	475	0.260843
(1222,1559)(181049,181537)(150000,200000)	JASDQU010108700.1	175000	339	0.022935
(913,1785)(57758,58647)(50000,100000)	JASDQU010108710.1	75000	874	-0.012124
(39,625)(247975,248580)(200000,250000)	JASDQU010108715.1	225000	588	0.354727
(626,1400)(250169,268071)(250000,300000)	JASDQU010108715.1	275000	776	0.168312
(930,1038)(136924,137035)(100000,150000)	JASDQU010108752.1	125000	110	0.815106
(2118,2615)(197490,197989)(150000,200000)	JASDQU010108754.1	175000	499	0.003105
(344,810)(166664,167186)(150000,200000)	JASDQU010108758.1	175000	468	0.299043
(75,1008)(198871,199808)(150000,200000)	JASDQU010108781.1	175000	935	0.121391
(2687,3740)(83722,89267)(50000,100000)	JASDQU010108820.1	75000	1055	0.040007
(935,1010)(57620,57755)(50000,100000)	JASDQU010108896.1	75000	77	0.028519
(556,2917)(65666,68500)(50000,100000)	JASDQU010108900.1	75000	2363	0.362012
(824,984)(84014,84178)(50000,100000)	JASDQU010108918.1	75000	162	0.015866
(436,694)(65982,66315)(50000,100000)	JASDQU010108945.1	75000	260	0.066424
(1176,1822)(123259,123962)(100000,150000)	JASDQU010109025.1	125000	648	0.316396
(1776,1821)(171336,171399)(150000,200000)	JASDQU010109088.1	175000	47	0.062601
(786,1708)(203472,204420)(200000,250000)	JASDQU010109150.1	225000	924	0.335240
(675,2385)(100004,116185)(100000,150000)	JASDQU010109171.1	125000	1712	0.193533
(1693,2894)(150047,181049)(150000,200000)	JASDQU010109179.1	175000	1203	0.344495
(34,183)(102907,103060)(100000,150000)	JASDQU010109226.1	125000	151	0.015261
(2293,3497)(50000,51208)(50000,100000)	JASDQU010109237.1	75000	1206	0.081250
(1,446)(56207,56778)(50000,100000)	JASDQU010109280.1	75000	447	0.021666
(872,3623)(53086,57624)(50000,100000)	JASDQU010109285.1	75000	2753	0.350342
(302,3531)(120643,127255)(100000,150000)	JASDQU010109345.1	125000	3231	0.684346
(147,247)(76791,76914)(50000,100000)	JASDQU010109351.1	75000	102	0.204162
(330,336)(119739,119750)(100000,150000)	JASDQU010109375.1	125000	8	0.042158
(335,489)(109361,109518)(100000,150000)	JASDQU010109385.1	125000	156	0.186645
(3009,5436)(115449,139265)(100000,150000)	JASDQU010109394.1	125000	2429	0.547231
(5437,6775)(158796,186896)(150000,200000)	JASDQU010109394.1	175000	1340	0.455720
(84,3801)(88183,95852)(50000,100000)	JASDQU010109408.1	75000	3719	0.073503
(806,807)(110857,110859)(100000,150000)	JASDQU010109437.1	125000	3	0.045375
(922,1647)(65035,99999)(50000,100000)	JASDQU010109438.1	75000	727	0.102140
(2526,2641)(50238,50378)(50000,100000)	JASDQU010109452.1	75000	117	0.371724
(268,1156)(50000,55942)(50000,100000)	JASDQU010109471.1	75000	890	0.015913
(1271,2910)(133618,136929)(100000,150000)	JASDQU010109472.1	125000	1641	0.056796
(391,2315)(101051,107184)(100000,150000)	JASDQU010109475.1	125000	1926	0.100815
(242,380)(165881,166391)(150000,200000)	JASDQU010109483.1	175000	140	0.051324
(1026,2844)(50542,80683)(50000,100000)	JASDQU010109506.1	75000	1820	0.048924
(2257,2548)(82385,82730)(50000,100000)	JASDQU010109514.1	75000	293	0.311656
(1439,4094)(101214,105322)(100000,150000)	JASDQU010109516.1	125000	2657	0.698561
(1765,1922)(110709,128023)(100000,150000)	JASDQU010109521.1	125000	159	0.475591
(214,471)(79054,83127)(50000,100000)	JASDQU010109530.1	75000	259	0.069924
(6,885)(100000,102860)(100000,150000)	JASDQU010109551.1	125000	881	0.156809
(57,793)(127996,134006)(100000,150000)	JASDQU010109555.1	125000	738	0.125899
(154,154)(90716,90716)(50000,100000)	JASDQU010109556.1	75000	2	0.054036
(1044,1195)(160430,160788)(150000,200000)	JASDQU010109571.1	175000	153	0.416070
(78,311)(62667,78687)(50000,100000)	JASDQU010109572.1	75000	235	0.197671
(1032,2303)(61431,86887)(50000,100000)	JASDQU010109603.1	75000	1273	0.028230
(150,596)(89159,97380)(50000,100000)	JASDQU010109609.1	75000	448	0.021158
(1552,2318)(225270,227184)(200000,250000)	JASDQU010109650.1	225000	768	0.156207
(995,1616)(96476,97233)(50000,100000)	JASDQU010109656.1	75000	623	0.023089
(255,720)(218921,219390)(200000,250000)	JASDQU010109682.1	225000	467	0.329746
(151,888)(132540,133291)(100000,150000)	JASDQU010109692.1	125000	739	0.303247
(44,398)(335938,336426)(300000,350000)	JASDQU010173615.1	325000	356	0.046291
(1215,2349)(250000,251378)(250000,300000)	JASDQU010190231.1	275000	1136	0.396983
(1958,1985)(148726,148783)(100000,150000)	JASDQU010192224.1	125000	29	0.051143
(1202,1554)(50913,51267)(50000,100000)	JASDQU010197169.1	75000	354	0.314262
(2389,3004)(50000,87834)(50000,100000)	JASDQU010197322.1	75000	617	0.424916
(4,269)(129170,129708)(100000,150000)	JASDQU010202924.1	125000	267	0.197194
(202,854)(52418,53132)(50000,100000)	JASDQU010205369.1	75000	654	0.233124
(173,342)(54827,55010)(50000,100000)	JASDQU010205628.1	75000	171	0.092650
(1054,1196)(55374,55607)(50000,100000)	JASDQU010206420.1	75000	144	0.483426
(6320,6451)(100962,101100)(100000,150000)	JASDQU010208755.1	125000	133	-0.010550
(3796,3924)(58129,58266)(50000,100000)	JASDQU010209131.1	75000	130	0.501787
(546,1507)(77884,82432)(50000,100000)	JASDQU010209491.1	75000	963	0.005606
(1508,3150)(302100,303894)(300000,350000)	JASDQU010209491.1	325000	1644	0.104866
(3151,3719)(487309,487979)(450000,500000)	JASDQU010209491.1	475000	570	-0.015942
(3720,3968)(503233,503691)(500000,550000)	JASDQU010209491.1	525000	250	0.010334
(2139,2761)(119962,120597)(100000,150000)	JASDQU010213762.1	125000	624	0.203778
(242,1549)(194105,196473)(150000,200000)	JASDQU010214734.1	175000	1309	0.292677
(324,1111)(61988,62784)(50000,100000)	JASDQU010227248.1	75000	789	0.277661
(539,857)(332602,333063)(300000,350000)	JASDQU010236305.1	325000	320	0.486485
(271,477)(218988,219195)(200000,250000)	JASDQU010240418.1	225000	208	0.073060
(272,1374)(65066,66204)(50000,100000)	JASDQU010240421.1	75000	1104	0.185960
(549,1518)(210882,245827)(200000,250000)	JASDQU010240455.1	225000	971	0.081287
(2347,3830)(150000,151536)(150000,200000)	JASDQU010240480.1	175000	1485	0.200950
(66,854)(56198,59282)(50000,100000)	JASDQU010240492.1	75000	790	0.359115
(584,788)(110745,111163)(100000,150000)	JASDQU010240514.1	125000	206	0.034472
(63,2317)(82698,84984)(50000,100000)	JASDQU010240543.1	75000	2256	0.264059
(170,359)(100919,136318)(100000,150000)	JASDQU010240556.1	125000	191	0.187633
(1891,7212)(81997,87879)(50000,100000)	JASDQU010240571.1	75000	5323	0.124365
(7213,7512)(160896,183566)(150000,200000)	JASDQU010240571.1	175000	301	0.010543
(7513,7515)(233740,233789)(200000,250000)	JASDQU010240571.1	225000	4	0.042012
(792,1209)(57795,97313)(50000,100000)	JASDQU010240616.1	75000	419	0.143084
(3245,8265)(50000,86459)(50000,100000)	JASDQU010240623.1	75000	5022	0.530859
(3404,4966)(113584,115185)(100000,150000)	JASDQU010240624.1	125000	1564	0.595160
(398,414)(126761,126784)(100000,150000)	JASDQU010240642.1	125000	18	0.078935
(1122,1648)(113984,114521)(100000,150000)	JASDQU010240652.1	125000	528	0.335656
(180,787)(201949,202571)(200000,250000)	JASDQU010240674.1	225000	609	0.250484
(1674,2436)(151436,191204)(150000,200000)	JASDQU010240697.1	175000	764	0.016612
(6148,7059)(50000,51194)(50000,100000)	JASDQU010240714.1	75000	913	0.319369
(1113,1956)(101852,102710)(100000,150000)	JASDQU010240716.1	125000	845	0.656580
(1081,3731)(83691,93770)(50000,100000)	JASDQU010240744.1	75000	2652	0.061783
(320,922)(172073,191993)(150000,200000)	JASDQU010240758.1	175000	604	0.042873
(545,1871)(104527,112420)(100000,150000)	JASDQU010240767.1	125000	1328	0.058660
(741,1631)(188171,189065)(150000,200000)	JASDQU010240781.1	175000	892	0.727942
(8,344)(90986,91379)(50000,100000)	JASDQU010240829.1	75000	338	0.209562
(740,929)(72585,72807)(50000,100000)	JASDQU010240846.1	75000	191	0.041850
(497,620)(62117,62254)(50000,100000)	JASDQU010240868.1	75000	125	0.066261
(1398,2886)(53215,55433)(50000,100000)	JASDQU010240888.1	75000	1490	0.589374
(3059,4642)(109746,140186)(100000,150000)	JASDQU010240926.1	125000	1585	0.379230
(4779,5009)(198893,199125)(150000,200000)	JASDQU010240935.1	175000	232	0.014779
(2001,3106)(50003,52890)(50000,100000)	JASDQU010240943.1	75000	1107	0.620768
(3107,3945)(247744,249999)(200000,250000)	JASDQU010240943.1	225000	840	0.727224
(241,900)(77829,78515)(50000,100000)	JASDQU010240968.1	75000	661	0.183619
(882,4312)(117839,125082)(100000,150000)	JASDQU010240973.1	125000	3432	0.278603
(914,1137)(92091,92356)(50000,100000)	JASDQU010240974.1	75000	225	0.360338
(603,648)(99155,99201)(50000,100000)	JASDQU010240981.1	75000	47	0.068364
(368,4069)(119645,124797)(100000,150000)	JASDQU010241029.1	125000	3703	0.197841
(363,3183)(158124,160970)(150000,200000)	JASDQU010241056.1	175000	2822	0.569234
(651,1283)(139743,140423)(100000,150000)	JASDQU010241097.1	125000	634	0.198197
(147,3192)(86228,90421)(50000,100000)	JASDQU010241109.1	75000	3047	0.146092
(364,882)(50000,50518)(50000,100000)	JASDQU010241112.1	75000	520	0.281018
(252,1423)(252474,255972)(250000,300000)	JASDQU010241141.1	275000	1173	0.643907
(21,130)(99402,99522)(50000,100000)	JASDQU010241144.1	75000	111	0.059472
(725,805)(193701,198905)(150000,200000)	JASDQU010241145.1	175000	82	0.045564
(275,314)(80813,80877)(50000,100000)	JASDQU010241176.1	75000	41	0.052607
(993,1244)(109807,110066)(100000,150000)	JASDQU010241242.1	125000	253	0.200440
(3447,8791)(87190,94392)(50000,100000)	JASDQU010241290.1	75000	5346	0.219534
(8792,9804)(105401,147584)(100000,150000)	JASDQU010241290.1	125000	1014	0.227680
(9805,10325)(176512,177038)(150000,200000)	JASDQU010241290.1	175000	522	0.378539
(725,1073)(68610,68978)(50000,100000)	JASDQU010241301.1	75000	350	0.393389
(270,1223)(109980,114642)(100000,150000)	JASDQU010241330.1	125000	955	0.059893
(825,1398)(119704,139859)(100000,150000)	JASDQU010241345.1	125000	575	0.034206
(74,716)(145547,146233)(100000,150000)	JASDQU010241349.1	125000	644	0.650678
(3026,11291)(51391,79481)(50000,100000)	JASDQU010241366.1	75000	8267	0.263061
(558,1036)(197168,198096)(150000,200000)	JASDQU010241489.1	175000	480	0.219258
(321,943)(68553,96872)(50000,100000)	JASDQU010241596.1	75000	624	0.064533
(33,90)(50425,50527)(50000,100000)	JASDQU010241598.1	75000	59	0.106609
(623,1086)(50000,51927)(50000,100000)	JASDQU010241599.1	75000	465	0.021016
(628,1513)(53704,54598)(50000,100000)	JASDQU010241610.1	75000	887	0.086158
(1514,1860)(290580,294582)(250000,300000)	JASDQU010241610.1	275000	348	0.049022
(324,340)(228766,228790)(200000,250000)	JASDQU010241623.1	225000	18	0.044360
(941,1659)(172016,172780)(150000,200000)	JASDQU010241624.1	175000	720	0.011381
(526,776)(115685,116018)(100000,150000)	JASDQU010241676.1	125000	252	0.006828
(653,964)(131189,131574)(100000,150000)	JASDQU010241677.1	125000	313	0.199586
(507,645)(68717,68869)(50000,100000)	JASDQU010241678.1	75000	140	0.190185
(4839,6891)(69054,87829)(50000,100000)	JASDQU010241681.1	75000	2054	0.382627
(428,3138)(73698,79395)(50000,100000)	JASDQU010241714.1	75000	2712	0.582729
(1009,1951)(112280,141172)(100000,150000)	JASDQU010241723.1	125000	944	0.230081
(1184,1457)(250168,254947)(250000,300000)	JASDQU010241738.1	275000	275	0.319890
(186,271)(213265,213357)(200000,250000)	JASDQU010241757.1	225000	87	0.054079
(77,682)(115850,123534)(100000,150000)	JASDQU010241761.1	125000	607	0.217747
(1305,2172)(89125,90065)(50000,100000)	JASDQU010241796.1	75000	869	0.521956
(225,1540)(65273,66648)(50000,100000)	JASDQU010241817.1	75000	1317	0.560434
(1439,1531)(154699,155073)(150000,200000)	JASDQU010241819.1	175000	94	0.027114
(682,1199)(178208,178819)(150000,200000)	JASDQU010241821.1	175000	519	0.042129
(5149,5582)(118503,119084)(100000,150000)	JASDQU010241830.1	125000	435	0.348345
(59,2865)(80597,87931)(50000,100000)	JASDQU010241919.1	75000	2808	0.311289
(494,1118)(80243,80916)(50000,100000)	JASDQU010241978.1	75000	626	0.088309
(1502,1667)(193834,194000)(150000,200000)	JASDQU010241995.1	175000	167	0.277920
(171,1369)(177724,178975)(150000,200000)	JASDQU010242010.1	175000	1200	0.419701
(264,4289)(50000,60123)(50000,100000)	JASDQU010242042.1	75000	4027	0.635110
(758,1008)(154874,155125)(150000,200000)	JASDQU010242113.1	175000	252	-0.005503
(2665,3082)(290212,290821)(250000,300000)	JASDQU010242150.1	275000	419	0.711111
(1188,2668)(100000,101486)(100000,150000)	JASDQU010242161.1	125000	1482	0.408211
(256,1308)(109957,127787)(100000,150000)	JASDQU010242171.1	125000	1054	0.112252
(143,2745)(335322,338527)(300000,350000)	JASDQU010242224.1	325000	2604	0.573832
(1006,1308)(116913,149999)(100000,150000)	JASDQU010242248.1	125000	304	-0.006837
(2579,3401)(143392,144690)(100000,150000)	JASDQU010242256.1	125000	824	0.004294
(47,876)(58356,59231)(50000,100000)	JASDQU010242262.1	75000	831	0.348037
(105,538)(68650,69181)(50000,100000)	JASDQU010242311.1	75000	435	0.021465
(1422,2616)(96918,98133)(50000,100000)	JASDQU010242316.1	75000	1196	0.184103
(482,3564)(74211,79581)(50000,100000)	JASDQU010242322.1	75000	3084	0.195092
(985,1895)(216265,217176)(200000,250000)	JASDQU010242333.1	225000	912	0.611000
(1181,1196)(127847,127869)(100000,150000)	JASDQU010242338.1	125000	17	-0.008006
(50,575)(62163,62763)(50000,100000)	JASDQU010242370.1	75000	527	0.066632
(116,165)(108586,108653)(100000,150000)	JASDQU010242383.1	125000	51	0.060629
(168,628)(58099,62132)(50000,100000)	JASDQU010242386.1	75000	462	0.029198
(2211,3258)(63172,99832)(50000,100000)	JASDQU010242389.1	75000	1049	0.065175
(576,707)(56071,56214)(50000,100000)	JASDQU010242395.1	75000	133	0.024955
(440,561)(51668,52067)(50000,100000)	JASDQU010242400.1	75000	123	0.228186
(296,617)(150818,151148)(150000,200000)	JASDQU010242421.1	175000	323	0.160569
(692,733)(99363,99431)(50000,100000)	JASDQU010242445.1	75000	43	0.019420
(1964,2934)(50000,52046)(50000,100000)	JASDQU010242544.1	75000	972	0.098114
(601,1291)(101221,101932)(100000,150000)	JASDQU010242617.1	125000	692	0.106621
(873,908)(66411,66448)(50000,100000)	JASDQU010242642.1	75000	37	0.058321
(1766,2487)(153579,154311)(150000,200000)	JASDQU010242667.1	175000	723	0.313392
(321,1412)(53793,54941)(50000,100000)	JASDQU010242680.1	75000	1093	0.430075
(196,1035)(76093,78471)(50000,100000)	JASDQU010242706.1	75000	841	0.252670
(1060,1394)(78601,78946)(50000,100000)	JASDQU010242714.1	75000	336	0.072915
(1726,1846)(162704,162834)(150000,200000)	JASDQU010242727.1	175000	122	0.020258
(832,1230)(115931,116368)(100000,150000)	JASDQU010242735.1	125000	400	0.088406
(1786,1826)(99854,99999)(50000,100000)	JASDQU010242770.1	75000	42	0.060636
(824,1203)(105103,105498)(100000,150000)	JASDQU010242775.1	125000	381	0.643811
(1783,1916)(220373,220520)(200000,250000)	JASDQU010242780.1	225000	135	0.682945
(775,1364)(106679,107353)(100000,150000)	JASDQU010242781.1	125000	591	0.052206
(295,527)(104981,118512)(100000,150000)	JASDQU010242785.1	125000	234	0.012541
(1654,1717)(68036,68123)(50000,100000)	JASDQU010242789.1	75000	65	-0.006806
(4,1488)(162291,163779)(150000,200000)	JASDQU010242807.1	175000	1486	0.159898
(304,1285)(89389,90371)(50000,100000)	JASDQU010242817.1	75000	983	0.154992
(516,886)(53234,53756)(50000,100000)	JASDQU010242833.1	75000	372	0.148644
(1042,3767)(56288,99221)(50000,100000)	JASDQU010242859.1	75000	2727	0.235706
(3768,3797)(144536,144598)(100000,150000)	JASDQU010242859.1	125000	31	0.030653
(884,4723)(50883,86944)(50000,100000)	JASDQU010242882.1	75000	3841	0.392144
(87,136)(124002,124056)(100000,150000)	JASDQU010242884.1	125000	51	0.063621
(982,1140)(59355,59520)(50000,100000)	JASDQU010242903.1	75000	160	0.030961
(695,2940)(53804,61056)(50000,100000)	JASDQU010242954.1	75000	2247	0.469686
(316,831)(157581,158100)(150000,200000)	JASDQU010243083.1	175000	517	0.194502
(836,2235)(81483,85269)(50000,100000)	JASDQU010243103.1	75000	1401	0.426858
(1421,1873)(194126,194682)(150000,200000)	JASDQU010243127.1	175000	454	0.040189
(571,780)(119676,119892)(100000,150000)	JASDQU010243175.1	125000	211	0.211493
(951,1982)(54456,58319)(50000,100000)	JASDQU010243213.1	75000	1033	0.376520
(231,428)(54700,91106)(50000,100000)	JASDQU010243242.1	75000	199	0.042244
(429,995)(102284,103370)(100000,150000)	JASDQU010243242.1	125000	568	0.061548
(996,1074)(180847,180939)(150000,200000)	JASDQU010243242.1	175000	80	0.042277
(346,604)(74261,74541)(50000,100000)	JASDQU010243251.1	75000	260	0.216433
(449,1186)(59733,76572)(50000,100000)	JASDQU010243258.1	75000	739	0.149307
(835,2541)(102436,104906)(100000,150000)	JASDQU010243271.1	125000	1708	0.102121
(248,1277)(93664,94704)(50000,100000)	JASDQU010243296.1	75000	1031	0.108750
(21,303)(199512,199848)(150000,200000)	JASDQU010243301.1	175000	284	0.069461
(1900,2102)(54456,54761)(50000,100000)	JASDQU010243336.1	75000	204	0.160479
(745,1869)(108773,109910)(100000,150000)	JASDQU010243346.1	125000	1126	0.160914
(435,1152)(245540,246261)(200000,250000)	JASDQU010243380.1	225000	719	-0.031570
(32,161)(86515,86652)(50000,100000)	JASDQU010243395.1	75000	131	0.031691
(318,618)(72276,72647)(50000,100000)	JASDQU010243503.1	75000	302	0.021497
(1862,2458)(135486,136082)(100000,150000)	JASDQU010243590.1	125000	598	0.154577
(448,1753)(125595,126912)(100000,150000)	JASDQU010243633.1	125000	1307	0.384030
(783,4674)(151453,157224)(150000,200000)	JASDQU010243648.1	175000	3893	0.399587
(645,1536)(83259,86080)(50000,100000)	JASDQU010243661.1	75000	893	0.195449
(927,1021)(100000,100095)(100000,150000)	JASDQU010243670.1	125000	96	0.044808
(1828,2230)(85210,93999)(50000,100000)	JASDQU010243695.1	75000	404	0.057503
(7,652)(62696,63344)(50000,100000)	JASDQU010243725.1	75000	647	0.113336
(753,1826)(163902,164976)(150000,200000)	JASDQU010243735.1	175000	1075	0.292805
(305,1855)(52615,69154)(50000,100000)	JASDQU010243750.1	75000	1552	0.129684
(1058,1353)(90279,90607)(50000,100000)	JASDQU010243751.1	75000	297	0.032496
(487,977)(53362,53874)(50000,100000)	JASDQU010243760.1	75000	492	0.494701
(985,2073)(66407,67538)(50000,100000)	JASDQU010243790.1	75000	1090	0.705980
(1081,1280)(317300,317502)(300000,350000)	JASDQU010243813.1	325000	201	-0.010358
(391,2275)(197148,199210)(150000,200000)	JASDQU010243827.1	175000	1886	0.628082
(126,138)(72013,72032)(50000,100000)	JASDQU010243840.1	75000	14	0.056996
(726,1084)(69134,69498)(50000,100000)	JASDQU010243875.1	75000	360	0.073912
(1451,1578)(183510,183643)(150000,200000)	JASDQU010243892.1	175000	129	0.085502
(1072,1735)(141252,149301)(100000,150000)	JASDQU010243897.1	125000	665	0.133969
(391,1383)(54299,55308)(50000,100000)	JASDQU010243916.1	75000	994	0.179873
(3559,3559)(54582,54582)(50000,100000)	JASDQU010243918.1	75000	2	0.079978
(576,939)(143012,143391)(100000,150000)	JASDQU010243940.1	125000	365	0.052715
(2742,4040)(50000,51520)(50000,100000)	JASDQU010243970.1	75000	1300	0.798933
(864,1589)(78780,79720)(50000,100000)	JASDQU010243981.1	75000	727	0.225526
(94,1242)(55333,57075)(50000,100000)	JASDQU010244021.1	75000	1150	0.227771
(457,575)(50670,50808)(50000,100000)	JASDQU010244023.1	75000	120	0.100698
(674,773)(101488,101592)(100000,150000)	JASDQU010244024.1	125000	101	0.024595
(2402,3134)(149185,149923)(100000,150000)	JASDQU010244035.1	125000	734	0.254548
(3135,3166)(171616,171684)(150000,200000)	JASDQU010244035.1	175000	33	0.039051
(422,1557)(102452,103841)(100000,150000)	JASDQU010244055.1	125000	1137	-0.006363
(1292,2136)(75255,77024)(50000,100000)	JASDQU010244080.1	75000	846	0.101107
(1177,2632)(50881,55679)(50000,100000)	JASDQU010244095.1	75000	1457	0.272148
(789,2555)(50802,93375)(50000,100000)	JASDQU010244097.1	75000	1768	0.374756
(1053,1833)(157244,158085)(150000,200000)	JASDQU010244108.1	175000	782	0.800588
(149,2055)(172778,178983)(150000,200000)	JASDQU010244142.1	175000	1908	0.124777
(87,185)(50000,50100)(50000,100000)	JASDQU010244155.1	75000	100	0.041907
(103,2217)(65688,80792)(50000,100000)	JASDQU010244158.1	75000	2116	0.383766
(42,1394)(101665,103023)(100000,150000)	JASDQU010244198.1	125000	1354	0.161992
(43,304)(88348,88610)(50000,100000)	JASDQU010244205.1	75000	263	0.519845
(41,408)(118508,118982)(100000,150000)	JASDQU010244218.1	125000	369	0.209916
(409,610)(296057,296268)(250000,300000)	JASDQU010244218.1	275000	203	0.146598
(826,1120)(74216,96329)(50000,100000)	JASDQU010244220.1	75000	296	0.038992
(41,3269)(105667,111399)(100000,150000)	JASDQU010244262.1	125000	3230	0.055089
(67,1745)(133844,139440)(100000,150000)	JASDQU010244284.1	125000	1680	0.541875
(1240,1807)(70077,70685)(50000,100000)	JASDQU010244318.1	75000	569	0.185678
(2345,2805)(177496,178162)(150000,200000)	JASDQU010244334.1	175000	462	0.821024
(118,902)(50000,51621)(50000,100000)	JASDQU010244370.1	75000	786	0.250711
(72,904)(150006,150954)(150000,200000)	JASDQU010244375.1	175000	834	0.248350
(267,386)(94282,94420)(50000,100000)	JASDQU010244405.1	75000	121	0.223106
(4049,4339)(145087,145392)(100000,150000)	JASDQU010244413.1	125000	292	0.016337
(4105,4741)(73641,98425)(50000,100000)	JASDQU010244417.1	75000	638	0.053151
(3208,3272)(226422,226489)(200000,250000)	JASDQU010244496.1	225000	66	-0.020552
(170,425)(236704,237177)(200000,250000)	JASDQU010244500.1	225000	257	0.023092
(298,918)(59136,76298)(50000,100000)	JASDQU010244547.1	75000	622	0.048876
(214,1611)(50001,72167)(50000,100000)	JASDQU010244557.1	75000	1399	0.377628
(808,8050)(67204,79307)(50000,100000)	JASDQU010244563.1	75000	7244	0.323290
(193,300)(99891,99999)(50000,100000)	JASDQU010244567.1	75000	109	0.036567
(57,438)(144199,144610)(100000,150000)	JASDQU010244581.1	125000	383	0.131626
(122,327)(144400,144658)(100000,150000)	JASDQU010244641.1	125000	207	0.122016
(201,981)(55379,56200)(50000,100000)	JASDQU010244684.1	75000	782	0.495329
(295,313)(73755,73775)(50000,100000)	JASDQU010244705.1	75000	20	0.038976
(987,2327)(133999,138737)(100000,150000)	JASDQU010244761.1	125000	1342	0.052602
(841,2787)(53522,55472)(50000,100000)	JASDQU010244788.1	75000	1948	0.196758
(434,784)(50000,50365)(50000,100000)	JASDQU010244794.1	75000	352	0.049204
(388,658)(53223,53529)(50000,100000)	JASDQU010244800.1	75000	272	0.040588
(145,270)(69094,69220)(50000,100000)	JASDQU010244825.1	75000	127	0.403895
(643,759)(84729,84850)(50000,100000)	JASDQU010244847.1	75000	118	0.089375
(831,1416)(140702,141314)(100000,150000)	JASDQU010244892.1	125000	587	0.358511
(424,426)(150000,150002)(150000,200000)	JASDQU010244957.1	175000	4	0.037470
(38,177)(214122,214269)(200000,250000)	JASDQU010244960.1	225000	141	0.564878
(125,1515)(88297,93254)(50000,100000)	JASDQU010244966.1	75000	1392	0.180019
(130,1041)(91323,92260)(50000,100000)	JASDQU010244996.1	75000	913	0.238606
(516,724)(220307,220528)(200000,250000)	JASDQU010245108.1	225000	210	0.337644
(3570,4626)(80013,89601)(50000,100000)	JASDQU010245110.1	75000	1058	0.139130
(685,1126)(56789,57233)(50000,100000)	JASDQU010245134.1	75000	443	0.030987
(433,2796)(101133,103515)(100000,150000)	JASDQU010245138.1	125000	2365	0.500308
(581,714)(120387,120520)(100000,150000)	JASDQU010245179.1	125000	135	0.015059
(292,881)(50000,50591)(50000,100000)	JASDQU010245186.1	75000	591	0.050973
(1605,3730)(62230,64515)(50000,100000)	JASDQU010245191.1	75000	2127	0.374943
(235,882)(66166,66845)(50000,100000)	JASDQU010245203.1	75000	649	0.775341
(686,848)(74719,84558)(50000,100000)	JASDQU010245205.1	75000	164	0.060060
(157,1512)(103863,105649)(100000,150000)	JASDQU010245209.1	125000	1357	0.547575
(274,824)(67971,68529)(50000,100000)	JASDQU010245273.1	75000	552	0.468049
(87,246)(86943,87127)(50000,100000)	JASDQU010245282.1	75000	161	-0.016189
(247,365)(124434,124557)(100000,150000)	JASDQU010245282.1	125000	120	0.042166
(31,58)(60267,60307)(50000,100000)	JASDQU010245301.1	75000	29	0.123207
(1029,1243)(64819,65116)(50000,100000)	JASDQU010245312.1	75000	216	0.663356
(177,409)(213131,213398)(200000,250000)	JASDQU010245356.1	225000	234	0.878060
(140,354)(59225,59446)(50000,100000)	JASDQU010245378.1	75000	216	0.486875
(1526,7877)(72926,81546)(50000,100000)	JASDQU010245390.1	75000	6353	0.119678
(692,1400)(78491,79204)(50000,100000)	JASDQU010260717.1	75000	710	0.229738
(206,1010)(75814,76700)(50000,100000)	JASDQU010277184.1	75000	806	0.108916
(759,860)(99521,99632)(50000,100000)	JASDQU010295832.1	75000	103	0.164216
(128,671)(203572,204285)(200000,250000)	JASDQU010299086.1	225000	545	0.065978
(501,692)(91278,91471)(50000,100000)	JASDQU010302269.1	75000	193	0.033144
(967,1726)(66113,66981)(50000,100000)	JASDQU010305472.1	75000	761	0.140492
(1332,1339)(93204,93216)(50000,100000)	JASDQU010305473.1	75000	9	0.113816
(535,708)(62782,62975)(50000,100000)	JASDQU010305484.1	75000	175	0.029194
(407,1398)(110038,111551)(100000,150000)	JASDQU010305486.1	125000	993	0.202932
(196,5309)(141271,149999)(100000,150000)	JASDQU010305507.1	125000	5115	0.263081
(849,1548)(51712,52419)(50000,100000)	JASDQU010305515.1	75000	701	0.398541
(3098,6957)(52223,58506)(50000,100000)	JASDQU010305523.1	75000	3861	0.281098
(1536,3242)(68517,91560)(50000,100000)	JASDQU010305533.1	75000	1708	0.239783
(69,575)(121605,122168)(100000,150000)	JASDQU010305538.1	125000	508	0.026723
(271,478)(250300,250514)(250000,300000)	JASDQU010305570.1	275000	209	0.883504
(720,1180)(158323,158790)(150000,200000)	JASDQU010305580.1	175000	462	0.022687
(34,66)(70599,70639)(50000,100000)	JASDQU010305582.1	75000	34	0.046906
(137,298)(83100,83521)(50000,100000)	JASDQU010305702.1	75000	163	0.637076
(509,1037)(62177,62733)(50000,100000)	JASDQU010305747.1	75000	530	0.289446
(240,4614)(118105,135808)(100000,150000)	JASDQU010305823.1	125000	4376	0.499589
(1295,1842)(95325,95892)(50000,100000)	JASDQU010305824.1	75000	549	0.583204
(809,1582)(106095,106899)(100000,150000)	JASDQU010305831.1	125000	775	0.075407
(2219,3205)(51064,61524)(50000,100000)	JASDQU010305843.1	75000	988	0.048098
(141,679)(135927,136491)(100000,150000)	JASDQU010305915.1	125000	540	0.255196
(540,827)(63251,68083)(50000,100000)	JASDQU010305943.1	75000	289	0.053340
(748,1323)(84815,85440)(50000,100000)	JASDQU010305954.1	75000	577	0.211607
(1648,2400)(50000,51045)(50000,100000)	JASDQU010305958.1	75000	754	0.145887
(985,1588)(113011,119956)(100000,150000)	JASDQU010305961.1	125000	605	0.112459
(571,672)(151537,163847)(150000,200000)	JASDQU010306048.1	175000	103	0.090060
(351,1986)(76309,78010)(50000,100000)	JASDQU010306077.1	75000	1637	0.226577
(560,714)(75044,91870)(50000,100000)	JASDQU010306104.1	75000	156	0.137749
(1233,3541)(139011,141322)(100000,150000)	JASDQU010306127.1	125000	2310	0.607809
(699,720)(64524,64555)(50000,100000)	JASDQU010306145.1	75000	23	0.057851
(913,1053)(62376,81444)(50000,100000)	JASDQU010306189.1	75000	142	-0.001929
(108,280)(74163,74352)(50000,100000)	JASDQU010306217.1	75000	174	0.149804
(46,5126)(160923,169222)(150000,200000)	JASDQU010306250.1	175000	5082	0.127732
(1105,3558)(105936,109494)(100000,150000)	JASDQU010306263.1	125000	2455	0.304537
(208,384)(112452,112632)(100000,150000)	JASDQU010306281.1	125000	178	0.128618
(1165,1769)(112043,125061)(100000,150000)	JASDQU010306330.1	125000	606	0.069714
(1357,1400)(68166,68269)(50000,100000)	JASDQU010306349.1	75000	45	0.027938
(844,1107)(110440,111006)(100000,150000)	JASDQU010306355.1	125000	265	0.143172
(289,2643)(146703,149385)(100000,150000)	JASDQU010306389.1	125000	2356	0.212268
(854,1762)(159916,160834)(150000,200000)	JASDQU010306450.1	175000	910	0.305865
(2940,3380)(100000,100955)(100000,150000)	JASDQU010306459.1	125000	442	0.678867
(819,2144)(161345,172576)(150000,200000)	JASDQU010306485.1	175000	1327	0.464417
(623,2321)(76752,82491)(50000,100000)	JASDQU010306490.1	75000	1700	0.303561
(564,634)(50000,50072)(50000,100000)	JASDQU010306492.1	75000	72	0.362307
(5164,6027)(108987,109861)(100000,150000)	JASDQU010306604.1	125000	865	0.278986
(551,1278)(220859,237402)(200000,250000)	JASDQU010306618.1	225000	729	0.031003
(1181,1825)(77664,94902)(50000,100000)	JASDQU010306667.1	75000	646	0.614875
(1676,2312)(54587,55235)(50000,100000)	JASDQU010306765.1	75000	638	0.080682
(1394,2214)(175285,176133)(150000,200000)	JASDQU010306769.1	175000	822	0.300960
(1881,1969)(150000,150371)(150000,200000)	JASDQU010306792.1	175000	90	0.111289
(1776,2132)(87161,91927)(50000,100000)	JASDQU010306800.1	75000	358	0.022850
(988,1812)(70123,70963)(50000,100000)	JASDQU010306812.1	75000	826	0.448377
(716,775)(162370,162462)(150000,200000)	JASDQU010306838.1	175000	61	0.001579
(1243,1869)(52781,53438)(50000,100000)	JASDQU010306904.1	75000	628	0.228252
(108,2876)(60599,64242)(50000,100000)	JASDQU010306916.1	75000	2770	0.123037
(790,887)(51460,51559)(50000,100000)	JASDQU010306933.1	75000	99	0.017522
(51,2979)(67807,70859)(50000,100000)	JASDQU010307009.1	75000	2930	0.122140
(4,30)(66163,66217)(50000,100000)	JASDQU010307044.1	75000	28	0.042502
(1035,1222)(146724,146915)(100000,150000)	JASDQU010307115.1	125000	189	-0.003217
(575,704)(236508,236638)(200000,250000)	JASDQU010307131.1	225000	131	0.021088
(51,190)(107541,107801)(100000,150000)	JASDQU010307196.1	125000	141	0.744647
(134,830)(68509,73171)(50000,100000)	JASDQU010307231.1	75000	698	0.049835
(3886,7594)(56613,74256)(50000,100000)	JASDQU010307247.1	75000	3710	0.216110
(933,2816)(97886,99807)(50000,100000)	JASDQU010307334.1	75000	1885	0.083464
(228,516)(199707,199999)(150000,200000)	JASDQU010307348.1	175000	290	0.505286
(486,623)(220491,220629)(200000,250000)	JASDQU010307357.1	225000	139	0.063956
(258,1744)(60066,66240)(50000,100000)	JASDQU010307373.1	75000	1488	0.012646
(91,788)(160662,161425)(150000,200000)	JASDQU010307395.1	175000	699	0.073643
(842,1157)(61431,67751)(50000,100000)	JASDQU010307399.1	75000	317	0.052512
(2482,2592)(69773,69883)(50000,100000)	JASDQU010307403.1	75000	112	0.091566
(25,36)(80731,80767)(50000,100000)	JASDQU010307404.1	75000	13	0.005791
(82,651)(89830,90434)(50000,100000)	JASDQU010307429.1	75000	571	0.215875
(894,1218)(50000,50326)(50000,100000)	JASDQU010307468.1	75000	326	0.355180
(671,3425)(56250,59598)(50000,100000)	JASDQU010307485.1	75000	2756	0.027115
(593,995)(109040,109444)(100000,150000)	JASDQU010307526.1	125000	404	0.164887
(717,760)(74592,74636)(50000,100000)	JASDQU010307536.1	75000	45	0.124102
(183,735)(53434,54005)(50000,100000)	JASDQU010307542.1	75000	554	0.219783
(178,1750)(56933,58619)(50000,100000)	JASDQU010307562.1	75000	1574	0.190747
(900,972)(152740,152824)(150000,200000)	JASDQU010307583.1	175000	74	0.381072
(3559,5219)(50323,52935)(50000,100000)	JASDQU010307663.1	75000	1662	0.317389
(733,887)(54538,54696)(50000,100000)	JASDQU010307703.1	75000	156	0.229348
(697,877)(101973,102154)(100000,150000)	JASDQU010307775.1	125000	182	0.013990
(561,640)(100002,100103)(100000,150000)	JASDQU010307822.1	125000	81	0.844914
(113,847)(71164,87219)(50000,100000)	JASDQU010307871.1	75000	736	0.060130
(966,1578)(193150,193796)(150000,200000)	JASDQU010307888.1	175000	614	0.267389
(946,2399)(50000,83336)(50000,100000)	JASDQU010307920.1	75000	1455	0.366575
(1315,1762)(74664,75154)(50000,100000)	JASDQU010307922.1	75000	449	0.211769
(450,4527)(222672,248955)(200000,250000)	JASDQU010307937.1	225000	4079	0.356870
(45,888)(70157,71006)(50000,100000)	JASDQU010307962.1	75000	845	0.225871
(315,1246)(171364,172391)(150000,200000)	JASDQU010307992.1	175000	933	0.380504
(751,1155)(123146,123683)(100000,150000)	JASDQU010308034.1	125000	406	0.400166
(985,1473)(100057,100730)(100000,150000)	JASDQU010308043.1	125000	490	0.172982
(1158,2432)(116849,118131)(100000,150000)	JASDQU010308076.1	125000	1276	-0.025727
(689,2220)(57992,65374)(50000,100000)	JASDQU010308096.1	75000	1533	0.268679
(1100,2331)(61977,63842)(50000,100000)	JASDQU010308097.1	75000	1233	0.430549
(2519,2964)(62392,65676)(50000,100000)	JASDQU010308127.1	75000	447	0.024605
(1870,2785)(65640,66571)(50000,100000)	JASDQU010308128.1	75000	917	0.339478
(2786,2979)(163941,164134)(150000,200000)	JASDQU010308128.1	175000	195	0.371863
(2980,3359)(211572,211994)(200000,250000)	JASDQU010308128.1	225000	381	0.040269
(1331,1825)(154441,154970)(150000,200000)	JASDQU010308133.1	175000	496	0.360392
(351,753)(137390,137848)(100000,150000)	JASDQU010308138.1	125000	404	0.017738
(4977,5009)(52684,52816)(50000,100000)	JASDQU010308170.1	75000	34	0.037791
(884,1527)(158530,160000)(150000,200000)	JASDQU010308276.1	175000	645	0.162675
(1246,3394)(67290,70317)(50000,100000)	JASDQU010308281.1	75000	2150	0.227728
(69,592)(71556,72092)(50000,100000)	JASDQU010308286.1	75000	525	0.078722
(1583,2422)(52521,53383)(50000,100000)	JASDQU010308362.1	75000	841	0.131890
(1616,2303)(50000,50691)(50000,100000)	JASDQU010308438.1	75000	689	0.551691
(484,616)(64226,64376)(50000,100000)	JASDQU010308445.1	75000	134	0.095534
(738,858)(104839,104960)(100000,150000)	JASDQU010308450.1	125000	122	0.097665
(200,338)(73656,73810)(50000,100000)	JASDQU010308477.1	75000	140	0.250632
(339,1389)(130163,149999)(100000,150000)	JASDQU010308477.1	125000	1052	0.131898
(492,3281)(84878,88682)(50000,100000)	JASDQU010308496.1	75000	2791	0.440767
(547,1491)(61946,77263)(50000,100000)	JASDQU010308534.1	75000	946	0.149183
(493,814)(136602,136929)(100000,150000)	JASDQU010308617.1	125000	323	0.020761
(2894,4637)(53040,56404)(50000,100000)	JASDQU010308619.1	75000	1745	0.790382
(18,55)(68554,68596)(50000,100000)	JASDQU010308620.1	75000	39	0.081075
(469,793)(88103,88649)(50000,100000)	JASDQU010308676.1	75000	326	0.044783
(94,312)(53503,96333)(50000,100000)	JASDQU010308762.1	75000	220	0.064234
(883,1379)(106852,107352)(100000,150000)	JASDQU010308824.1	125000	498	0.374909
(360,511)(154820,155191)(150000,200000)	JASDQU010308827.1	175000	153	-0.002241
(2309,2375)(107840,107995)(100000,150000)	JASDQU010308861.1	125000	68	0.021080
(979,1774)(55607,56413)(50000,100000)	JASDQU010308944.1	75000	797	0.286424
(1092,1594)(103565,104477)(100000,150000)	JASDQU010308988.1	125000	504	0.312384
(333,1660)(82409,84218)(50000,100000)	JASDQU010308999.1	75000	1329	0.124466
(376,1970)(121473,126199)(100000,150000)	JASDQU010309011.1	125000	1596	0.118214
(236,945)(80310,81133)(50000,100000)	JASDQU010309023.1	75000	711	0.057673
(90,250)(81264,81557)(50000,100000)	JASDQU010309114.1	75000	162	0.222229
(226,1256)(75687,79870)(50000,100000)	JASDQU010309134.1	75000	1032	0.203732
(53,613)(107871,108455)(100000,150000)	JASDQU010309135.1	125000	562	0.191905
(937,1109)(63572,63806)(50000,100000)	JASDQU010309158.1	75000	174	0.029122
(829,1261)(53487,53982)(50000,100000)	JASDQU010309175.1	75000	434	0.024867
(197,330)(87451,87589)(50000,100000)	JASDQU010309198.1	75000	135	0.252292
(1149,1727)(68454,69051)(50000,100000)	JASDQU010309208.1	75000	580	0.038197
(648,1407)(67474,68310)(50000,100000)	JASDQU010309213.1	75000	761	0.312568
(1077,1662)(52655,53327)(50000,100000)	JASDQU010309305.1	75000	587	0.295218
(2514,2913)(50000,50401)(50000,100000)	JASDQU010309320.1	75000	401	0.444370
(658,1579)(139292,140277)(100000,150000)	JASDQU010309325.1	125000	923	0.339561
(133,793)(51940,64860)(50000,100000)	JASDQU010309347.1	75000	662	0.200798
(405,752)(123546,124054)(100000,150000)	JASDQU010309400.1	125000	349	0.228987
(1214,2265)(50000,53433)(50000,100000)	JASDQU010309453.1	75000	1053	0.075210
(1167,2478)(91844,93182)(50000,100000)	JASDQU010309477.1	75000	1313	0.367185
(112,584)(68223,76777)(50000,100000)	JASDQU010309737.1	75000	474	0.196267
(2305,3190)(108302,109223)(100000,150000)	JASDQU010309764.1	125000	887	0.320033
(16,735)(67868,68593)(50000,100000)	JASDQU010309804.1	75000	721	0.340253
(1148,1374)(56776,57083)(50000,100000)	JASDQU010309848.1	75000	228	0.006921
(1411,1422)(96368,96385)(50000,100000)	JASDQU010309866.1	75000	13	0.055543
(64,751)(92126,97603)(50000,100000)	JASDQU010309880.1	75000	689	0.063208
(978,3483)(100573,147239)(100000,150000)	JASDQU010309917.1	125000	2507	0.677067
(106,343)(113210,113491)(100000,150000)	JASDQU010309940.1	125000	239	0.015074
(739,832)(75903,76018)(50000,100000)	JASDQU010310023.1	75000	95	0.198277
(3295,4195)(80984,85579)(50000,100000)	JASDQU010310042.1	75000	902	0.197488
(746,4332)(60547,69723)(50000,100000)	JASDQU010310052.1	75000	3588	0.551065
(423,838)(50044,50480)(50000,100000)	JASDQU010310073.1	75000	417	0.437793
(509,3356)(85533,88417)(50000,100000)	JASDQU010310102.1	75000	2849	0.211516
(37,395)(50000,82069)(50000,100000)	JASDQU010310129.1	75000	360	0.010507
(477,1033)(59641,60198)(50000,100000)	JASDQU010310132.1	75000	558	0.207809
(450,1024)(67010,68714)(50000,100000)	JASDQU010310239.1	75000	576	0.414968
(94,442)(130363,130749)(100000,150000)	JASDQU010310258.1	125000	350	0.242850
(382,3577)(57913,83406)(50000,100000)	JASDQU010310304.1	75000	3197	0.357256
(433,784)(107855,149653)(100000,150000)	JASDQU010310354.1	125000	353	0.098963
(306,392)(217875,218009)(200000,250000)	JASDQU010349442.1	225000	88	0.031447
(393,833)(254525,297209)(250000,300000)	JASDQU010349442.1	275000	442	0.035490
(1891,3067)(292725,296675)(250000,300000)	JASDQU010354436.1	275000	1178	0.243948
(120,2897)(50000,82980)(50000,100000)	JASDQU010363030.1	75000	2779	0.018290
(2898,4009)(294004,295154)(250000,300000)	JASDQU010363030.1	275000	1113	0.675842
(4010,5195)(437589,438848)(400000,450000)	JASDQU010363030.1	425000	1187	0.105131
(5196,5274)(481499,481581)(450000,500000)	JASDQU010363030.1	475000	80	0.051856
(693,1184)(72006,72501)(50000,100000)	JASDQU010370375.1	75000	493	0.370217
(265,1029)(87884,89249)(50000,100000)	JASDQU010370404.1	75000	766	0.580576
(70,1521)(142239,144253)(100000,150000)	JASDQU010370413.1	125000	1453	0.121746
(882,1019)(72587,72858)(50000,100000)	JASDQU010370505.1	75000	139	0.158218
(679,6648)(225421,234732)(200000,250000)	JASDQU010370513.1	225000	5971	0.417009
(579,740)(52028,52190)(50000,100000)	JASDQU010370527.1	75000	163	0.561847
(809,1295)(58696,59193)(50000,100000)	JASDQU010370535.1	75000	488	0.107619
(291,428)(68218,68435)(50000,100000)	JASDQU010370646.1	75000	139	0.049142
(2084,3338)(103994,129350)(100000,150000)	JASDQU010370654.1	125000	1256	0.214262
(1120,1129)(65573,65584)(50000,100000)	JASDQU010370672.1	75000	11	0.044879
(1854,2185)(95968,96361)(50000,100000)	JASDQU010370706.1	75000	333	0.078992
(465,1835)(54779,56261)(50000,100000)	JASDQU010370725.1	75000	1372	0.057411
(3734,4515)(83850,84645)(50000,100000)	JASDQU010370756.1	75000	783	0.205331
(1154,1181)(108645,108678)(100000,150000)	JASDQU010370802.1	125000	29	0.046946
(234,1529)(163662,166136)(150000,200000)	JASDQU010370813.1	175000	1297	0.055197
(1619,2706)(103634,104726)(100000,150000)	JASDQU010370822.1	125000	1089	0.864145
(1156,3483)(100550,102922)(100000,150000)	JASDQU010370933.1	125000	2329	0.494089
(2762,3625)(138153,139789)(100000,150000)	JASDQU010370935.1	125000	865	0.805603
(132,399)(113980,114379)(100000,150000)	JASDQU010370980.1	125000	269	0.051116
(1426,1713)(100000,124133)(100000,150000)	JASDQU010371001.1	125000	289	0.107704
(882,1311)(64682,71228)(50000,100000)	JASDQU010371006.1	75000	431	0.073744
(1104,1687)(60723,61333)(50000,100000)	JASDQU010371026.1	75000	585	0.598756
(459,647)(137854,138057)(100000,150000)	JASDQU010371056.1	125000	190	-0.007448
(431,1469)(100000,101041)(100000,150000)	JASDQU010371082.1	125000	1040	0.884843
(224,254)(73278,73331)(50000,100000)	JASDQU010371093.1	75000	32	0.199773
(514,526)(209725,209740)(200000,250000)	JASDQU010371135.1	225000	14	0.086085
(2556,2675)(84522,84655)(50000,100000)	JASDQU010371186.1	75000	121	0.015042
(1472,3748)(84159,88052)(50000,100000)	JASDQU010371234.1	75000	2278	0.496245
(163,1447)(61723,88137)(50000,100000)	JASDQU010371250.1	75000	1286	0.322171
(5361,6840)(107084,146089)(100000,150000)	JASDQU010371290.1	125000	1481	0.021808
(3991,4731)(122682,124071)(100000,150000)	JASDQU010371342.1	125000	742	0.337057
(421,1735)(50000,51333)(50000,100000)	JASDQU010371403.1	75000	1316	0.275624
(1190,2283)(187353,189039)(150000,200000)	JASDQU010371413.1	175000	1095	0.180744
(2284,2633)(226483,227251)(200000,250000)	JASDQU010371413.1	225000	351	0.033214
(357,2459)(159035,191290)(150000,200000)	JASDQU010371451.1	175000	2104	0.096730
(1094,1495)(90145,90565)(50000,100000)	JASDQU010371458.1	75000	403	0.037479
(4468,4831)(179868,180251)(150000,200000)	JASDQU010371470.1	175000	365	0.039259
(1402,1461)(55553,55618)(50000,100000)	JASDQU010371506.1	75000	61	0.066812
(1895,2861)(227709,245952)(200000,250000)	JASDQU010371547.1	225000	968	0.300088
(89,668)(90460,91046)(50000,100000)	JASDQU010371555.1	75000	581	0.470448
(587,1029)(50000,50455)(50000,100000)	JASDQU010371569.1	75000	444	0.437937
(86,339)(52568,52832)(50000,100000)	JASDQU010371598.1	75000	255	0.782237
(269,698)(229264,230183)(200000,250000)	JASDQU010371617.1	225000	431	0.047987
(30,342)(73301,73614)(50000,100000)	JASDQU010371656.1	75000	314	0.083690
(13,157)(53896,54098)(50000,100000)	JASDQU010371758.1	75000	146	0.154468
(325,771)(154466,170943)(150000,200000)	JASDQU010371827.1	175000	448	0.055398
(549,1100)(100000,100551)(100000,150000)	JASDQU010371854.1	125000	553	0.284556
(1258,1301)(95656,95718)(50000,100000)	JASDQU010371877.1	75000	45	0.060346
(842,945)(150000,150107)(150000,200000)	JASDQU010371896.1	175000	105	0.189489
(1921,2438)(131889,132428)(100000,150000)	JASDQU010371901.1	125000	519	0.081048
(763,1432)(50000,50669)(50000,100000)	JASDQU010371921.1	75000	671	0.174370
(2263,4377)(50925,54577)(50000,100000)	JASDQU010371939.1	75000	2116	0.378039
(615,665)(56358,56455)(50000,100000)	JASDQU010371947.1	75000	52	0.041117
(2691,2899)(58091,58346)(50000,100000)	JASDQU010371983.1	75000	210	0.154180
(76,3425)(55171,93288)(50000,100000)	JASDQU010371984.1	75000	3351	0.257616
(2552,2560)(110267,110298)(100000,150000)	JASDQU010371987.1	125000	10	0.045724
(2382,2683)(64449,65846)(50000,100000)	JASDQU010372249.1	75000	303	0.064889
(503,809)(58398,58861)(50000,100000)	JASDQU010372309.1	75000	308	0.110731
(1564,7570)(59906,88595)(50000,100000)	JASDQU010372315.1	75000	6008	0.027757
(1511,2135)(73573,93002)(50000,100000)	JASDQU010372496.1	75000	626	0.047904
(13,884)(76459,77357)(50000,100000)	JASDQU010372510.1	75000	873	0.093746
(929,1704)(67170,67945)(50000,100000)	JASDQU010372514.1	75000	777	0.215120
(570,943)(50000,50407)(50000,100000)	JASDQU010372519.1	75000	375	0.264656
(440,1289)(119486,120340)(100000,150000)	JASDQU010372542.1	125000	851	0.077034
(226,246)(75482,75535)(50000,100000)	JASDQU010372544.1	75000	22	0.050098
(3560,3565)(50000,50006)(50000,100000)	JASDQU010372552.1	75000	7	0.045421
(86,154)(71001,71084)(50000,100000)	JASDQU010372585.1	75000	70	0.132566
(6451,8248)(54621,58696)(50000,100000)	JASDQU010372589.1	75000	1799	0.141595
(135,710)(50960,51540)(50000,100000)	JASDQU010372600.1	75000	577	0.304190
(189,590)(50000,50420)(50000,100000)	JASDQU010372607.1	75000	403	0.063789
(14,365)(166217,166572)(150000,200000)	JASDQU010372665.1	175000	353	-0.000492
(381,718)(57363,57722)(50000,100000)	JASDQU010372692.1	75000	339	0.001923
(340,1728)(69663,79091)(50000,100000)	JASDQU010372694.1	75000	1390	0.237062
(86,3287)(56798,99285)(50000,100000)	JASDQU010372703.1	75000	3203	0.005183
(478,1351)(56838,57749)(50000,100000)	JASDQU010372736.1	75000	875	0.117304
(62,929)(75764,99473)(50000,100000)	JASDQU010372901.1	75000	869	0.070252
(558,899)(50000,50348)(50000,100000)	JASDQU010372911.1	75000	343	0.311867
(477,1721)(159214,161010)(150000,200000)	JASDQU010373008.1	175000	1246	-0.000767
(1000,1094)(136764,136873)(100000,150000)	JASDQU010373035.1	125000	96	0.050578
(1189,1556)(76646,77087)(50000,100000)	JASDQU010373059.1	75000	369	0.145361
(2043,2637)(76858,77452)(50000,100000)	JASDQU010373149.1	75000	596	0.346837
(28,1756)(62995,64728)(50000,100000)	JASDQU010373190.1	75000	1730	0.151390
(833,1518)(111761,112494)(100000,150000)	JASDQU010373250.1	125000	687	0.360339
(257,1979)(59717,97147)(50000,100000)	JASDQU010373268.1	75000	1724	0.556968
(1980,1998)(300643,300661)(300000,350000)	JASDQU010373268.1	325000	20	0.043224
(583,1991)(68296,73790)(50000,100000)	JASDQU010373309.1	75000	1410	0.348302
(501,1193)(52684,53378)(50000,100000)	JASDQU010373347.1	75000	694	0.073390
(362,1184)(73855,74693)(50000,100000)	JASDQU010373354.1	75000	824	0.104230
(4,419)(71578,72112)(50000,100000)	JASDQU010373399.1	75000	417	0.135117
(1208,1231)(190871,190895)(150000,200000)	JASDQU010373470.1	175000	25	0.013049
(108,2837)(115238,118001)(100000,150000)	JASDQU010373507.1	125000	2731	0.273857
(117,696)(78694,79283)(50000,100000)	JASDQU010373519.1	75000	581	0.098375
(584,696)(103190,103347)(100000,150000)	JASDQU010373554.1	125000	114	0.010109
(169,537)(152898,153346)(150000,200000)	JASDQU010373600.1	175000	370	0.430772
(2573,2842)(59101,59371)(50000,100000)	JASDQU010373610.1	75000	271	0.049447
(2360,2504)(100163,100315)(100000,150000)	JASDQU010373622.1	125000	146	0.057037
(2355,3138)(56364,57164)(50000,100000)	JASDQU010373634.1	75000	785	0.209354
(2757,5251)(100000,102562)(100000,150000)	JASDQU010373648.1	125000	2496	0.587365
(201,380)(59595,59780)(50000,100000)	JASDQU010373766.1	75000	181	0.036952
(186,236)(57992,58050)(50000,100000)	JASDQU010373800.1	75000	52	0.054443
(774,2032)(115859,117160)(100000,150000)	JASDQU010373812.1	125000	1260	0.417381
(768,2750)(70536,86044)(50000,100000)	JASDQU010373815.1	75000	1984	0.176480
(918,1108)(51107,61217)(50000,100000)	JASDQU010373846.1	75000	192	0.302353
(1385,5538)(76906,81502)(50000,100000)	JASDQU010373855.1	75000	4155	0.281429
(1212,4580)(108601,112834)(100000,150000)	JASDQU010373866.1	125000	3370	0.102911
(1653,1864)(57419,57631)(50000,100000)	JASDQU010373885.1	75000	213	0.103277
(425,510)(75657,75885)(50000,100000)	JASDQU010373894.1	75000	87	0.040094
(639,1831)(93097,94530)(50000,100000)	JASDQU010373940.1	75000	1194	0.106487
(1038,1040)(56138,56140)(50000,100000)	JASDQU010373984.1	75000	4	0.045118
(408,792)(111289,111830)(100000,150000)	JASDQU010374002.1	125000	386	0.073923
(615,1205)(140330,142479)(100000,150000)	JASDQU010374023.1	125000	592	0.299256
(92,858)(155025,155835)(150000,200000)	JASDQU010374036.1	175000	768	0.593598
(1038,1129)(236001,236113)(200000,250000)	JASDQU010374068.1	225000	93	0.082124
(1029,2315)(59050,94516)(50000,100000)	JASDQU010374218.1	75000	1288	0.367842
(177,1891)(181666,183542)(150000,200000)	JASDQU010374291.1	175000	1716	0.736705
(1058,1385)(130376,130808)(100000,150000)	JASDQU010374301.1	125000	329	0.272926
(444,567)(204422,204546)(200000,250000)	JASDQU010374328.1	225000	125	0.068423
(1309,2357)(118635,119690)(100000,150000)	JASDQU010374367.1	125000	1050	0.019457
(353,868)(65209,65740)(50000,100000)	JASDQU010374449.1	75000	517	0.031679
(687,3102)(61662,65761)(50000,100000)	JASDQU010374455.1	75000	2417	0.584314
(3103,3295)(105594,105798)(100000,150000)	JASDQU010374455.1	125000	194	0.279685
(1014,1132)(89230,89365)(50000,100000)	JASDQU010374456.1	75000	120	0.273405
(3003,3324)(50000,50322)(50000,100000)	JASDQU010374524.1	75000	323	0.364260
(737,1378)(190168,190811)(150000,200000)	JASDQU010374534.1	175000	643	0.057343
(75,598)(52853,53416)(50000,100000)	JASDQU010374588.1	75000	525	0.034194
(2146,2788)(61999,62658)(50000,100000)	JASDQU010374655.1	75000	644	0.034129
(844,1640)(56431,57248)(50000,100000)	JASDQU010374685.1	75000	798	0.070741
(3760,3763)(146124,146128)(100000,150000)	JASDQU010374713.1	125000	5	0.039873
(219,384)(59560,59727)(50000,100000)	JASDQU010374763.1	75000	167	0.009185
(2523,4211)(55567,63452)(50000,100000)	JASDQU010374785.1	75000	1690	0.361406
(777,1383)(124100,124792)(100000,150000)	JASDQU010374801.1	125000	608	0.072656
(895,5759)(75001,81771)(50000,100000)	JASDQU010374859.1	75000	4866	0.086703
(48,123)(63957,64035)(50000,100000)	JASDQU010374878.1	75000	77	0.270222
(375,1019)(56385,57238)(50000,100000)	JASDQU010374943.1	75000	646	0.144502
(243,584)(69595,69938)(50000,100000)	JASDQU010374962.1	75000	343	0.203739
(2210,2466)(51112,51369)(50000,100000)	JASDQU010374969.1	75000	258	0.031490
(111,1976)(96113,99687)(50000,100000)	JASDQU010375012.1	75000	1867	0.213503
(412,758)(155950,156313)(150000,200000)	JASDQU010375032.1	175000	348	0.448619
(1101,1392)(50000,62472)(50000,100000)	JASDQU010375089.1	75000	293	0.402175
(1094,1787)(99301,99999)(50000,100000)	JASDQU010375131.1	75000	695	0.138699
(477,2136)(61575,69530)(50000,100000)	JASDQU010375194.1	75000	1661	0.147052
(1676,3843)(62992,66570)(50000,100000)	JASDQU010375205.1	75000	2169	0.435556
(423,1083)(84446,92320)(50000,100000)	JASDQU010375325.1	75000	662	0.805524
(2197,2521)(155297,195553)(150000,200000)	JASDQU010375343.1	175000	326	0.069820
(1179,1390)(78113,78324)(50000,100000)	JASDQU010376347.1	75000	213	0.024502
(788,1271)(236088,236607)(200000,250000)	JASDQU010427175.1	225000	485	0.270471
(452,546)(63126,63254)(50000,100000)	JASDQU010435415.1	75000	96	0.036632
(118,230)(184124,184240)(150000,200000)	JASDQU010435438.1	175000	114	0.026132
(537,6038)(50000,76183)(50000,100000)	JASDQU010435485.1	75000	5503	0.449438
(62,310)(90391,90756)(50000,100000)	JASDQU010435493.1	75000	250	0.133132
(460,3105)(60942,72772)(50000,100000)	JASDQU010435494.1	75000	2647	0.133620
(401,488)(66827,66918)(50000,100000)	JASDQU010435510.1	75000	89	0.008253
(714,839)(93514,93671)(50000,100000)	JASDQU010435512.1	75000	127	0.009711
(34,80)(105760,105827)(100000,150000)	JASDQU010435543.1	125000	48	0.041449
(1364,2554)(97710,99290)(50000,100000)	JASDQU010435609.1	75000	1192	0.175876
(2555,3171)(100358,105227)(100000,150000)	JASDQU010435609.1	125000	618	0.304612
(842,1116)(51918,52195)(50000,100000)	JASDQU010435615.1	75000	276	0.034732
(122,2471)(164803,169551)(150000,200000)	JASDQU010435652.1	175000	2351	0.264878
(804,1098)(122140,122448)(100000,150000)	JASDQU010435665.1	125000	296	0.143061
(74,171)(65068,65179)(50000,100000)	JASDQU010435718.1	75000	99	0.357072
(15,662)(108686,112170)(100000,150000)	JASDQU010435802.1	125000	649	0.487653
(24,863)(88731,89583)(50000,100000)	JASDQU010435832.1	75000	841	0.212995
(1491,6555)(64845,99703)(50000,100000)	JASDQU010435862.1	75000	5066	0.270604
(1605,1617)(95464,95481)(50000,100000)	JASDQU010435869.1	75000	14	0.047487
(1618,2574)(177617,181813)(150000,200000)	JASDQU010435869.1	175000	958	0.345331
(679,1437)(139114,148888)(100000,150000)	JASDQU010435912.1	125000	760	0.045696
(31,686)(66262,66920)(50000,100000)	JASDQU010435921.1	75000	657	0.068407
(1225,1225)(51233,51233)(50000,100000)	JASDQU010435946.1	75000	2	0.036565
(662,845)(56213,56464)(50000,100000)	JASDQU010435947.1	75000	185	0.827369
(2181,3978)(74874,76682)(50000,100000)	JASDQU010435957.1	75000	1799	0.443237
(1672,1797)(56629,56804)(50000,100000)	JASDQU010436003.1	75000	127	0.083112
(813,1828)(61868,76839)(50000,100000)	JASDQU010436031.1	75000	1017	0.428128
(18,898)(50000,51434)(50000,100000)	JASDQU010436047.1	75000	882	0.508102
(366,645)(80936,81256)(50000,100000)	JASDQU010436101.1	75000	281	0.322872
(415,522)(97666,97796)(50000,100000)	JASDQU010436145.1	75000	109	0.002412
(861,2514)(55079,57209)(50000,100000)	JASDQU010436156.1	75000	1655	0.324305
(512,790)(83010,83313)(50000,100000)	JASDQU010436217.1	75000	280	0.044687
(1246,1428)(81356,81934)(50000,100000)	JASDQU010436220.1	75000	184	0.073070
(77,553)(50775,51282)(50000,100000)	JASDQU010436278.1	75000	478	0.084697
(220,279)(63550,63614)(50000,100000)	JASDQU010436303.1	75000	61	0.086365
(2002,2119)(76294,79604)(50000,100000)	JASDQU010436393.1	75000	119	0.053111
(2053,3839)(50099,55659)(50000,100000)	JASDQU010436427.1	75000	1788	0.374234
(703,1175)(102611,103104)(100000,150000)	JASDQU010436478.1	125000	474	0.061001
(111,1337)(50000,52246)(50000,100000)	JASDQU010436519.1	75000	1228	0.308495
(1191,1999)(65722,66641)(50000,100000)	JASDQU010436568.1	75000	810	0.088242
(1465,2260)(51900,55414)(50000,100000)	JASDQU010436639.1	75000	797	0.558300
(340,1465)(72005,73208)(50000,100000)	JASDQU010436667.1	75000	1127	0.132884
(245,266)(51319,51341)(50000,100000)	JASDQU010436684.1	75000	23	0.057656
(763,867)(155733,155840)(150000,200000)	JASDQU010436761.1	175000	106	0.086989
(825,1003)(55916,56107)(50000,100000)	JASDQU010436766.1	75000	180	0.009907
(95,580)(53601,54103)(50000,100000)	JASDQU010436879.1	75000	487	0.505171
(1685,2525)(114612,115534)(100000,150000)	JASDQU010436925.1	125000	842	0.313515
(86,928)(58931,60641)(50000,100000)	JASDQU010436985.1	75000	844	0.437991
(381,516)(134350,134492)(100000,150000)	JASDQU010436991.1	125000	137	0.029899
(10,760)(111505,115930)(100000,150000)	JASDQU010437017.1	125000	752	0.004142
(761,3568)(161638,166445)(150000,200000)	JASDQU010437017.1	175000	2809	0.500520
(3569,3692)(397005,397130)(350000,400000)	JASDQU010437017.1	375000	125	0.020680
(3693,3816)(420743,420866)(400000,450000)	JASDQU010437017.1	425000	125	0.063725
(2296,2511)(97281,97509)(50000,100000)	JASDQU010437026.1	75000	217	0.005487
(2018,2383)(144494,145249)(100000,150000)	JASDQU010437049.1	125000	367	0.038312
(730,909)(74495,74674)(50000,100000)	JASDQU010437103.1	75000	181	0.132643
(882,1280)(53180,53622)(50000,100000)	JASDQU010437137.1	75000	400	0.319721
(89,1522)(80729,82224)(50000,100000)	JASDQU010437218.1	75000	1435	0.234698
(1093,2398)(63592,64945)(50000,100000)	JASDQU010437272.1	75000	1307	0.322274
(1175,2455)(235037,238140)(200000,250000)	JASDQU010437277.1	225000	1282	0.180307
(6389,7282)(125202,126095)(100000,150000)	JASDQU010437300.1	125000	895	0.002434
(349,1464)(51518,83025)(50000,100000)	JASDQU010437312.1	75000	1117	0.244952
(1248,1586)(89894,90251)(50000,100000)	JASDQU010437368.1	75000	340	0.142568
(1587,1925)(124161,124645)(100000,150000)	JASDQU010437368.1	125000	340	0.054181
(857,1026)(72205,72586)(50000,100000)	JASDQU010437451.1	75000	171	0.037755
(758,952)(69841,70055)(50000,100000)	JASDQU010437472.1	75000	196	0.065974
(14,97)(78119,78205)(50000,100000)	JASDQU010437614.1	75000	85	0.037426
(3319,3728)(90144,90554)(50000,100000)	JASDQU010437632.1	75000	411	-0.001311
(501,1312)(52105,63490)(50000,100000)	JASDQU010437682.1	75000	813	0.410871
(357,1564)(50000,53408)(50000,100000)	JASDQU010437735.1	75000	1209	0.290223
(60,380)(195973,196427)(150000,200000)	JASDQU010438014.1	175000	322	0.498883
(580,1654)(64442,74053)(50000,100000)	JASDQU010438047.1	75000	1076	0.119939
(228,2185)(115399,117394)(100000,150000)	JASDQU010438050.1	125000	1959	0.502085
(142,147)(53582,53587)(50000,100000)	JASDQU010438071.1	75000	7	0.038220
(732,1383)(76170,76828)(50000,100000)	JASDQU010438080.1	75000	653	0.344711
(1384,1887)(150326,197494)(150000,200000)	JASDQU010438080.1	175000	505	0.605896
(1888,2906)(208297,210329)(200000,250000)	JASDQU010438080.1	225000	1020	0.508583
(283,2569)(75407,77724)(50000,100000)	JASDQU010438145.1	75000	2288	0.273444
(915,936)(74322,74352)(50000,100000)	JASDQU010438165.1	75000	23	0.052976
(197,1776)(52595,68064)(50000,100000)	JASDQU010438253.1	75000	1581	0.038653
(142,397)(114746,125962)(100000,150000)	JASDQU010438333.1	125000	257	0.035608
(2131,2267)(125258,125398)(100000,150000)	JASDQU010438382.1	125000	138	0.172552
(113,198)(116771,116868)(100000,150000)	JASDQU010438398.1	125000	87	0.044343
(656,1308)(64675,91218)(50000,100000)	JASDQU010438399.1	75000	654	0.017157
(1309,2284)(116063,117350)(100000,150000)	JASDQU010438399.1	125000	977	0.109313
(1751,2160)(50000,50410)(50000,100000)	JASDQU010438445.1	75000	411	0.103805
(808,1101)(67484,69944)(50000,100000)	JASDQU010438491.1	75000	295	0.016947
(135,2275)(90662,92814)(50000,100000)	JASDQU010438530.1	75000	2142	0.439272
(722,1128)(58157,58578)(50000,100000)	JASDQU010438684.1	75000	408	0.004739
(188,477)(52495,79766)(50000,100000)	JASDQU010438767.1	75000	291	0.043927
(38,602)(51380,55086)(50000,100000)	JASDQU010438779.1	75000	566	0.182661
(871,931)(76342,76406)(50000,100000)	JASDQU010438930.1	75000	62	0.174062
(132,990)(67668,68537)(50000,100000)	JASDQU010439079.1	75000	860	0.400917
(603,823)(50000,50224)(50000,100000)	JASDQU010439086.1	75000	222	0.156950
(640,1640)(76408,79917)(50000,100000)	JASDQU010439140.1	75000	1002	0.096626
(726,1015)(50782,51097)(50000,100000)	JASDQU010439214.1	75000	291	0.109764
(2359,2544)(75567,75818)(50000,100000)	JASDQU010439250.1	75000	187	0.303078
(776,1207)(52810,53349)(50000,100000)	JASDQU010439267.1	75000	433	0.122577
(569,873)(52219,52530)(50000,100000)	JASDQU010439275.1	75000	306	-0.007359
(962,4111)(82235,86288)(50000,100000)	JASDQU010439287.1	75000	3151	0.025684
(1189,1377)(120442,120840)(100000,150000)	JASDQU010439291.1	125000	190	0.085351
(474,1065)(60151,78466)(50000,100000)	JASDQU010439295.1	75000	593	0.145738
(1209,2504)(52461,74330)(50000,100000)	JASDQU010439299.1	75000	1297	0.221685
(869,1340)(198535,199006)(150000,200000)	JASDQU010439340.1	175000	473	0.039719
(733,959)(55044,55460)(50000,100000)	JASDQU010439456.1	75000	228	0.047284
(1032,1608)(50744,56577)(50000,100000)	JASDQU010439472.1	75000	578	0.111636
(530,1147)(53718,54362)(50000,100000)	JASDQU010439490.1	75000	619	0.162138
(323,1114)(62182,62997)(50000,100000)	JASDQU010439495.1	75000	793	0.545139
(655,4946)(63523,69593)(50000,100000)	JASDQU010439599.1	75000	4293	0.433285
(191,360)(180981,181257)(150000,200000)	JASDQU010439611.1	175000	171	0.066407
(1187,1377)(72567,72818)(50000,100000)	JASDQU010439618.1	75000	192	0.034834
(2451,4048)(50000,51597)(50000,100000)	JASDQU010439708.1	75000	1599	0.025395
(1254,2186)(50000,56883)(50000,100000)	JASDQU010439741.1	75000	934	0.139373
(1077,2719)(55385,57097)(50000,100000)	JASDQU010439753.1	75000	1644	0.376040
(2542,2721)(108096,108303)(100000,150000)	JASDQU010439822.1	125000	181	0.116800
(157,516)(151232,154353)(150000,200000)	JASDQU010440018.1	175000	361	0.389545
(174,3919)(55783,91883)(50000,100000)	JASDQU010440038.1	75000	3747	0.222037
(329,550)(50000,50228)(50000,100000)	JASDQU010440044.1	75000	223	0.056361
(265,917)(100826,109235)(100000,150000)	JASDQU010440056.1	125000	654	0.362497
(403,1066)(118657,119323)(100000,150000)	JASDQU010440173.1	125000	665	0.607029
(955,2538)(54149,55945)(50000,100000)	JASDQU010440218.1	75000	1585	0.201103
(1706,2137)(109115,109560)(100000,150000)	JASDQU010440232.1	125000	433	0.382158
(159,576)(52164,88965)(50000,100000)	JASDQU010440305.1	75000	419	0.035704
(430,853)(75071,86469)(50000,100000)	JASDQU010456293.1	75000	425	0.066445
(21,32)(119775,119796)(100000,150000)	JASDQU010459684.1	125000	13	0.048388
(135,1454)(212750,214071)(200000,250000)	JASDQU010460674.1	225000	1321	0.300468
(336,697)(109913,110281)(100000,150000)	JASDQU010464186.1	125000	363	0.033576
(2290,2378)(75573,75707)(50000,100000)	JASDQU010471271.1	75000	90	0.080272
(269,884)(150000,150629)(150000,200000)	JASDQU010472828.1	175000	617	0.264746
(720,779)(88271,88334)(50000,100000)	JASDQU010473791.1	75000	61	0.077234
(1522,1624)(54875,54980)(50000,100000)	JASDQU010500346.1	75000	104	0.338903
(867,2463)(50163,58428)(50000,100000)	JASDQU010500390.1	75000	1598	0.693877
(550,563)(83097,83116)(50000,100000)	JASDQU010500409.1	75000	15	0.052225
(831,2280)(50000,51452)(50000,100000)	JASDQU010500480.1	75000	1451	0.152324
(141,1437)(111466,113294)(100000,150000)	JASDQU010500630.1	125000	1298	0.664094
(2913,5618)(56839,62387)(50000,100000)	JASDQU010500637.1	75000	2707	0.642644
(424,630)(51243,51623)(50000,100000)	JASDQU010500652.1	75000	208	0.271235
(702,1071)(50125,51493)(50000,100000)	JASDQU010500669.1	75000	371	0.497609
(1,1063)(87156,88263)(50000,100000)	JASDQU010500672.1	75000	1064	0.223272
(254,510)(85858,86175)(50000,100000)	JASDQU010500708.1	75000	258	0.471387
(523,537)(59013,59061)(50000,100000)	JASDQU010500747.1	75000	16	0.040233
(5245,5334)(80922,81014)(50000,100000)	JASDQU010500757.1	75000	91	0.024769
(87,7052)(80695,93444)(50000,100000)	JASDQU010500849.1	75000	6967	0.224511
(1576,1759)(82052,82254)(50000,100000)	JASDQU010500906.1	75000	185	0.020551
(49,1167)(55924,83045)(50000,100000)	JASDQU010500928.1	75000	1120	0.013406
(109,326)(50000,50218)(50000,100000)	JASDQU010500975.1	75000	219	0.259965
(1471,1687)(157705,157948)(150000,200000)	JASDQU010500987.1	175000	218	0.258496
(1059,1868)(78748,79560)(50000,100000)	JASDQU010501005.1	75000	811	0.175961
(299,1047)(77848,88829)(50000,100000)	JASDQU010501012.1	75000	750	0.224804
(115,635)(70198,70721)(50000,100000)	JASDQU010501015.1	75000	522	0.082225
(649,933)(89333,89625)(50000,100000)	JASDQU010501233.1	75000	286	0.042273
(130,1831)(160004,187644)(150000,200000)	JASDQU010501354.1	175000	1703	0.288967
(177,624)(51814,53468)(50000,100000)	JASDQU010501461.1	75000	449	0.099523
(2532,2575)(70030,70079)(50000,100000)	JASDQU010501485.1	75000	45	0.020970
(387,620)(59078,59311)(50000,100000)	JASDQU010501495.1	75000	235	0.164534
(1003,1005)(59501,59503)(50000,100000)	JASDQU010501510.1	75000	4	0.057285
(149,2352)(52525,54757)(50000,100000)	JASDQU010501552.1	75000	2205	0.355635
(596,1826)(101320,115583)(100000,150000)	JASDQU010501592.1	125000	1232	0.095072
(1363,2535)(72351,77158)(50000,100000)	JASDQU010501654.1	75000	1174	0.027445
(210,335)(61228,61353)(50000,100000)	JASDQU010501714.1	75000	127	0.580624
(395,1047)(118231,118893)(100000,150000)	JASDQU010501734.1	125000	654	0.342841
(364,1874)(50731,79065)(50000,100000)	JASDQU010501741.1	75000	1512	0.011073
(25,128)(108069,108207)(100000,150000)	JASDQU010501811.1	125000	105	0.347885
(219,1096)(59457,60344)(50000,100000)	JASDQU010501888.1	75000	879	0.248464
(336,903)(50753,93430)(50000,100000)	JASDQU010501972.1	75000	569	0.020734
(207,724)(100000,100520)(100000,150000)	JASDQU010502422.1	125000	519	0.118734
(341,2425)(133940,138349)(100000,150000)	JASDQU010502425.1	125000	2086	0.470433
(86,3246)(50000,56886)(50000,100000)	JASDQU010502461.1	75000	3162	0.353194
(117,134)(87660,87704)(50000,100000)	JASDQU010502504.1	75000	19	0.003262
(16,1086)(65087,74526)(50000,100000)	JASDQU010502526.1	75000	1072	0.030380
(626,1243)(75469,76146)(50000,100000)	JASDQU010502580.1	75000	619	0.771344
(1081,1212)(58028,58163)(50000,100000)	JASDQU010502794.1	75000	133	0.059982
(1213,1239)(155921,155952)(150000,200000)	JASDQU010502794.1	175000	28	0.075256
(1824,2107)(50000,50283)(50000,100000)	JASDQU010502835.1	75000	285	0.231948
(766,1778)(50926,53557)(50000,100000)	JASDQU010502839.1	75000	1014	0.696486
(1428,1597)(123590,123769)(100000,150000)	JASDQU010502909.1	125000	171	0.033388
(1144,1486)(97895,98398)(50000,100000)	JASDQU010502919.1	75000	344	0.036839
(1278,1913)(51317,51957)(50000,100000)	JASDQU010502970.1	75000	637	0.278243
(878,1560)(100575,101265)(100000,150000)	JASDQU010503104.1	125000	684	0.069370
(1899,2242)(50000,50343)(50000,100000)	JASDQU010503300.1	75000	345	0.515373
(1580,2408)(61065,82981)(50000,100000)	JASDQU010503306.1	75000	830	0.135829
(1040,2240)(50013,51654)(50000,100000)	JASDQU010503463.1	75000	1202	0.508415
(149,343)(83017,83216)(50000,100000)	JASDQU010503518.1	75000	196	0.258731
(9,703)(55865,56562)(50000,100000)	JASDQU010503537.1	75000	696	0.136177
(1048,4522)(100938,105063)(100000,150000)	JASDQU010503593.1	125000	3476	0.592384
(3187,4671)(54244,57481)(50000,100000)	JASDQU010503616.1	75000	1486	0.082161
(77,901)(82366,83193)(50000,100000)	JASDQU010503707.1	75000	826	0.522960
(759,3058)(50000,68264)(50000,100000)	JASDQU010503750.1	75000	2301	0.347400
(1070,1092)(84871,84900)(50000,100000)	JASDQU010503819.1	75000	24	0.160988
(448,1311)(51844,67066)(50000,100000)	JASDQU010503846.1	75000	865	0.180905
(1954,2330)(88245,88741)(50000,100000)	JASDQU010503906.1	75000	378	0.110147
(458,1355)(93246,94144)(50000,100000)	JASDQU010504139.1	75000	899	0.065743
(323,1027)(250000,250711)(250000,300000)	JASDQU010504177.1	275000	706	0.092123
(447,1036)(54470,55067)(50000,100000)	JASDQU010504236.1	75000	591	0.388383
(42,132)(56193,56300)(50000,100000)	JASDQU010504246.1	75000	92	0.233445
(95,1151)(50001,85363)(50000,100000)	JASDQU010504341.1	75000	1058	0.237438
(1206,1411)(72354,72735)(50000,100000)	JASDQU010504494.1	75000	207	0.138446
(157,1244)(90678,91768)(50000,100000)	JASDQU010504528.1	75000	1089	0.104453
(1103,1717)(85492,86112)(50000,100000)	JASDQU010504547.1	75000	616	0.167277
(956,1166)(97359,97592)(50000,100000)	JASDQU010504655.1	75000	212	0.031288
(267,726)(55800,56269)(50000,100000)	JASDQU010504657.1	75000	461	0.256476
(353,924)(73611,74203)(50000,100000)	JASDQU010504759.1	75000	573	0.438878
(569,1139)(53181,53753)(50000,100000)	JASDQU010504841.1	75000	572	0.329152
(1399,1568)(50510,50679)(50000,100000)	JASDQU010504872.1	75000	171	0.036770
(11,832)(127368,128253)(100000,150000)	JASDQU010504913.1	125000	823	0.102497
(366,564)(70678,70918)(50000,100000)	JASDQU010504914.1	75000	200	0.037580
(81,326)(66482,66737)(50000,100000)	JASDQU010505292.1	75000	247	0.044654
(970,1696)(50091,51410)(50000,100000)	JASDQU010505444.1	75000	728	0.271993
(3419,6104)(118066,120758)(100000,150000)	JASDQU010505476.1	125000	2687	0.460184
(21,723)(56773,63822)(50000,100000)	JASDQU010505548.1	75000	704	0.186362
(3617,5272)(66569,68240)(50000,100000)	JASDQU010505586.1	75000	1657	0.513756
(2787,2886)(53743,53893)(50000,100000)	JASDQU010505588.1	75000	101	0.183956
(281,1022)(105007,105779)(100000,150000)	JASDQU010505638.1	125000	743	0.757880
(142,180)(55802,55879)(50000,100000)	JASDQU010505772.1	75000	40	0.037640
(697,1467)(50323,51342)(50000,100000)	JASDQU010505968.1	75000	772	0.246414
(468,660)(54798,55027)(50000,100000)	JASDQU010506021.1	75000	194	0.256551
(186,4222)(51735,56139)(50000,100000)	JASDQU010506142.1	75000	4038	0.544409
(956,1949)(81871,96838)(50000,100000)	JASDQU010506372.1	75000	995	0.225918
(420,516)(62982,63222)(50000,100000)	JASDQU010506402.1	75000	98	0.037837
(394,788)(53194,53661)(50000,100000)	JASDQU010506429.1	75000	396	0.025070
(54,311)(65710,66011)(50000,100000)	JASDQU010506495.1	75000	259	0.031318
(759,1562)(196222,197034)(150000,200000)	JASDQU010506521.1	175000	805	0.012068
(766,2661)(62490,65734)(50000,100000)	JASDQU010506522.1	75000	1897	0.376777
(94,2954)(50000,88814)(50000,100000)	JASDQU010506594.1	75000	2862	0.463648
(205,329)(152139,152341)(150000,200000)	JASDQU010506663.1	175000	126	0.159583
(234,526)(58154,58451)(50000,100000)	JASDQU010506731.1	75000	294	0.007922
(571,1299)(86254,86989)(50000,100000)	JASDQU010506741.1	75000	730	0.379833
(50,622)(93840,94420)(50000,100000)	JASDQU010506777.1	75000	574	0.030475
(329,413)(75209,75302)(50000,100000)	JASDQU010506871.1	75000	86	0.009642
(591,882)(61734,62231)(50000,100000)	JASDQU010507047.1	75000	293	0.541240
(620,1057)(104910,105365)(100000,150000)	JASDQU010507151.1	125000	439	0.218150
(1367,1792)(50000,50453)(50000,100000)	JASDQU010507460.1	75000	427	0.023715
(697,1117)(72293,72713)(50000,100000)	JASDQU010507657.1	75000	422	-0.000707
(3096,3993)(89046,89986)(50000,100000)	JASDQU010507837.1	75000	899	0.182380
(1204,1453)(73105,73372)(50000,100000)	JASDQU010507919.1	75000	251	0.031109
(969,1908)(50051,50993)(50000,100000)	JASDQU010508046.1	75000	941	0.338231
(60,1008)(50255,51347)(50000,100000)	JASDQU010508226.1	75000	950	0.322177
(3626,4668)(115072,116169)(100000,150000)	JASDQU010508234.1	125000	1044	0.161372
(1115,1300)(57101,57289)(50000,100000)	JASDQU010508320.1	75000	187	0.033638
(2501,2563)(52236,52303)(50000,100000)	JASDQU010508336.1	75000	64	0.031461
(4075,5816)(58061,89732)(50000,100000)	JASDQU010508559.1	75000	1743	0.268857
(1381,1465)(54150,54238)(50000,100000)	JASDQU010508688.1	75000	86	0.010214
(287,985)(74710,82582)(50000,100000)	JASDQU010508889.1	75000	700	0.622296
(332,2046)(89211,91454)(50000,100000)	JASDQU010509026.1	75000	1716	0.196633
(424,657)(55597,55855)(50000,100000)	JASDQU010509051.1	75000	235	0.333151
(809,905)(52519,52697)(50000,100000)	JASDQU010509079.1	75000	98	0.189538
(126,1587)(53198,61549)(50000,100000)	JASDQU010509256.1	75000	1463	0.098447
(38,581)(58100,58654)(50000,100000)	JASDQU010509378.1	75000	545	0.467359
(57,847)(87274,90142)(50000,100000)	JASDQU010509490.1	75000	792	0.419720
(6,786)(63532,64835)(50000,100000)	JASDQU010509532.1	75000	782	0.292652
(94,166)(100015,100092)(100000,150000)	JASDQU010509622.1	125000	74	0.171097
(643,2040)(71422,90347)(50000,100000)	JASDQU010509686.1	75000	1399	0.067452
(546,863)(56801,62983)(50000,100000)	JASDQU010509695.1	75000	319	0.073956
(296,469)(50000,57585)(50000,100000)	JASDQU010509709.1	75000	175	0.017769
(291,1289)(73646,74655)(50000,100000)	JASDQU010509712.1	75000	1000	0.089808
(943,1307)(94249,94620)(50000,100000)	JASDQU010509730.1	75000	366	0.019772
(130,408)(117095,117490)(100000,150000)	JASDQU010509745.1	125000	280	0.054333
(586,624)(55785,55839)(50000,100000)	JASDQU010509892.1	75000	40	0.168899
(440,1206)(122577,123346)(100000,150000)	JASDQU010509906.1	125000	768	0.463220
(2239,2695)(61370,61843)(50000,100000)	JASDQU010515047.1	75000	458	0.072797
(301,738)(50000,50442)(50000,100000)	JASDQU010515200.1	75000	439	0.082286
(848,1339)(79788,80384)(50000,100000)	JASDQU010515226.1	75000	493	0.242817
(121,307)(50193,50403)(50000,100000)	JASDQU010515235.1	75000	188	0.012392
(944,1976)(50752,51805)(50000,100000)	JASDQU010538618.1	75000	1034	0.180924
(941,1434)(53148,88965)(50000,100000)	JASDQU010560008.1	75000	495	0.059050
(227,239)(148392,148419)(100000,150000)	JASDQU010571456.1	125000	14	0.077075
(240,514)(159977,173233)(150000,200000)	JASDQU010571456.1	175000	276	0.034132
(515,516)(210106,210107)(200000,250000)	JASDQU010571456.1	225000	3	0.041608
(1905,2036)(117223,118255)(100000,150000)	JASDQU010583033.1	125000	133	0.062127
(127,1783)(73447,75114)(50000,100000)	JASDQU010585296.1	75000	1658	0.112699
(168,2395)(61618,63952)(50000,100000)	JASDQU010585337.1	75000	2229	0.346136
(1351,1760)(58271,58704)(50000,100000)	JASDQU010585361.1	75000	411	0.238301
(583,829)(53848,61616)(50000,100000)	JASDQU010585370.1	75000	248	0.079188
(408,1047)(70994,71656)(50000,100000)	JASDQU010585481.1	75000	641	0.139859
(3085,4040)(68456,79800)(50000,100000)	JASDQU010585565.1	75000	957	0.056010
(224,816)(69099,69776)(50000,100000)	JASDQU010585642.1	75000	594	0.258681
(735,1501)(96251,97586)(50000,100000)	JASDQU010585676.1	75000	768	0.024399
(533,1359)(50382,55035)(50000,100000)	JASDQU010585793.1	75000	828	0.060179
(139,1342)(50981,54625)(50000,100000)	JASDQU010585802.1	75000	1205	0.036576
(1033,1930)(78336,90350)(50000,100000)	JASDQU010585885.1	75000	899	0.344659
(632,835)(68006,68274)(50000,100000)	JASDQU010585917.1	75000	205	0.045783
(63,499)(54093,54549)(50000,100000)	JASDQU010585943.1	75000	438	0.108700
(772,5015)(143422,147716)(100000,150000)	JASDQU010585957.1	125000	4245	0.406257
(3528,4350)(203612,212578)(200000,250000)	JASDQU010585965.1	225000	824	0.514321
(3473,3986)(102647,103181)(100000,150000)	JASDQU010585996.1	125000	515	0.370292
(2204,4131)(55837,60497)(50000,100000)	JASDQU010586005.1	75000	1929	0.193403
(357,491)(61970,62107)(50000,100000)	JASDQU010586112.1	75000	136	0.039695
(1171,1593)(52135,52625)(50000,100000)	JASDQU010586129.1	75000	424	0.453296
(222,1499)(103781,105090)(100000,150000)	JASDQU010586143.1	125000	1279	0.149576
(907,917)(65361,65371)(50000,100000)	JASDQU010586162.1	75000	12	-0.017763
(29,986)(112240,148976)(100000,150000)	JASDQU010586411.1	125000	959	0.187829
(670,1325)(86305,86961)(50000,100000)	JASDQU010586467.1	75000	657	0.629839
(810,860)(69670,69795)(50000,100000)	JASDQU010586487.1	75000	52	0.071184
(730,1183)(56482,56938)(50000,100000)	JASDQU010586610.1	75000	455	0.083536
(886,1773)(66386,89494)(50000,100000)	JASDQU010586706.1	75000	889	0.031008
(1062,5110)(72526,76869)(50000,100000)	JASDQU010586836.1	75000	4050	0.236037
(364,383)(50025,50054)(50000,100000)	JASDQU010586937.1	75000	21	0.296069
(1712,3852)(50154,52786)(50000,100000)	JASDQU010587147.1	75000	2142	0.128814
(134,2501)(80390,84180)(50000,100000)	JASDQU010587189.1	75000	2369	0.364119
(872,895)(50000,50023)(50000,100000)	JASDQU010587229.1	75000	25	0.069584
(2482,6173)(50000,62717)(50000,100000)	JASDQU010587381.1	75000	3693	0.425826
(200,2718)(101068,118945)(100000,150000)	JASDQU010587510.1	125000	2520	0.509810
(31,313)(92441,92895)(50000,100000)	JASDQU010587533.1	75000	284	0.116373
(353,1432)(62744,63865)(50000,100000)	JASDQU010587727.1	75000	1081	0.621748
(1095,1213)(83454,83694)(50000,100000)	JASDQU010587734.1	75000	120	0.051896
(3422,3873)(191166,191843)(150000,200000)	JASDQU010587814.1	175000	453	0.105114
(717,1706)(50000,70464)(50000,100000)	JASDQU010587871.1	75000	991	0.172122
(632,3718)(58115,83172)(50000,100000)	JASDQU010587886.1	75000	3088	0.625194
(141,2387)(63161,98993)(50000,100000)	JASDQU010587974.1	75000	2248	0.028099
(12,102)(75250,75357)(50000,100000)	JASDQU010588051.1	75000	92	0.007064
(1776,2010)(51428,51698)(50000,100000)	JASDQU010588081.1	75000	236	0.098584
(113,1228)(76404,88535)(50000,100000)	JASDQU010588196.1	75000	1117	0.158220
(1124,1413)(53880,96046)(50000,100000)	JASDQU010588260.1	75000	291	0.049221
(1273,1307)(57932,57970)(50000,100000)	JASDQU010588553.1	75000	36	0.034814
(12,294)(94186,95169)(50000,100000)	JASDQU010588554.1	75000	284	0.537203
(1559,1819)(100612,101396)(100000,150000)	JASDQU010588706.1	125000	262	0.039806
(323,1550)(54522,70218)(50000,100000)	JASDQU010588800.1	75000	1229	0.135688
(1672,4912)(50011,53476)(50000,100000)	JASDQU010588875.1	75000	3242	0.472179
(816,904)(53835,53940)(50000,100000)	JASDQU010588981.1	75000	90	0.079390
(594,1210)(50734,51366)(50000,100000)	JASDQU010589047.1	75000	618	0.843499
(398,896)(101000,101551)(100000,150000)	JASDQU010589169.1	125000	500	0.248337
(1713,5719)(155577,159707)(150000,200000)	JASDQU010589222.1	175000	4008	0.126128
(618,1102)(58823,59365)(50000,100000)	JASDQU010589237.1	75000	486	0.209611
(182,2379)(50000,52733)(50000,100000)	JASDQU010589335.1	75000	2199	0.172784
(1239,1897)(78999,79666)(50000,100000)	JASDQU010589457.1	75000	660	0.329431
(881,3060)(52563,56883)(50000,100000)	JASDQU010589472.1	75000	2181	0.512419
(940,1631)(50852,51908)(50000,100000)	JASDQU010589488.1	75000	693	0.333421
(1201,1377)(150633,150809)(150000,200000)	JASDQU010589614.1	175000	178	0.033292
(282,479)(67433,67644)(50000,100000)	JASDQU010589642.1	75000	199	0.187151
(161,292)(52404,52550)(50000,100000)	JASDQU010589662.1	75000	133	0.227303
(130,617)(61879,62368)(50000,100000)	JASDQU010589665.1	75000	489	0.260324
(1143,2683)(138194,139740)(100000,150000)	JASDQU010589726.1	125000	1542	0.387605
(1999,2796)(50000,62181)(50000,100000)	JASDQU010589840.1	75000	799	0.230836
(1068,1980)(78681,79698)(50000,100000)	JASDQU010589906.1	75000	914	0.091131
(9,96)(117063,117168)(100000,150000)	JASDQU010589928.1	125000	89	0.074731
(87,703)(79555,80175)(50000,100000)	JASDQU010589967.1	75000	618	-0.013609
(713,1416)(50000,50878)(50000,100000)	JASDQU010589976.1	75000	705	0.170410
(530,925)(76571,80116)(50000,100000)	JASDQU010589982.1	75000	397	0.445769
(134,818)(67268,67970)(50000,100000)	JASDQU010590025.1	75000	686	0.274860
(127,632)(50047,51948)(50000,100000)	JASDQU010590035.1	75000	507	0.017158
(3493,5272)(81430,83586)(50000,100000)	JASDQU010590131.1	75000	1781	0.395057
(76,545)(70797,71285)(50000,100000)	JASDQU010590138.1	75000	471	0.006609
(90,1127)(97683,99261)(50000,100000)	JASDQU010590190.1	75000	1039	0.615029
(635,879)(51101,51349)(50000,100000)	JASDQU010590214.1	75000	246	0.068016
(2314,2804)(50000,50621)(50000,100000)	JASDQU010590245.1	75000	492	0.175835
(184,2670)(109819,114130)(100000,150000)	JASDQU010611619.1	125000	2488	0.209173
(1833,4261)(82505,94523)(50000,100000)	JASDQU010678329.1	75000	2430	0.051749
(243,524)(65858,66145)(50000,100000)	JASDQU010680305.1	75000	283	-0.041716
(139,2112)(50595,52576)(50000,100000)	JASDQU010680339.1	75000	1975	0.041384
(1005,1076)(56530,56630)(50000,100000)	JASDQU010680387.1	75000	73	0.036241
(1060,4578)(100000,112696)(100000,150000)	JASDQU010680452.1	125000	3520	0.330515
(1784,3836)(59659,68577)(50000,100000)	JASDQU010680620.1	75000	2054	0.145353
(3100,4985)(52723,57226)(50000,100000)	JASDQU010680647.1	75000	1887	0.039201
(1779,2120)(51313,51655)(50000,100000)	JASDQU010680694.1	75000	343	0.196341
(83,282)(77913,87005)(50000,100000)	JASDQU010680727.1	75000	201	0.001906
(1769,2443)(111559,112301)(100000,150000)	JASDQU010680732.1	125000	676	0.382763
(1795,2578)(63345,64194)(50000,100000)	JASDQU010680913.1	75000	785	0.164451
(2114,2206)(133662,133759)(100000,150000)	JASDQU010680926.1	125000	94	0.110826
(81,86)(65701,65740)(50000,100000)	JASDQU010681047.1	75000	7	0.040124
(396,398)(92086,92088)(50000,100000)	JASDQU010681065.1	75000	4	0.045366
(1,218)(60430,60715)(50000,100000)	JASDQU010681149.1	75000	219	0.655250
(6985,7134)(72166,72458)(50000,100000)	JASDQU010681247.1	75000	151	0.018924
(526,881)(74106,74462)(50000,100000)	JASDQU010681275.1	75000	357	0.180434
(2559,3468)(50000,51266)(50000,100000)	JASDQU010681302.1	75000	911	0.120332
(56,125)(54732,62542)(50000,100000)	JASDQU010681311.1	75000	71	0.065864
(316,332)(54829,54877)(50000,100000)	JASDQU010681317.1	75000	18	0.043512
(25,727)(97399,98129)(50000,100000)	JASDQU010681355.1	75000	704	0.450536
(487,1576)(54195,58012)(50000,100000)	JASDQU010681403.1	75000	1091	0.375012
(28,718)(101503,102240)(100000,150000)	JASDQU010681404.1	125000	692	0.115988
(3400,4132)(54638,61020)(50000,100000)	JASDQU010681504.1	75000	734	0.526787
(1146,1666)(57862,58677)(50000,100000)	JASDQU010681533.1	75000	522	0.201564
(498,1047)(129373,129944)(100000,150000)	JASDQU010681572.1	125000	551	0.157041
(523,553)(97975,98033)(50000,100000)	JASDQU010681782.1	75000	32	0.006332
(297,1277)(51784,52774)(50000,100000)	JASDQU010681822.1	75000	982	0.064921
(118,271)(78353,78521)(50000,100000)	JASDQU010681829.1	75000	155	0.104163
(1749,1867)(56719,56845)(50000,100000)	JASDQU010681862.1	75000	120	0.061472
(2347,5310)(50000,99999)(50000,100000)	JASDQU010681907.1	75000	2965	0.051040
(489,1455)(144414,145870)(100000,150000)	JASDQU010682080.1	125000	968	0.247290
(480,517)(149962,149999)(100000,150000)	JASDQU010682097.1	125000	39	0.064404
(1791,2086)(100000,100360)(100000,150000)	JASDQU010682109.1	125000	297	0.057730
(279,892)(54768,55432)(50000,100000)	JASDQU010682230.1	75000	615	0.045514
(57,2715)(51634,57966)(50000,100000)	JASDQU010682271.1	75000	2660	0.036437
(2464,3349)(53322,54209)(50000,100000)	JASDQU010682298.1	75000	887	0.151289
(690,738)(84470,84518)(50000,100000)	JASDQU010682327.1	75000	50	0.053338
(786,2069)(86134,88698)(50000,100000)	JASDQU010682362.1	75000	1285	0.263089
(4,662)(72402,73083)(50000,100000)	JASDQU010682381.1	75000	660	0.197622
(719,889)(50000,50170)(50000,100000)	JASDQU010682409.1	75000	172	-0.006023
(409,1088)(50000,50685)(50000,100000)	JASDQU010682443.1	75000	681	0.502647
(1115,1289)(52734,52937)(50000,100000)	JASDQU010682539.1	75000	176	0.496200
(247,1201)(78155,79118)(50000,100000)	JASDQU010682569.1	75000	956	0.175189
(1069,3229)(50000,62843)(50000,100000)	JASDQU010682644.1	75000	2162	0.259172
(684,1031)(127119,134409)(100000,150000)	JASDQU010682677.1	125000	349	0.017362
(1266,1648)(64649,74688)(50000,100000)	JASDQU010683026.1	75000	384	0.122749
(614,1457)(66517,67364)(50000,100000)	JASDQU010683059.1	75000	845	0.326452
(2253,2602)(81586,82052)(50000,100000)	JASDQU010683150.1	75000	351	0.035331
(1044,2658)(60844,62476)(50000,100000)	JASDQU010683314.1	75000	1616	0.227722
(437,752)(59380,59697)(50000,100000)	JASDQU010683353.1	75000	317	0.138034
(188,878)(101375,102071)(100000,150000)	JASDQU010683468.1	125000	692	0.063976
(581,879)(73709,74159)(50000,100000)	JASDQU010683502.1	75000	300	0.056187
(103,194)(181591,181704)(150000,200000)	JASDQU010683658.1	175000	93	0.070020
(64,1527)(59295,97758)(50000,100000)	JASDQU010683680.1	75000	1465	0.168444
(2018,4385)(57042,59566)(50000,100000)	JASDQU010683894.1	75000	2369	0.103972
(3294,4422)(53573,54749)(50000,100000)	JASDQU010683995.1	75000	1130	0.174093
(96,265)(90597,90771)(50000,100000)	JASDQU010684025.1	75000	171	0.033371
(389,700)(53685,94237)(50000,100000)	JASDQU010684264.1	75000	313	0.033848
(413,1217)(144952,145775)(100000,150000)	JASDQU010684322.1	125000	806	0.065913
(83,525)(67347,67815)(50000,100000)	JASDQU010684354.1	75000	444	0.040580
(4463,4887)(56414,56890)(50000,100000)	JASDQU010684406.1	75000	426	0.161371
(610,814)(50174,50564)(50000,100000)	JASDQU010684603.1	75000	206	0.041115
(1863,3552)(50000,51717)(50000,100000)	JASDQU010684749.1	75000	1691	0.386709
(1053,1133)(50000,50080)(50000,100000)	JASDQU010684810.1	75000	82	0.792103
(19,53)(50557,50631)(50000,100000)	JASDQU010684814.1	75000	36	0.045754
(734,1490)(120377,121212)(100000,150000)	JASDQU010684867.1	125000	758	0.526707
(976,1721)(51242,52014)(50000,100000)	JASDQU010684878.1	75000	747	0.153638
(5206,5542)(50000,50344)(50000,100000)	JASDQU010685244.1	75000	338	0.027045
(1338,3688)(75647,91323)(50000,100000)	JASDQU010685252.1	75000	2352	0.063774
(679,1457)(75033,75816)(50000,100000)	JASDQU010685395.1	75000	780	0.386525
(387,1298)(50000,50931)(50000,100000)	JASDQU010685674.1	75000	913	0.053697
(337,1291)(69168,70122)(50000,100000)	JASDQU010685712.1	75000	956	0.118144
(2048,5169)(84267,94529)(50000,100000)	JASDQU010685757.1	75000	3123	0.580555
(462,628)(50153,50387)(50000,100000)	JASDQU010685762.1	75000	168	0.134975
(1935,2185)(68602,68859)(50000,100000)	JASDQU010685964.1	75000	252	0.004634
(247,552)(54026,54365)(50000,100000)	JASDQU010686082.1	75000	307	0.670297
(113,573)(78793,79267)(50000,100000)	JASDQU010686169.1	75000	462	0.500046
(1461,2659)(59262,60721)(50000,100000)	JASDQU010686242.1	75000	1200	0.460075
(1224,1364)(157203,157358)(150000,200000)	JASDQU010686359.1	175000	142	0.118413
(878,5034)(50000,74009)(50000,100000)	JASDQU010686386.1	75000	4158	0.208528
(710,789)(50373,50480)(50000,100000)	JASDQU010686436.1	75000	81	0.129020
(2110,2958)(50000,52216)(50000,100000)	JASDQU010686552.1	75000	850	0.007973
(445,1207)(64680,65647)(50000,100000)	JASDQU010686597.1	75000	764	0.397902
(3600,6355)(50000,53070)(50000,100000)	JASDQU010686610.1	75000	2757	0.540746
(62,371)(62796,63192)(50000,100000)	JASDQU010686737.1	75000	311	-0.004322
(235,884)(52204,69551)(50000,100000)	JASDQU010686746.1	75000	651	0.317980
(16,735)(90917,91641)(50000,100000)	JASDQU010686839.1	75000	721	0.178628
(253,1262)(52143,60823)(50000,100000)	JASDQU010686901.1	75000	1011	-0.000306
(3445,6517)(50000,80105)(50000,100000)	JASDQU010687047.1	75000	3074	0.414870
(517,1208)(70126,70837)(50000,100000)	JASDQU010687073.1	75000	693	0.497332
(325,369)(60552,60638)(50000,100000)	JASDQU010687108.1	75000	46	0.038166
(1225,2764)(50141,54440)(50000,100000)	JASDQU010687144.1	75000	1541	0.091722
(193,319)(54005,54133)(50000,100000)	JASDQU010687242.1	75000	128	0.046432
(5025,5431)(73887,74556)(50000,100000)	JASDQU010687285.1	75000	408	0.284995
(134,259)(62231,62405)(50000,100000)	JASDQU010687345.1	75000	127	0.234055
(712,2807)(51701,53847)(50000,100000)	JASDQU010687357.1	75000	2097	0.338300
(510,1218)(62474,75196)(50000,100000)	JASDQU010687372.1	75000	710	0.139909
(89,417)(69228,69558)(50000,100000)	JASDQU010687584.1	75000	330	0.719637
(856,2327)(88256,91361)(50000,100000)	JASDQU010687709.1	75000	1473	0.328084
(932,1010)(127394,127505)(100000,150000)	JASDQU010687748.1	125000	80	0.234218
(1262,1283)(50003,50032)(50000,100000)	JASDQU010687851.1	75000	23	0.062877
(917,1162)(52812,53112)(50000,100000)	JASDQU010687941.1	75000	247	0.040729
(433,788)(89322,90995)(50000,100000)	JASDQU010688074.1	75000	357	0.069859
(3326,3948)(55847,56490)(50000,100000)	JASDQU010688112.1	75000	624	0.420599
(153,1756)(57964,59580)(50000,100000)	JASDQU010688350.1	75000	1605	0.514292
(203,375)(74471,74648)(50000,100000)	JASDQU010688427.1	75000	174	0.003550
(565,1647)(71993,73888)(50000,100000)	JASDQU010688625.1	75000	1084	0.138981
(1074,1181)(71673,71899)(50000,100000)	JASDQU010688664.1	75000	109	0.193078
(834,944)(78420,78554)(50000,100000)	JASDQU010688780.1	75000	112	-0.019763
(1403,1548)(60948,61094)(50000,100000)	JASDQU010688875.1	75000	147	-0.006805
(2857,3303)(50000,50446)(50000,100000)	JASDQU010688988.1	75000	448	0.029617
(215,826)(56222,56842)(50000,100000)	JASDQU010688999.1	75000	613	0.216341
(126,1439)(56041,74249)(50000,100000)	JASDQU010689234.1	75000	1315	0.192911
(97,586)(69731,70264)(50000,100000)	JASDQU010689259.1	75000	491	0.179622
(153,952)(57573,58378)(50000,100000)	JASDQU010689431.1	75000	801	0.037683
(5010,5163)(78699,78874)(50000,100000)	JASDQU010689435.1	75000	155	0.113961
(777,1319)(61196,61983)(50000,100000)	JASDQU010689486.1	75000	544	0.178374
(1232,1311)(70948,71033)(50000,100000)	JASDQU010689634.1	75000	81	0.078426
(763,3574)(55976,59882)(50000,100000)	JASDQU010689820.1	75000	2813	0.095222
(1883,7316)(50000,62521)(50000,100000)	JASDQU010689840.1	75000	5435	0.238304
(1005,1239)(52876,57756)(50000,100000)	JASDQU010689968.1	75000	236	0.014729
(33,1143)(93503,94742)(50000,100000)	JASDQU010689976.1	75000	1112	0.118677
(135,915)(106288,129132)(100000,150000)	JASDQU010689988.1	125000	782	0.050500
(1218,1502)(76475,80777)(50000,100000)	JASDQU010690031.1	75000	286	0.005457
(12,425)(82362,82796)(50000,100000)	JASDQU010690044.1	75000	415	0.093501
(320,704)(50014,50441)(50000,100000)	JASDQU010690100.1	75000	386	0.243385
(652,1090)(57972,58579)(50000,100000)	JASDQU010710077.1	75000	440	0.010061
(463,1262)(50000,50799)(50000,100000)	JASDQU010710482.1	75000	801	0.971828
(513,583)(52473,52546)(50000,100000)	JASDQU010711004.1	75000	72	0.131176
(126,128)(52472,52474)(50000,100000)	JASDQU010711077.1	75000	4	0.048069
(1657,1754)(196995,197363)(150000,200000)	JASDQU010711520.1	175000	99	-0.008014
(1187,2299)(50245,51369)(50000,100000)	JASDQU010711556.1	75000	1114	0.302072
(351,1148)(72124,98030)(50000,100000)	JASDQU010712096.1	75000	799	0.120651
(701,712)(125784,125887)(100000,150000)	JASDQU010724423.1	125000	13	0.091285
(1429,1574)(64545,64690)(50000,100000)	JASDQU010735111.1	75000	147	0.007790
(271,378)(67252,67362)(50000,100000)	JASDQU010735162.1	75000	109	0.193617
(262,343)(52810,52911)(50000,100000)	JASDQU010735174.1	75000	83	0.188353
(481,485)(86771,86777)(50000,100000)	JASDQU010735178.1	75000	6	0.035973
(425,551)(183169,183298)(150000,200000)	JASDQU010735266.1	175000	128	0.037864
(502,541)(57589,57698)(50000,100000)	JASDQU010735271.1	75000	41	-0.002750
(176,192)(89328,89349)(50000,100000)	JASDQU010735277.1	75000	18	0.143927
(1626,3952)(201393,203991)(200000,250000)	JASDQU010735279.1	225000	2328	0.385943
(5018,5213)(215269,215514)(200000,250000)	JASDQU010735281.1	225000	197	0.055328
(29,163)(154119,154304)(150000,200000)	JASDQU010735294.1	175000	136	0.096953
(293,487)(329485,329690)(300000,350000)	JASDQU010735303.1	325000	196	0.053685
(488,531)(422141,422186)(400000,450000)	JASDQU010735303.1	425000	45	0.110332
(396,1406)(109827,127942)(100000,150000)	JASDQU010735309.1	125000	1012	0.022389
(751,899)(289970,290130)(250000,300000)	JASDQU010735319.1	275000	150	0.045937
(1308,1369)(150206,155402)(150000,200000)	JASDQU010735334.1	175000	63	0.497019
(1294,1648)(275622,276127)(250000,300000)	JASDQU010735349.1	275000	356	0.251849
(671,1178)(127564,142305)(100000,150000)	JASDQU010735358.1	125000	509	0.128973
(2079,2278)(134957,135163)(100000,150000)	JASDQU010735359.1	125000	201	0.016520
(614,668)(70532,70625)(50000,100000)	JASDQU010735365.1	75000	56	0.236834
(1577,3427)(556135,558078)(550000,600000)	JASDQU010735368.1	575000	1852	0.134352
(225,775)(252815,287846)(250000,300000)	JASDQU010735377.1	275000	552	0.054813
(945,1315)(216850,217271)(200000,250000)	JASDQU010735382.1	225000	372	0.018982
(1316,1385)(273710,273824)(250000,300000)	JASDQU010735382.1	275000	71	0.010277
(1386,5232)(421807,426433)(400000,450000)	JASDQU010735382.1	425000	3848	0.248249
(21,893)(229951,230829)(200000,250000)	JASDQU010735395.1	225000	874	0.152865
(547,1043)(62387,82805)(50000,100000)	JASDQU010735401.1	75000	498	0.446436
(1044,6184)(325385,335199)(300000,350000)	JASDQU010735401.1	325000	5142	0.149725
(95,750)(356305,356965)(350000,400000)	JASDQU010735402.1	375000	657	0.273857
(880,1125)(155458,155724)(150000,200000)	JASDQU010735416.1	175000	247	0.007558
(1119,1224)(255003,255119)(250000,300000)	JASDQU010735418.1	275000	107	0.073548
(264,373)(299229,299343)(250000,300000)	JASDQU010735420.1	275000	111	0.001563
(374,519)(318885,319031)(300000,350000)	JASDQU010735420.1	325000	147	0.035542
(520,1232)(423928,424655)(400000,450000)	JASDQU010735420.1	425000	714	0.151502
(455,1007)(52739,87956)(50000,100000)	JASDQU010735430.1	75000	554	0.090608
(785,1194)(266397,267760)(250000,300000)	JASDQU010735435.1	275000	411	0.019785
(1723,2168)(112287,112963)(100000,150000)	JASDQU010735449.1	125000	447	0.112585
(2169,2355)(321301,322046)(300000,350000)	JASDQU010735449.1	325000	188	0.187208
(163,296)(150338,150497)(150000,200000)	JASDQU010735454.1	175000	135	0.252871
(489,660)(132898,133084)(100000,150000)	JASDQU010735468.1	125000	173	0.713106
(448,599)(60200,60351)(50000,100000)	JASDQU010735469.1	75000	153	0.211767
(600,1132)(134055,134596)(100000,150000)	JASDQU010735469.1	125000	534	0.272748
(198,642)(571265,571885)(550000,600000)	JASDQU010735476.1	575000	446	0.539084
(643,705)(805819,805893)(800000,850000)	JASDQU010735476.1	825000	64	0.179058
(706,763)(897718,897791)(850000,900000)	JASDQU010735476.1	875000	59	0.585475
(14,80)(418353,421969)(400000,450000)	JASDQU010735477.1	425000	68	0.053906
(81,352)(573260,573541)(550000,600000)	JASDQU010735477.1	575000	273	0.589898
(714,740)(105775,105802)(100000,150000)	JASDQU010735483.1	125000	28	0.046076
(13,214)(273895,281882)(250000,300000)	JASDQU010735491.1	275000	203	0.010841
(1089,3165)(268104,270597)(250000,300000)	JASDQU010735504.1	275000	2078	0.392916
(534,663)(53894,54056)(50000,100000)	JASDQU010735506.1	75000	131	0.052130
(69,609)(357013,398188)(350000,400000)	JASDQU010735520.1	375000	542	0.051439
(939,2296)(314089,315488)(300000,350000)	JASDQU010735536.1	325000	1359	0.199971
(140,788)(195763,196517)(150000,200000)	JASDQU010735542.1	175000	650	0.281954
(789,1859)(227446,229291)(200000,250000)	JASDQU010735542.1	225000	1072	0.204418
(369,1333)(128783,130255)(100000,150000)	JASDQU010735562.1	125000	966	0.128550
(1334,1620)(374145,374442)(350000,400000)	JASDQU010735562.1	375000	288	0.099505
(2225,4847)(133896,136796)(100000,150000)	JASDQU010735566.1	125000	2624	0.176488
(946,3123)(167368,170104)(150000,200000)	JASDQU010735573.1	175000	2179	0.495893
(712,978)(62105,62374)(50000,100000)	JASDQU010735576.1	75000	268	0.032778
(129,1701)(58078,69867)(50000,100000)	JASDQU010735578.1	75000	1574	0.133526
(713,867)(95798,95990)(50000,100000)	JASDQU010735588.1	75000	156	0.045175
(696,697)(126417,126419)(100000,150000)	JASDQU010735616.1	125000	3	0.056997
(122,9048)(372449,399792)(350000,400000)	JASDQU010735619.1	375000	8928	0.262197
(794,798)(121748,121752)(100000,150000)	JASDQU010735640.1	125000	6	0.039126
(332,346)(175456,175490)(150000,200000)	JASDQU010735660.1	175000	16	0.081536
(795,983)(169382,169585)(150000,200000)	JASDQU010735668.1	175000	190	0.123124
(280,726)(255042,262126)(250000,300000)	JASDQU010735700.1	275000	448	0.035927
(727,743)(392575,392607)(350000,400000)	JASDQU010735700.1	375000	18	0.044274
(744,1011)(404094,429830)(400000,450000)	JASDQU010735700.1	425000	269	0.138793
(3253,10674)(155174,163642)(150000,200000)	JASDQU010735711.1	175000	7423	0.492024
(281,816)(250000,250571)(250000,300000)	JASDQU010735714.1	275000	537	0.155854
(749,1284)(70928,71912)(50000,100000)	JASDQU010735721.1	75000	537	0.043843
(532,600)(178565,178649)(150000,200000)	JASDQU010735727.1	175000	70	0.040851
(38,290)(338668,338933)(300000,350000)	JASDQU010735736.1	325000	254	0.118443
(291,375)(438843,438928)(400000,450000)	JASDQU010735736.1	425000	86	0.049918
(376,392)(478998,479044)(450000,500000)	JASDQU010735736.1	475000	18	0.041937
(393,1525)(527612,540864)(500000,550000)	JASDQU010735736.1	525000	1134	0.496187
(248,995)(66236,97706)(50000,100000)	JASDQU010735741.1	75000	749	0.431119
(530,1708)(201250,202473)(200000,250000)	JASDQU010735747.1	225000	1180	0.694287
(1065,1163)(65642,65760)(50000,100000)	JASDQU010735756.1	75000	100	0.093816
(1164,4651)(307793,346475)(300000,350000)	JASDQU010735756.1	325000	3489	0.252121
(2988,3618)(84814,85451)(50000,100000)	JASDQU010735761.1	75000	632	0.291193
(3,1019)(287369,288723)(250000,300000)	JASDQU010735795.1	275000	1018	0.433822
(692,1780)(498759,499880)(450000,500000)	JASDQU010735796.1	475000	1090	0.189841
(113,289)(175333,187566)(150000,200000)	JASDQU010735798.1	175000	178	0.560064
(2429,2462)(68135,68173)(50000,100000)	JASDQU010735804.1	75000	35	0.097111
(55,574)(95793,96322)(50000,100000)	JASDQU010735812.1	75000	521	0.043817
(6703,6732)(155890,155923)(150000,200000)	JASDQU010735823.1	175000	31	0.036413
(93,288)(196019,196285)(150000,200000)	JASDQU010735826.1	175000	197	0.331626
(124,1372)(186348,187731)(150000,200000)	JASDQU010735836.1	175000	1250	0.349639
(2245,4300)(75278,86763)(50000,100000)	JASDQU010735854.1	75000	2057	0.544861
(16,176)(204930,205095)(200000,250000)	JASDQU010735856.1	225000	162	0.028689
(4023,7489)(118041,144254)(100000,150000)	JASDQU010735860.1	125000	3468	0.575718
(45,843)(170528,172597)(150000,200000)	JASDQU010735865.1	175000	800	0.232804
(11,2216)(135433,138041)(100000,150000)	JASDQU010735868.1	125000	2207	0.383314
(1541,2056)(57285,58043)(50000,100000)	JASDQU010735876.1	75000	517	0.048133
(654,1455)(179369,180188)(150000,200000)	JASDQU010735888.1	175000	803	0.007968
(270,368)(58856,58968)(50000,100000)	JASDQU010735899.1	75000	100	0.010429
(865,1678)(249181,249999)(200000,250000)	JASDQU010735900.1	225000	815	0.389330
(260,1227)(235532,236503)(200000,250000)	JASDQU010735907.1	225000	969	0.161738
(1228,2263)(272754,294773)(250000,300000)	JASDQU010735907.1	275000	1037	0.214644
(198,653)(52055,52554)(50000,100000)	JASDQU010735917.1	75000	457	0.287531
(654,1670)(167306,168322)(150000,200000)	JASDQU010735917.1	175000	1018	0.245961
(32,182)(292550,292742)(250000,300000)	JASDQU010735918.1	275000	152	0.667460
(41,303)(50000,56992)(50000,100000)	JASDQU010735922.1	75000	264	0.662743
(3066,4315)(133194,134511)(100000,150000)	JASDQU010735929.1	125000	1251	0.060010
(4316,5027)(196947,197659)(150000,200000)	JASDQU010735929.1	175000	713	0.122361
(964,1080)(94925,95058)(50000,100000)	JASDQU010735947.1	75000	118	0.028170
(1081,1307)(102155,102442)(100000,150000)	JASDQU010735947.1	125000	228	0.028095
(830,2040)(120947,122214)(100000,150000)	JASDQU010735950.1	125000	1212	0.459601
(233,707)(258836,259347)(250000,300000)	JASDQU010735956.1	275000	476	0.028961
(589,819)(235471,235857)(200000,250000)	JASDQU010735973.1	225000	232	0.242056
(820,1423)(280512,285305)(250000,300000)	JASDQU010735973.1	275000	605	0.196533
(1424,1875)(329534,330022)(300000,350000)	JASDQU010735973.1	325000	453	0.541806
(424,3790)(71921,75329)(50000,100000)	JASDQU010735975.1	75000	3368	0.575393
(346,547)(486821,491795)(450000,500000)	JASDQU010735977.1	475000	203	0.078739
(32,53)(414317,414348)(400000,450000)	JASDQU010735978.1	425000	23	0.129003
(54,64)(453357,453626)(450000,500000)	JASDQU010735978.1	475000	12	0.111175
(1166,1741)(257912,258518)(250000,300000)	JASDQU010735979.1	275000	577	0.336879
(190,864)(285823,299535)(250000,300000)	JASDQU010735988.1	275000	676	0.198897
(865,1676)(305149,305986)(300000,350000)	JASDQU010735988.1	325000	813	0.405244
(7,1804)(118671,143145)(100000,150000)	JASDQU010735993.1	125000	1799	0.106451
(1805,1806)(364707,364708)(350000,400000)	JASDQU010735993.1	375000	3	0.037326
(501,644)(76665,76819)(50000,100000)	JASDQU010736002.1	75000	145	0.095111
(645,657)(150135,150149)(150000,200000)	JASDQU010736002.1	175000	14	0.059693
(313,951)(186574,187273)(150000,200000)	JASDQU010736008.1	175000	640	0.005622
(952,1753)(393585,394397)(350000,400000)	JASDQU010736008.1	375000	803	0.104480
(289,637)(100000,100349)(100000,150000)	JASDQU010736011.1	125000	350	0.509849
(885,1224)(54060,54466)(50000,100000)	JASDQU010736014.1	75000	341	0.157350
(1277,1322)(60877,60957)(50000,100000)	JASDQU010736017.1	75000	47	0.039857
(2804,3322)(200000,200547)(200000,250000)	JASDQU010736018.1	225000	520	0.126843
(113,302)(223490,223712)(200000,250000)	JASDQU010736021.1	225000	191	0.027619
(282,3200)(358078,375071)(350000,400000)	JASDQU010736022.1	375000	2920	0.462488
(3092,3286)(55029,55234)(50000,100000)	JASDQU010736026.1	75000	196	0.047197
(129,877)(303280,304028)(300000,350000)	JASDQU010736036.1	325000	750	0.397626
(422,1527)(204679,205805)(200000,250000)	JASDQU010736047.1	225000	1107	0.030022
(393,662)(50000,50551)(50000,100000)	JASDQU010736048.1	75000	271	0.016742
(663,727)(357392,357468)(350000,400000)	JASDQU010736048.1	375000	66	0.006485
(532,938)(381619,382040)(350000,400000)	JASDQU010736069.1	375000	408	0.033301
(939,1097)(408573,410555)(400000,450000)	JASDQU010736069.1	425000	160	0.012000
(819,1936)(448336,449755)(400000,450000)	JASDQU010736071.1	425000	1119	0.064190
(1937,1972)(450487,450539)(450000,500000)	JASDQU010736071.1	475000	37	0.169705
(51,67)(171332,188133)(150000,200000)	JASDQU010736076.1	175000	18	0.046857
(68,96)(329212,329241)(300000,350000)	JASDQU010736076.1	325000	30	0.030434
(285,865)(130005,130589)(100000,150000)	JASDQU010736087.1	125000	582	0.082309
(429,1749)(350566,385792)(350000,400000)	JASDQU010736095.1	375000	1322	0.282702
(2074,2570)(250528,251075)(250000,300000)	JASDQU010736107.1	275000	498	0.868351
(1673,1779)(75660,75786)(50000,100000)	JASDQU010736108.1	75000	108	0.009008
(1780,2001)(394709,394961)(350000,400000)	JASDQU010736108.1	375000	223	0.112161
(109,500)(152472,169850)(150000,200000)	JASDQU010736121.1	175000	393	-0.003091
(501,507)(208639,208659)(200000,250000)	JASDQU010736121.1	225000	8	0.067359
(136,750)(378367,385623)(350000,400000)	JASDQU010736123.1	375000	616	0.054881
(85,326)(112534,132739)(100000,150000)	JASDQU010736127.1	125000	243	0.173170
(90,117)(150261,150288)(150000,200000)	JASDQU010736130.1	175000	29	0.032260
(925,1109)(263601,263909)(250000,300000)	JASDQU010736134.1	275000	186	0.144618
(557,990)(451419,451899)(450000,500000)	JASDQU010736136.1	475000	435	0.091832
(991,2067)(728088,745100)(700000,750000)	JASDQU010736136.1	725000	1078	0.093898
(2068,4367)(827454,830105)(800000,850000)	JASDQU010736136.1	825000	2301	0.509756
(4368,5523)(905458,906624)(900000,950000)	JASDQU010736136.1	925000	1157	0.403008
(649,1113)(152531,153049)(150000,200000)	JASDQU010736149.1	175000	466	0.094827
(330,597)(222567,222855)(200000,250000)	JASDQU010736150.1	225000	269	0.155401
(598,633)(386369,386416)(350000,400000)	JASDQU010736150.1	375000	37	0.038253
(12,85)(188286,188361)(150000,200000)	JASDQU010736156.1	175000	75	0.048940
(2421,2538)(70120,70284)(50000,100000)	JASDQU010736163.1	75000	119	0.226917
(1099,1337)(137232,137473)(100000,150000)	JASDQU010736164.1	125000	240	0.174317
(818,3026)(275251,285852)(250000,300000)	JASDQU010736169.1	275000	2210	0.318829
(3027,3631)(342835,349564)(300000,350000)	JASDQU010736169.1	325000	606	0.016758
(3632,4129)(486429,486942)(450000,500000)	JASDQU010736169.1	475000	499	0.055840
(4130,5144)(737822,738837)(700000,750000)	JASDQU010736169.1	725000	1016	0.056037
(230,1608)(219411,221170)(200000,250000)	JASDQU010736171.1	225000	1380	-0.004010
(394,1192)(232322,233134)(200000,250000)	JASDQU010736173.1	225000	800	0.224108
(195,768)(251131,251950)(250000,300000)	JASDQU010736179.1	275000	575	0.015614
(2762,3333)(264788,265393)(250000,300000)	JASDQU010736186.1	275000	573	0.298880
(132,1965)(134153,137864)(100000,150000)	JASDQU010736195.1	125000	1835	0.126579
(403,461)(231330,231406)(200000,250000)	JASDQU010736205.1	225000	60	0.041519
(191,622)(93263,93821)(50000,100000)	JASDQU010736227.1	75000	433	0.004622
(623,730)(222228,224654)(200000,250000)	JASDQU010736227.1	225000	109	0.064088
(731,799)(368817,368887)(350000,400000)	JASDQU010736227.1	375000	70	0.044817
(800,1106)(410605,410927)(400000,450000)	JASDQU010736227.1	425000	308	0.363518
(2485,2521)(201204,201288)(200000,250000)	JASDQU010736233.1	225000	38	0.057341
(281,891)(60453,84661)(50000,100000)	JASDQU010736234.1	75000	612	0.007057
(176,1712)(164327,199999)(150000,200000)	JASDQU010736236.1	175000	1538	0.153386
(1713,1752)(200000,200039)(200000,250000)	JASDQU010736236.1	225000	41	0.015774
(10,1575)(133636,141765)(100000,150000)	JASDQU010736242.1	125000	1567	0.055281
(804,1886)(424900,446078)(400000,450000)	JASDQU010736254.1	425000	1084	0.368308
(294,1260)(83105,85555)(50000,100000)	JASDQU010736260.1	75000	968	0.065928
(3682,8146)(50000,65026)(50000,100000)	JASDQU010736264.1	75000	4466	0.221125
(829,2402)(262802,282369)(250000,300000)	JASDQU010736274.1	275000	1575	0.049492
(2403,3397)(374374,390047)(350000,400000)	JASDQU010736274.1	375000	996	0.131824
(3398,3884)(401249,401775)(400000,450000)	JASDQU010736274.1	425000	488	0.060731
(168,169)(129256,129257)(100000,150000)	JASDQU010736277.1	125000	3	0.068323
(170,440)(264987,286659)(250000,300000)	JASDQU010736277.1	275000	272	0.066294
(1374,2106)(207644,208377)(200000,250000)	JASDQU010736279.1	225000	734	0.086952
(724,851)(191538,191840)(150000,200000)	JASDQU010736286.1	175000	129	0.021914
(2380,3399)(165191,170943)(150000,200000)	JASDQU010736304.1	175000	1021	0.028592
(3400,3620)(228316,233935)(200000,250000)	JASDQU010736304.1	225000	222	0.060469
(554,797)(107724,146277)(100000,150000)	JASDQU010736305.1	125000	245	0.027521
(798,952)(248686,248883)(200000,250000)	JASDQU010736305.1	225000	156	0.033439
(953,2810)(377039,394355)(350000,400000)	JASDQU010736305.1	375000	1859	0.092163
(27,303)(249689,249999)(200000,250000)	JASDQU010736306.1	225000	278	-0.014373
(304,877)(250000,258657)(250000,300000)	JASDQU010736306.1	275000	575	0.066502
(192,1086)(50207,51142)(50000,100000)	JASDQU010736307.1	75000	896	0.084278
(2371,2994)(99376,99999)(50000,100000)	JASDQU010736308.1	75000	625	0.624086
(2995,3002)(100001,100008)(100000,150000)	JASDQU010736308.1	125000	9	0.037484
(271,489)(194510,194808)(150000,200000)	JASDQU010736309.1	175000	220	0.104816
(5037,6216)(298819,299999)(250000,300000)	JASDQU010736322.1	275000	1181	0.415618
(512,2827)(55640,85771)(50000,100000)	JASDQU010736332.1	75000	2317	0.374607
(2828,4265)(328975,330465)(300000,350000)	JASDQU010736332.1	325000	1439	0.335904
(171,376)(381213,381433)(350000,400000)	JASDQU010736339.1	375000	207	0.215888
(1080,1243)(63930,64094)(50000,100000)	JASDQU010736342.1	75000	165	0.132510
(403,814)(87737,89937)(50000,100000)	JASDQU010736343.1	75000	413	0.021152
(426,1111)(90483,91170)(50000,100000)	JASDQU010736347.1	75000	687	0.182726
(454,1633)(69683,74760)(50000,100000)	JASDQU010736349.1	75000	1181	0.168427
(448,1564)(162455,182777)(150000,200000)	JASDQU010736352.1	175000	1118	0.226084
(1565,1757)(231673,232023)(200000,250000)	JASDQU010736352.1	225000	194	0.041096
(1758,1867)(346857,347127)(300000,350000)	JASDQU010736352.1	325000	111	0.209916
(935,937)(340020,340022)(300000,350000)	JASDQU010736353.1	325000	4	0.046722
(74,2091)(62417,87057)(50000,100000)	JASDQU010736360.1	75000	2019	0.268725
(168,171)(50876,50880)(50000,100000)	JASDQU010736363.1	75000	5	0.050004
(456,583)(282729,282865)(250000,300000)	JASDQU010736368.1	275000	129	-0.016238
(550,777)(197006,197251)(150000,200000)	JASDQU010736377.1	175000	229	0.053551
(1,5493)(278417,287968)(250000,300000)	JASDQU010736381.1	275000	5494	0.107062
(76,305)(240124,240729)(200000,250000)	JASDQU010736392.1	225000	231	0.189514
(140,556)(625609,626026)(600000,650000)	JASDQU010736402.1	625000	418	-0.009261
(1095,3257)(50000,52244)(50000,100000)	JASDQU010736405.1	75000	2164	0.504830
(98,1366)(184551,197407)(150000,200000)	JASDQU010736418.1	175000	1270	0.231326
(1367,1514)(202613,212939)(200000,250000)	JASDQU010736418.1	225000	149	0.053211
(1515,1634)(338743,339046)(300000,350000)	JASDQU010736418.1	325000	121	0.065288
(1635,2655)(390781,391916)(350000,400000)	JASDQU010736418.1	375000	1022	0.149220
(2656,3865)(443124,447758)(400000,450000)	JASDQU010736418.1	425000	1211	0.234212
(613,687)(201279,201705)(200000,250000)	JASDQU010736421.1	225000	76	0.022827
(114,460)(210796,241714)(200000,250000)	JASDQU010736425.1	225000	348	0.023668
(461,700)(260923,261248)(250000,300000)	JASDQU010736425.1	275000	241	0.212303
(381,640)(270435,270778)(250000,300000)	JASDQU010736428.1	275000	261	0.018524
(641,751)(366832,367998)(350000,400000)	JASDQU010736428.1	375000	112	0.055399
(752,753)(430058,430059)(400000,450000)	JASDQU010736428.1	425000	3	0.040234
(1241,1756)(137206,145831)(100000,150000)	JASDQU010736438.1	125000	517	0.101724
(1757,2033)(213610,214073)(200000,250000)	JASDQU010736438.1	225000	278	0.038232
(566,1310)(125680,129381)(100000,150000)	JASDQU010736441.1	125000	746	0.277035
(946,4487)(58667,64546)(50000,100000)	JASDQU010736446.1	75000	3543	0.199662
(4488,13926)(264138,275443)(250000,300000)	JASDQU010736446.1	275000	9440	0.415522
(13927,14498)(398985,399557)(350000,400000)	JASDQU010736446.1	375000	573	0.097702
(154,165)(215919,215932)(200000,250000)	JASDQU010736454.1	225000	13	0.071473
(166,174)(269790,269967)(250000,300000)	JASDQU010736454.1	275000	10	-0.028331
(175,598)(308619,309115)(300000,350000)	JASDQU010736454.1	325000	425	0.076540
(287,859)(235645,236379)(200000,250000)	JASDQU010736459.1	225000	574	0.104798
(347,365)(106828,106848)(100000,150000)	JASDQU010736472.1	125000	20	0.890174
(366,669)(197344,197656)(150000,200000)	JASDQU010736472.1	175000	305	0.544870
(211,1184)(70545,95006)(50000,100000)	JASDQU010736481.1	75000	975	0.496549
(134,1022)(103524,106475)(100000,150000)	JASDQU010736490.1	125000	890	0.142408
(398,721)(99035,99415)(50000,100000)	JASDQU010736498.1	75000	325	0.071114
(19,696)(496884,497600)(450000,500000)	JASDQU010736499.1	475000	679	0.207780
(697,2383)(502428,527345)(500000,550000)	JASDQU010736499.1	525000	1688	0.105137
(2384,2900)(562949,563478)(550000,600000)	JASDQU010736499.1	575000	518	0.233679
(21,346)(52583,52929)(50000,100000)	JASDQU010736505.1	75000	327	0.036926
(752,1375)(279417,280046)(250000,300000)	JASDQU010736507.1	275000	625	0.513324
(1376,2131)(329818,330793)(300000,350000)	JASDQU010736507.1	325000	757	0.139227
(340,873)(230037,245278)(200000,250000)	JASDQU010736510.1	225000	535	0.029106
(970,1254)(168463,168749)(150000,200000)	JASDQU010736530.1	175000	286	0.122721
(63,553)(172609,198205)(150000,200000)	JASDQU010736542.1	175000	492	0.035204
(168,1404)(156014,157846)(150000,200000)	JASDQU010736555.1	175000	1238	0.177696
(66,705)(261862,262548)(250000,300000)	JASDQU010736567.1	275000	641	0.336658
(706,1229)(378301,378840)(350000,400000)	JASDQU010736567.1	375000	525	0.286549
(360,1119)(108250,109016)(100000,150000)	JASDQU010736569.1	125000	761	0.703706
(1120,1578)(226892,227354)(200000,250000)	JASDQU010736569.1	225000	460	0.035913
(663,1515)(179917,180797)(150000,200000)	JASDQU010736570.1	175000	854	0.068195
(513,635)(319590,319827)(300000,350000)	JASDQU010736584.1	325000	124	-0.001969
(636,1674)(363303,384850)(350000,400000)	JASDQU010736584.1	375000	1040	0.091844
(140,1144)(65670,66676)(50000,100000)	JASDQU010736605.1	75000	1006	0.390406
(44,3045)(57894,72844)(50000,100000)	JASDQU010736607.1	75000	3003	0.335747
(232,598)(247274,247686)(200000,250000)	JASDQU010736615.1	225000	368	0.016286
(599,649)(324380,324617)(300000,350000)	JASDQU010736615.1	325000	52	0.039101
(650,1839)(548787,549999)(500000,550000)	JASDQU010736615.1	525000	1191	0.575644
(2027,7167)(222346,248085)(200000,250000)	JASDQU010736616.1	225000	5142	0.189489
(7168,7179)(349986,349999)(300000,350000)	JASDQU010736616.1	325000	13	-0.010573
(7180,7220)(350000,389225)(350000,400000)	JASDQU010736616.1	375000	42	0.073627
(7221,7483)(400244,420783)(400000,450000)	JASDQU010736616.1	425000	264	0.130128
(7484,7620)(474615,474801)(450000,500000)	JASDQU010736616.1	475000	138	0.033894
(18,229)(159209,159420)(150000,200000)	JASDQU010736621.1	175000	213	-0.023907
(664,1065)(359614,360032)(350000,400000)	JASDQU010736624.1	375000	403	0.043772
(435,1093)(221469,239653)(200000,250000)	JASDQU010736634.1	225000	660	0.212064
(451,454)(126386,126390)(100000,150000)	JASDQU010736636.1	125000	5	0.052325
(798,1427)(287828,288516)(250000,300000)	JASDQU010736651.1	275000	631	0.743572
(827,3538)(57550,63043)(50000,100000)	JASDQU010736676.1	75000	2713	0.683898
(804,1092)(471420,471716)(450000,500000)	JASDQU010736679.1	475000	290	0.108230
(271,510)(279072,279330)(250000,300000)	JASDQU010736680.1	275000	241	0.065563
(511,1548)(302652,303716)(300000,350000)	JASDQU010736680.1	325000	1039	0.363251
(1201,1571)(169553,192702)(150000,200000)	JASDQU010736690.1	175000	372	0.066660
(578,2216)(208103,219854)(200000,250000)	JASDQU010736692.1	225000	1640	0.039075
(2217,2740)(270625,271162)(250000,300000)	JASDQU010736692.1	275000	525	0.062630
(2741,2824)(491948,492067)(450000,500000)	JASDQU010736692.1	475000	85	0.233993
(2825,2957)(618734,619041)(600000,650000)	JASDQU010736692.1	625000	134	0.043967
(2958,4043)(773412,792770)(750000,800000)	JASDQU010736692.1	775000	1087	0.193668
(838,845)(106716,106727)(100000,150000)	JASDQU010736698.1	125000	9	0.271196
(107,620)(461836,491515)(450000,500000)	JASDQU010736717.1	475000	515	0.041065
(647,693)(339522,339602)(300000,350000)	JASDQU010736718.1	325000	48	0.588379
(694,1138)(366592,367043)(350000,400000)	JASDQU010736718.1	375000	446	0.298921
(369,1613)(351166,352495)(350000,400000)	JASDQU010736720.1	375000	1246	0.537064
(340,849)(101585,102311)(100000,150000)	JASDQU010736744.1	125000	511	0.110757
(96,549)(69777,70796)(50000,100000)	JASDQU010736755.1	75000	455	0.476207
(58,580)(173200,173830)(150000,200000)	JASDQU010736757.1	175000	524	0.019291
(643,1170)(78645,79191)(50000,100000)	JASDQU010736771.1	75000	529	0.015175
(203,1664)(55557,81604)(50000,100000)	JASDQU010736778.1	75000	1463	0.739995
(1665,4392)(235141,237990)(200000,250000)	JASDQU010736778.1	225000	2729	0.789317
(4296,5942)(50792,55747)(50000,100000)	JASDQU010736780.1	75000	1648	0.324687
(5943,6641)(206945,207649)(200000,250000)	JASDQU010736780.1	225000	700	0.365323
(1,397)(51521,58334)(50000,100000)	JASDQU010736782.1	75000	398	0.076689
(66,130)(161879,161965)(150000,200000)	JASDQU010736808.1	175000	66	0.029598
(194,1545)(66292,75569)(50000,100000)	JASDQU010736810.1	75000	1353	0.086966
(584,677)(57028,57165)(50000,100000)	JASDQU010736818.1	75000	95	0.120555
(678,1311)(145449,148347)(100000,150000)	JASDQU010736818.1	125000	635	0.009890
(1423,1473)(68928,68978)(50000,100000)	JASDQU010736822.1	75000	52	0.247851
(642,1478)(227394,229003)(200000,250000)	JASDQU010736832.1	225000	838	0.211046
(1479,3066)(308248,320803)(300000,350000)	JASDQU010736832.1	325000	1589	0.358380
(3067,4400)(366772,369737)(350000,400000)	JASDQU010736832.1	375000	1335	0.485181
(94,908)(121505,122371)(100000,150000)	JASDQU010736834.1	125000	816	0.469385
(3023,3330)(165393,165889)(150000,200000)	JASDQU010736845.1	175000	309	0.034761
(572,1654)(104666,142586)(100000,150000)	JASDQU010736850.1	125000	1084	0.125084
(463,526)(189822,189910)(150000,200000)	JASDQU010736852.1	175000	65	0.038914
(61,74)(207311,207328)(200000,250000)	JASDQU010736856.1	225000	15	0.036511
(105,150)(347480,347889)(300000,350000)	JASDQU010736857.1	325000	47	0.019453
(151,856)(482241,482975)(450000,500000)	JASDQU010736857.1	475000	707	0.056955
(77,246)(59000,59190)(50000,100000)	JASDQU010736858.1	75000	171	-0.003393
(1178,1523)(107257,107603)(100000,150000)	JASDQU010736859.1	125000	347	0.028812
(48,1624)(137117,138698)(100000,150000)	JASDQU010736887.1	125000	1578	0.289366
(1625,1709)(155551,158144)(150000,200000)	JASDQU010736887.1	175000	86	0.076094
(425,1005)(147084,147670)(100000,150000)	JASDQU010736912.1	125000	582	0.192057
(228,308)(191698,191799)(150000,200000)	JASDQU010736917.1	175000	82	0.250404
(5469,6338)(50102,63039)(50000,100000)	JASDQU010736919.1	75000	871	0.345562
(89,944)(75340,80337)(50000,100000)	JASDQU010736920.1	75000	857	0.169000
(1679,4594)(200611,204151)(200000,250000)	JASDQU010736921.1	225000	2917	0.036561
(4595,4794)(384756,385121)(350000,400000)	JASDQU010736921.1	375000	201	0.019482
(4795,4810)(449980,449999)(400000,450000)	JASDQU010736921.1	425000	17	0.051498
(1029,1155)(93072,93201)(50000,100000)	JASDQU010736931.1	75000	128	0.063733
(865,928)(154459,154527)(150000,200000)	JASDQU010736944.1	175000	65	0.027314
(106,534)(50107,50967)(50000,100000)	JASDQU010736949.1	75000	430	0.168590
(20,538)(86365,86898)(50000,100000)	JASDQU010737000.1	75000	520	0.140473
(110,1056)(140769,141762)(100000,150000)	JASDQU010737017.1	125000	948	0.439287
(9,637)(468527,487855)(450000,500000)	JASDQU010737019.1	475000	630	0.055381
(638,1000)(526045,526543)(500000,550000)	JASDQU010737019.1	525000	364	0.055721
(1001,1800)(612248,615139)(600000,650000)	JASDQU010737019.1	625000	801	-0.003853
(1196,3460)(200498,237517)(200000,250000)	JASDQU010737021.1	225000	2266	0.163060
(1881,2882)(227622,231053)(200000,250000)	JASDQU010737061.1	225000	1003	0.065780
(721,743)(194245,194348)(150000,200000)	JASDQU010737067.1	175000	24	0.349929
(58,711)(181020,181703)(150000,200000)	JASDQU010737100.1	175000	655	0.335663
(953,1578)(133309,133947)(100000,150000)	JASDQU010737114.1	125000	627	0.400105
(646,746)(144072,144189)(100000,150000)	JASDQU010737125.1	125000	102	0.121176
(335,3392)(60130,81942)(50000,100000)	JASDQU010737126.1	75000	3059	0.042688
(334,949)(322872,344257)(300000,350000)	JASDQU010737131.1	325000	617	0.065711
(1472,2369)(114083,115280)(100000,150000)	JASDQU010737147.1	125000	899	0.258130
(779,1007)(255741,293475)(250000,300000)	JASDQU010737177.1	275000	230	0.050788
(977,2610)(50440,70271)(50000,100000)	JASDQU010737195.1	75000	1635	0.649954
(223,3800)(56939,80703)(50000,100000)	JASDQU010737211.1	75000	3579	0.219270
(26,11199)(234370,249578)(200000,250000)	JASDQU010737219.1	225000	11175	0.158580
(93,535)(100000,132313)(100000,150000)	JASDQU010737222.1	125000	444	0.023469
(2095,2232)(114939,115109)(100000,150000)	JASDQU010737232.1	125000	139	0.121088
(787,3023)(238226,240663)(200000,250000)	JASDQU010737237.1	225000	2238	0.321517
(3024,4187)(250169,251377)(250000,300000)	JASDQU010737237.1	275000	1165	0.174098
(2022,2317)(72498,72855)(50000,100000)	JASDQU010737240.1	75000	297	0.043351
(2318,2449)(226083,226346)(200000,250000)	JASDQU010737240.1	225000	133	-0.005274
(2450,3064)(357703,358468)(350000,400000)	JASDQU010737240.1	375000	616	0.010556
(348,1208)(83492,84358)(50000,100000)	JASDQU010737248.1	75000	862	0.373124
(64,154)(168465,168602)(150000,200000)	JASDQU010737251.1	175000	92	0.057706
(155,1193)(363623,364757)(350000,400000)	JASDQU010737251.1	375000	1040	0.387710
(1886,3241)(50000,54576)(50000,100000)	JASDQU010737271.1	75000	1357	0.150649
(438,549)(260616,260730)(250000,300000)	JASDQU010737287.1	275000	113	0.009448
(550,674)(313520,344220)(300000,350000)	JASDQU010737287.1	325000	126	-0.004281
(1008,1417)(75007,75571)(50000,100000)	JASDQU010737288.1	75000	411	0.000892
(130,822)(171260,174530)(150000,200000)	JASDQU010737290.1	175000	694	0.017968
(3083,4522)(443713,449999)(400000,450000)	JASDQU010737307.1	425000	1441	0.172666
(341,473)(67851,68187)(50000,100000)	JASDQU010737313.1	75000	134	0.040332
(2122,2572)(149116,149604)(100000,150000)	JASDQU010737323.1	125000	452	0.906465
(2573,4526)(183821,191573)(150000,200000)	JASDQU010737323.1	175000	1955	0.737307
(2075,3112)(200000,225559)(200000,250000)	JASDQU010737329.1	225000	1039	0.133905
(3113,3303)(280727,281071)(250000,300000)	JASDQU010737329.1	275000	192	0.125649
(780,1051)(100072,100481)(100000,150000)	JASDQU010737333.1	125000	273	0.197563
(442,541)(186327,186447)(150000,200000)	JASDQU010737338.1	175000	101	0.053582
(206,947)(50000,51170)(50000,100000)	JASDQU010737345.1	75000	743	0.074062
(1086,1615)(105745,106937)(100000,150000)	JASDQU010737364.1	125000	531	0.296486
(45,147)(126853,126965)(100000,150000)	JASDQU010737380.1	125000	104	0.051621
(126,1230)(66836,88022)(50000,100000)	JASDQU010737381.1	75000	1106	0.596579
(1231,3373)(155319,193716)(150000,200000)	JASDQU010737381.1	175000	2144	0.703836
(3374,3410)(201938,202015)(200000,250000)	JASDQU010737381.1	225000	38	0.632856
(3411,3489)(348444,348541)(300000,350000)	JASDQU010737381.1	325000	80	0.100351
(140,1164)(58622,59795)(50000,100000)	JASDQU010737395.1	75000	1026	0.034601
(145,188)(279632,279676)(250000,300000)	JASDQU010737398.1	275000	45	0.133373
(112,791)(320591,321278)(300000,350000)	JASDQU010737411.1	325000	681	0.451416
(792,1629)(370266,379582)(350000,400000)	JASDQU010737411.1	375000	839	0.462045
(1630,3492)(400509,403049)(400000,450000)	JASDQU010737411.1	425000	1864	0.310395
(3493,3642)(493458,493694)(450000,500000)	JASDQU010737411.1	475000	151	0.044344
(72,2755)(120486,127102)(100000,150000)	JASDQU010737414.1	125000	2685	0.180896
(2756,2760)(194013,194017)(150000,200000)	JASDQU010737414.1	175000	6	0.072427
(2761,3069)(343968,344367)(300000,350000)	JASDQU010737414.1	325000	310	0.032064
(3070,4269)(378719,380069)(350000,400000)	JASDQU010737414.1	375000	1201	0.552617
(4270,4745)(418092,418656)(400000,450000)	JASDQU010737414.1	425000	477	0.403140
(10,38)(327767,327803)(300000,350000)	JASDQU010737418.1	325000	30	-0.006802
(39,552)(409257,409773)(400000,450000)	JASDQU010737418.1	425000	515	-0.002436
(515,1092)(50181,83720)(50000,100000)	JASDQU010737431.1	75000	579	0.004351
(368,456)(108796,108888)(100000,150000)	JASDQU010737436.1	125000	90	0.073554
(843,3143)(53746,99061)(50000,100000)	JASDQU010737473.1	75000	2302	0.207994
(141,767)(140771,141407)(100000,150000)	JASDQU010737474.1	125000	628	0.011331
(372,581)(98113,98326)(50000,100000)	JASDQU010737488.1	75000	211	0.000314
(1984,5577)(50230,99318)(50000,100000)	JASDQU010737489.1	75000	3595	0.526019
(253,767)(90483,91006)(50000,100000)	JASDQU010737508.1	75000	516	-0.007194
(768,1134)(117080,133169)(100000,150000)	JASDQU010737508.1	125000	368	0.012253
(507,669)(55333,55496)(50000,100000)	JASDQU010737520.1	75000	164	0.108173
(670,1217)(152932,153525)(150000,200000)	JASDQU010737520.1	175000	549	0.285548
(284,298)(176623,176643)(150000,200000)	JASDQU010737536.1	175000	16	0.047477
(299,835)(293281,293922)(250000,300000)	JASDQU010737536.1	275000	538	0.041553
(836,1017)(378145,378344)(350000,400000)	JASDQU010737536.1	375000	183	0.100467
(87,257)(50350,50543)(50000,100000)	JASDQU010737549.1	75000	172	0.007671
(258,635)(240950,241330)(200000,250000)	JASDQU010737549.1	225000	379	0.021167
(245,7164)(51590,99792)(50000,100000)	JASDQU010737551.1	75000	6921	0.386371
(2187,2644)(214246,214729)(200000,250000)	JASDQU010737562.1	225000	459	0.131775
(141,278)(189558,189696)(150000,200000)	JASDQU010737580.1	175000	139	0.028331
(439,544)(321601,321716)(300000,350000)	JASDQU010737599.1	325000	107	0.228468
(1389,1717)(299148,299482)(250000,300000)	JASDQU010737607.1	275000	330	0.621812
(155,2822)(104628,108790)(100000,150000)	JASDQU010737634.1	125000	2669	0.369990
(33,52)(324058,324089)(300000,350000)	JASDQU010737637.1	325000	21	0.044908
(254,1375)(107340,127626)(100000,150000)	JASDQU010737650.1	125000	1123	0.155970
(40,941)(110686,111589)(100000,150000)	JASDQU010737652.1	125000	903	0.586732
(942,1044)(167653,168147)(150000,200000)	JASDQU010737652.1	175000	104	0.046247
(1045,1965)(296681,297634)(250000,300000)	JASDQU010737652.1	275000	922	0.391859
(242,346)(424884,424990)(400000,450000)	JASDQU010737653.1	425000	106	0.873638
(347,482)(457955,458193)(450000,500000)	JASDQU010737653.1	475000	137	0.438750
(198,503)(159793,160519)(150000,200000)	JASDQU010737655.1	175000	307	0.020033
(504,560)(214948,215057)(200000,250000)	JASDQU010737655.1	225000	58	0.123952
(8,6904)(220442,236251)(200000,250000)	JASDQU010737682.1	225000	6898	0.184777
(649,868)(225558,225787)(200000,250000)	JASDQU010737709.1	225000	221	0.213689
(869,1766)(354075,355036)(350000,400000)	JASDQU010737709.1	375000	899	0.284022
(2002,2075)(68692,68820)(50000,100000)	JASDQU010737723.1	75000	75	0.095124
(487,712)(108908,109414)(100000,150000)	JASDQU010737726.1	125000	227	0.040661
(72,655)(72399,94421)(50000,100000)	JASDQU010737739.1	75000	585	0.054211
(5,328)(75571,75965)(50000,100000)	JASDQU010737742.1	75000	325	0.052506
(92,369)(226208,226543)(200000,250000)	JASDQU010737750.1	225000	279	0.064098
(497,1340)(270396,271259)(250000,300000)	JASDQU010737777.1	275000	845	0.032891
(846,1062)(64425,64993)(50000,100000)	JASDQU010737779.1	75000	218	0.038586
(650,747)(97010,97148)(50000,100000)	JASDQU010737784.1	75000	99	0.027513
(748,897)(180864,181014)(150000,200000)	JASDQU010737784.1	175000	151	0.043592
(898,967)(208403,208549)(200000,250000)	JASDQU010737784.1	225000	71	0.094123
(309,1876)(54009,78512)(50000,100000)	JASDQU010737786.1	75000	1569	0.066247
(1877,2170)(183063,183456)(150000,200000)	JASDQU010737786.1	175000	295	0.025569
(2361,2633)(100000,141838)(100000,150000)	JASDQU010737787.1	125000	274	0.032887
(2634,2985)(173745,174115)(150000,200000)	JASDQU010737787.1	175000	353	0.337096
(709,1848)(59000,78448)(50000,100000)	JASDQU010737802.1	75000	1141	0.098515
(1849,2344)(217297,217827)(200000,250000)	JASDQU010737802.1	225000	497	-0.008600
(227,319)(331730,331832)(300000,350000)	JASDQU010737803.1	325000	94	0.094032
(316,951)(78097,78749)(50000,100000)	JASDQU010737809.1	75000	637	0.210487
(114,218)(121288,121407)(100000,150000)	JASDQU010737819.1	125000	106	0.018108
(201,3129)(181042,186230)(150000,200000)	JASDQU010737824.1	175000	2930	0.346991
(2071,2542)(171130,171613)(150000,200000)	JASDQU010737827.1	175000	473	0.027103
(893,926)(110060,110093)(100000,150000)	JASDQU010737828.1	125000	35	0.021190
(1413,1813)(159374,159967)(150000,200000)	JASDQU010737838.1	175000	402	0.295866
(316,1561)(116591,117883)(100000,150000)	JASDQU010737839.1	125000	1247	0.180844
(1276,1425)(108998,109159)(100000,150000)	JASDQU010737845.1	125000	151	0.049626
(105,723)(300229,300870)(300000,350000)	JASDQU010737868.1	325000	620	0.391416
(497,819)(402163,402543)(400000,450000)	JASDQU010737870.1	425000	324	0.338386
(1253,1644)(268764,269172)(250000,300000)	JASDQU010737873.1	275000	393	0.370157
(1645,2604)(389912,390874)(350000,400000)	JASDQU010737873.1	375000	961	0.016859
(2605,3150)(545094,545639)(500000,550000)	JASDQU010737873.1	525000	547	0.018795
(18,1506)(300752,302417)(300000,350000)	JASDQU010737874.1	325000	1490	0.312754
(601,1415)(171163,172095)(150000,200000)	JASDQU010737890.1	175000	816	0.387159
(875,1227)(177827,178192)(150000,200000)	JASDQU010737898.1	175000	354	0.185464
(56,216)(144783,145178)(100000,150000)	JASDQU010737912.1	125000	162	-0.012025
(755,1313)(367419,367977)(350000,400000)	JASDQU010737927.1	375000	560	0.005083
(1314,6007)(423510,428915)(400000,450000)	JASDQU010737927.1	425000	4695	0.225823
(6008,6438)(538508,542571)(500000,550000)	JASDQU010737927.1	525000	432	0.069883
(6439,9060)(554777,589608)(550000,600000)	JASDQU010737927.1	575000	2623	0.410976
(2054,3012)(361523,362503)(350000,400000)	JASDQU010737929.1	375000	960	0.382773
(916,1916)(106765,148543)(100000,150000)	JASDQU010737947.1	125000	1002	0.011657
(1917,2240)(215396,215835)(200000,250000)	JASDQU010737947.1	225000	325	0.085579
(357,502)(223933,224078)(200000,250000)	JASDQU010737959.1	225000	147	0.344227
(132,362)(258469,258826)(250000,300000)	JASDQU010737965.1	275000	232	0.320556
(202,1804)(63626,66395)(50000,100000)	JASDQU010737972.1	75000	1604	0.317629
(2218,2358)(80569,80822)(50000,100000)	JASDQU010737978.1	75000	142	0.203341
(384,740)(59440,59840)(50000,100000)	JASDQU010737979.1	75000	358	0.173102
(741,6917)(262531,273175)(250000,300000)	JASDQU010737979.1	275000	6178	0.302625
(1604,2257)(375957,376638)(350000,400000)	JASDQU010738002.1	375000	655	0.302589
(221,922)(119065,120029)(100000,150000)	JASDQU010738011.1	125000	703	0.479121
(1568,1854)(125857,126198)(100000,150000)	JASDQU010738020.1	125000	288	0.041318
(1855,2018)(220956,221660)(200000,250000)	JASDQU010738020.1	225000	165	0.103430
(2019,5189)(261109,299791)(250000,300000)	JASDQU010738020.1	275000	3172	0.132705
(5190,5396)(302842,303097)(300000,350000)	JASDQU010738020.1	325000	208	0.079389
(5397,6530)(446677,449999)(400000,450000)	JASDQU010738020.1	425000	1135	0.484553
(6531,10072)(450000,499838)(450000,500000)	JASDQU010738020.1	475000	3543	0.150040
(10073,10416)(557596,557983)(550000,600000)	JASDQU010738020.1	575000	345	0.544261
(253,491)(244546,244786)(200000,250000)	JASDQU010738023.1	225000	240	0.403243
(545,1349)(72735,73543)(50000,100000)	JASDQU010738024.1	75000	806	0.052455
(1350,1393)(120162,120216)(100000,150000)	JASDQU010738024.1	125000	45	0.387703
(1394,1679)(169717,184754)(150000,200000)	JASDQU010738024.1	175000	287	0.088293
(1680,1841)(239704,239914)(200000,250000)	JASDQU010738024.1	225000	163	0.038798
(770,1178)(167983,168404)(150000,200000)	JASDQU010738029.1	175000	410	0.407863
(690,707)(153895,153918)(150000,200000)	JASDQU010738036.1	175000	19	0.071228
(3275,3704)(160779,161727)(150000,200000)	JASDQU010738043.1	175000	431	0.065790
(163,174)(153176,153243)(150000,200000)	JASDQU010738054.1	175000	13	0.078486
(2089,2318)(82141,82391)(50000,100000)	JASDQU010738077.1	75000	231	0.816002
(59,1420)(64963,66324)(50000,100000)	JASDQU010738083.1	75000	1363	0.682963
(333,1201)(123874,124750)(100000,150000)	JASDQU010738101.1	125000	870	0.398514
(536,577)(120323,120378)(100000,150000)	JASDQU010738106.1	125000	43	0.038634
(51,1054)(111749,112758)(100000,150000)	JASDQU010738124.1	125000	1005	0.124272
(1055,1189)(199861,199999)(150000,200000)	JASDQU010738124.1	175000	136	0.136200
(1190,1238)(200000,200048)(200000,250000)	JASDQU010738124.1	225000	50	0.010407
(30,381)(67395,67830)(50000,100000)	JASDQU010738135.1	75000	353	0.531327
(112,195)(126060,126154)(100000,150000)	JASDQU010738139.1	125000	85	0.306676
(145,440)(130398,132062)(100000,150000)	JASDQU010738164.1	125000	297	0.012838
(3679,3738)(79455,79520)(50000,100000)	JASDQU010738174.1	75000	61	0.122231
(3739,4416)(126070,126806)(100000,150000)	JASDQU010738174.1	125000	679	0.422952
(1119,2395)(118484,136538)(100000,150000)	JASDQU010738209.1	125000	1278	0.063670
(2624,2772)(77404,77713)(50000,100000)	JASDQU010738217.1	75000	150	0.046466
(136,309)(218243,218439)(200000,250000)	JASDQU010738233.1	225000	175	0.036604
(475,602)(272017,272555)(250000,300000)	JASDQU010738250.1	275000	129	0.042517
(594,1600)(398989,399999)(350000,400000)	JASDQU010738280.1	375000	1008	0.355280
(493,644)(297844,298022)(250000,300000)	JASDQU010738325.1	275000	153	0.331024
(1385,2093)(226300,227130)(200000,250000)	JASDQU010738349.1	225000	710	-0.019953
(2094,2539)(309043,309622)(300000,350000)	JASDQU010738349.1	325000	447	0.401408
(552,706)(184004,184160)(150000,200000)	JASDQU010738355.1	175000	156	0.017048
(3027,3452)(194429,194861)(150000,200000)	JASDQU010738364.1	175000	427	0.535079
(636,818)(55244,80911)(50000,100000)	JASDQU010738369.1	75000	184	0.094343
(562,590)(72923,72994)(50000,100000)	JASDQU010738373.1	75000	30	0.048302
(1075,1839)(155979,159365)(150000,200000)	JASDQU010738374.1	175000	766	0.020699
(29,144)(69816,73880)(50000,100000)	JASDQU010738376.1	75000	117	0.216639
(145,650)(103630,122925)(100000,150000)	JASDQU010738376.1	125000	507	0.110966
(3431,3473)(79373,79447)(50000,100000)	JASDQU010738377.1	75000	44	0.137716
(1210,2066)(427210,428119)(400000,450000)	JASDQU010738398.1	425000	858	0.700605
(8,3674)(159092,168333)(150000,200000)	JASDQU010738408.1	175000	3668	0.275953
(503,1615)(66846,89541)(50000,100000)	JASDQU010738410.1	75000	1114	0.093915
(22,374)(100000,100378)(100000,150000)	JASDQU010738414.1	125000	354	0.387515
(488,559)(56821,56902)(50000,100000)	JASDQU010738428.1	75000	73	0.066559
(583,1249)(157548,158233)(150000,200000)	JASDQU010738455.1	175000	668	0.044465
(1911,2302)(167528,168139)(150000,200000)	JASDQU010738461.1	175000	393	0.049500
(2145,3142)(211465,212464)(200000,250000)	JASDQU010738466.1	225000	999	0.154476
(1514,1960)(64219,64665)(50000,100000)	JASDQU010738467.1	75000	448	0.051500
(1961,2043)(102349,143245)(100000,150000)	JASDQU010738467.1	125000	84	0.090863
(461,1498)(190682,198491)(150000,200000)	JASDQU010738479.1	175000	1039	0.374303
(4523,5483)(56980,58000)(50000,100000)	JASDQU010738480.1	75000	962	0.236871
(345,373)(213643,213708)(200000,250000)	JASDQU010738489.1	225000	30	0.158960
(374,407)(345548,345608)(300000,350000)	JASDQU010738489.1	325000	35	-0.025106
(408,498)(506233,506338)(500000,550000)	JASDQU010738489.1	525000	92	0.180421
(499,809)(699680,699999)(650000,700000)	JASDQU010738489.1	675000	312	-0.005649
(810,1381)(700000,700620)(700000,750000)	JASDQU010738489.1	725000	573	0.575671
(209,757)(50554,64343)(50000,100000)	JASDQU010738493.1	75000	550	0.044751
(810,2713)(200905,246812)(200000,250000)	JASDQU010738510.1	225000	1905	0.296471
(17,288)(300428,327013)(300000,350000)	JASDQU010738529.1	325000	273	0.143375
(289,355)(387584,387672)(350000,400000)	JASDQU010738529.1	375000	68	0.104241
(1864,2052)(186892,187090)(150000,200000)	JASDQU010738533.1	175000	190	-0.002622
(1031,1273)(99488,99770)(50000,100000)	JASDQU010738540.1	75000	244	0.287667
(31,143)(89668,89964)(50000,100000)	JASDQU010738577.1	75000	114	0.039004
(144,962)(109570,110393)(100000,150000)	JASDQU010738577.1	125000	820	0.030261
(4983,6604)(214879,244559)(200000,250000)	JASDQU010738623.1	225000	1623	-0.014328
(383,627)(206515,207646)(200000,250000)	JASDQU010738625.1	225000	246	0.631965
(2401,3153)(217592,218347)(200000,250000)	JASDQU010738640.1	225000	754	0.005474
(3154,4319)(251638,281003)(250000,300000)	JASDQU010738640.1	275000	1167	0.221259
(707,710)(210629,210632)(200000,250000)	JASDQU010738642.1	225000	5	0.046294
(169,793)(217102,219485)(200000,250000)	JASDQU010738643.1	225000	626	0.019203
(794,1724)(604690,607816)(600000,650000)	JASDQU010738643.1	625000	932	0.307700
(113,248)(102205,102473)(100000,150000)	JASDQU010738656.1	125000	137	0.018266
(53,291)(236314,236552)(200000,250000)	JASDQU010738687.1	225000	240	0.034833
(676,1009)(125037,125422)(100000,150000)	JASDQU010738697.1	125000	335	0.216556
(193,1297)(196209,197589)(150000,200000)	JASDQU010738702.1	175000	1106	0.279257
(94,2851)(100794,107868)(100000,150000)	JASDQU010738704.1	125000	2759	0.295248
(2288,2547)(150000,150277)(150000,200000)	JASDQU010738706.1	175000	261	0.076562
(3425,4055)(176434,177180)(150000,200000)	JASDQU010738712.1	175000	632	-0.003502
(4056,4862)(232605,233425)(200000,250000)	JASDQU010738712.1	225000	808	0.010302
(1951,1970)(140773,140792)(100000,150000)	JASDQU010738717.1	125000	21	0.039546
(378,459)(118925,119036)(100000,150000)	JASDQU010738718.1	125000	83	0.023053
(460,1377)(170436,171367)(150000,200000)	JASDQU010738718.1	175000	919	0.118268
(376,1067)(118322,128820)(100000,150000)	JASDQU010738720.1	125000	693	0.202794
(1068,1663)(218458,219058)(200000,250000)	JASDQU010738720.1	225000	597	0.346145
(1340,1725)(150072,150483)(150000,200000)	JASDQU010738721.1	175000	387	0.092958
(586,2520)(121685,140748)(100000,150000)	JASDQU010738731.1	125000	1936	0.133911
(379,648)(455519,455802)(450000,500000)	JASDQU010738732.1	475000	271	0.049324
(86,167)(87119,87701)(50000,100000)	JASDQU010738739.1	75000	83	0.171992
(1424,2288)(90092,90958)(50000,100000)	JASDQU010738754.1	75000	866	0.477525
(2913,3317)(160308,193317)(150000,200000)	JASDQU010738758.1	175000	406	-0.035490
(117,552)(190951,191389)(150000,200000)	JASDQU010738761.1	175000	437	0.164736
(74,1043)(148466,149446)(100000,150000)	JASDQU010738785.1	125000	971	0.232594
(752,846)(192417,192513)(150000,200000)	JASDQU010738803.1	175000	96	0.041966
(847,1165)(252088,252452)(250000,300000)	JASDQU010738803.1	275000	320	0.207066
(1147,1961)(160345,161209)(150000,200000)	JASDQU010738806.1	175000	816	0.719061
(439,708)(253631,253932)(250000,300000)	JASDQU010738829.1	275000	271	0.132446
(709,1220)(301617,302239)(300000,350000)	JASDQU010738829.1	325000	513	0.249942
(1440,1976)(100905,101646)(100000,150000)	JASDQU010738833.1	125000	538	0.193780
(937,984)(126441,126504)(100000,150000)	JASDQU010738839.1	125000	49	0.060701
(318,720)(157770,158212)(150000,200000)	JASDQU010738844.1	175000	404	0.146690
(181,1859)(87111,96127)(50000,100000)	JASDQU010738847.1	75000	1680	0.213389
(4854,6116)(126313,127593)(100000,150000)	JASDQU010738852.1	125000	1264	0.674249
(10290,10894)(100000,100993)(100000,150000)	JASDQU010738858.1	125000	606	0.231326
(1109,1130)(161030,161060)(150000,200000)	JASDQU010738859.1	175000	23	0.025952
(1372,1386)(193523,193557)(150000,200000)	JASDQU010738866.1	175000	16	0.082112
(1387,1771)(304652,305071)(300000,350000)	JASDQU010738866.1	325000	386	0.022755
(206,694)(128905,129399)(100000,150000)	JASDQU010738869.1	125000	490	0.040338
(857,1079)(104941,105253)(100000,150000)	JASDQU010738870.1	125000	224	0.167765
(1290,1318)(133611,133647)(100000,150000)	JASDQU010738883.1	125000	30	0.160980
(1304,1929)(163022,163659)(150000,200000)	JASDQU010738891.1	175000	627	0.306207
(1429,1761)(82778,83150)(50000,100000)	JASDQU010738897.1	75000	334	0.281035
(1797,3201)(50000,51510)(50000,100000)	JASDQU010738908.1	75000	1406	0.033457
(194,469)(264451,264729)(250000,300000)	JASDQU010738918.1	275000	277	0.054097
(498,1379)(127209,128101)(100000,150000)	JASDQU010738936.1	125000	883	0.301201
(1380,1555)(250528,250900)(250000,300000)	JASDQU010738936.1	275000	177	0.073081
(1556,2483)(364200,376377)(350000,400000)	JASDQU010738936.1	375000	929	0.017045
(2484,2490)(430386,430417)(400000,450000)	JASDQU010738936.1	425000	8	0.043850
(2491,2651)(476729,496464)(450000,500000)	JASDQU010738936.1	475000	162	0.072311
(25,349)(58662,59129)(50000,100000)	JASDQU010738956.1	75000	326	0.065691
(2415,2578)(120476,120651)(100000,150000)	JASDQU010738991.1	125000	165	0.412375
(2579,2593)(229330,229351)(200000,250000)	JASDQU010738991.1	225000	16	0.076684
(2165,2432)(58166,88776)(50000,100000)	JASDQU010738994.1	75000	269	0.031040
(1036,1192)(112884,113043)(100000,150000)	JASDQU010738998.1	125000	158	0.015776
(3132,3438)(298802,299198)(250000,300000)	JASDQU010739005.1	275000	308	0.032594
(1,3811)(107388,137730)(100000,150000)	JASDQU010739006.1	125000	3812	0.324682
(845,988)(244078,244320)(200000,250000)	JASDQU010739007.1	225000	145	0.665522
(129,197)(81350,81453)(50000,100000)	JASDQU010739015.1	75000	70	0.064949
(198,480)(194512,194877)(150000,200000)	JASDQU010739015.1	175000	284	0.110806
(481,831)(223117,245191)(200000,250000)	JASDQU010739015.1	225000	352	0.162535
(268,463)(73823,74030)(50000,100000)	JASDQU010739033.1	75000	197	0.057532
(464,944)(159120,181049)(150000,200000)	JASDQU010739033.1	175000	482	0.041574
(945,1164)(446241,446532)(400000,450000)	JASDQU010739033.1	425000	221	0.118241
(9,777)(68405,69184)(50000,100000)	JASDQU010739055.1	75000	770	0.296057
(106,290)(65457,65655)(50000,100000)	JASDQU010739056.1	75000	186	0.145431
(190,842)(211971,244177)(200000,250000)	JASDQU010739060.1	225000	654	0.179204
(189,332)(426234,426400)(400000,450000)	JASDQU010739087.1	425000	145	0.061200
(333,456)(458638,459786)(450000,500000)	JASDQU010739087.1	475000	125	0.046748
(218,1561)(101514,103403)(100000,150000)	JASDQU010739092.1	125000	1345	0.244142
(205,303)(86487,86603)(50000,100000)	JASDQU010739115.1	75000	100	0.273661
(304,955)(109855,110547)(100000,150000)	JASDQU010739115.1	125000	653	0.083317
(956,1279)(153408,153734)(150000,200000)	JASDQU010739115.1	175000	325	0.277296
(142,368)(138171,138398)(100000,150000)	JASDQU010739129.1	125000	228	0.001834
(230,934)(363015,363732)(350000,400000)	JASDQU010739130.1	375000	706	0.178899
(77,896)(115999,144617)(100000,150000)	JASDQU010739139.1	125000	821	0.284998
(897,1436)(157086,180302)(150000,200000)	JASDQU010739139.1	175000	541	0.127961
(877,1406)(181654,182249)(150000,200000)	JASDQU010739140.1	175000	531	0.021973
(916,1074)(95770,95928)(50000,100000)	JASDQU010739153.1	75000	160	0.060953
(3353,8308)(356635,363314)(350000,400000)	JASDQU010739154.1	375000	4957	0.248317
(128,1896)(153576,155356)(150000,200000)	JASDQU010739180.1	175000	1770	0.485044
(1897,2095)(322623,323032)(300000,350000)	JASDQU010739180.1	325000	200	0.319077
(266,847)(69028,69645)(50000,100000)	JASDQU010739182.1	75000	583	0.222211
(119,747)(229043,229702)(200000,250000)	JASDQU010739185.1	225000	630	0.501305
(122,282)(114264,114434)(100000,150000)	JASDQU010739189.1	125000	162	0.833809
(1,316)(105491,119108)(100000,150000)	JASDQU010739191.1	125000	317	0.094856
(317,743)(198070,198513)(150000,200000)	JASDQU010739191.1	175000	428	0.124375
(523,1820)(121950,123255)(100000,150000)	JASDQU010739195.1	125000	1299	0.039364
(1821,1878)(173092,173225)(150000,200000)	JASDQU010739195.1	175000	59	0.249264
(59,1607)(67906,69838)(50000,100000)	JASDQU010739198.1	75000	1550	0.334266
(499,541)(301719,301767)(300000,350000)	JASDQU010739207.1	325000	44	0.346215
(542,956)(399576,399999)(350000,400000)	JASDQU010739207.1	375000	416	0.386860
(957,1134)(400000,400181)(400000,450000)	JASDQU010739207.1	425000	179	0.643475
(8,184)(178354,178610)(150000,200000)	JASDQU010739218.1	175000	178	0.101514
(603,826)(118357,118585)(100000,150000)	JASDQU010739234.1	125000	225	0.386489
(123,1281)(111804,112973)(100000,150000)	JASDQU010739238.1	125000	1160	0.260154
(1282,1292)(171307,171361)(150000,200000)	JASDQU010739238.1	175000	12	0.070431
(204,445)(297771,298026)(250000,300000)	JASDQU010739270.1	275000	243	0.100411
(1829,2129)(272080,272436)(250000,300000)	JASDQU010739276.1	275000	302	0.032844
(2130,2587)(327259,346949)(300000,350000)	JASDQU010739276.1	325000	459	0.085261
(2588,3183)(391838,392444)(350000,400000)	JASDQU010739276.1	375000	597	0.128182
(108,384)(93680,93958)(50000,100000)	JASDQU010739288.1	75000	278	0.031899
(3509,3917)(66604,67029)(50000,100000)	JASDQU010739299.1	75000	410	0.537642
(149,788)(175936,176601)(150000,200000)	JASDQU010739310.1	175000	641	0.073772
(605,1616)(59416,60441)(50000,100000)	JASDQU010739327.1	75000	1013	0.254453
(1617,1675)(245845,245908)(200000,250000)	JASDQU010739327.1	225000	60	0.566433
(1274,4661)(125418,131706)(100000,150000)	JASDQU010739345.1	125000	3389	0.493038
(1473,2843)(175456,176989)(150000,200000)	JASDQU010739382.1	175000	1372	0.455820
(2844,5201)(274876,277538)(250000,300000)	JASDQU010739382.1	275000	2359	0.551577
(396,624)(135662,135900)(100000,150000)	JASDQU010739402.1	125000	230	0.008349
(625,1742)(379507,399999)(350000,400000)	JASDQU010739402.1	375000	1119	0.117256
(622,1826)(162978,169347)(150000,200000)	JASDQU010739405.1	175000	1206	0.183865
(105,3398)(284370,288167)(250000,300000)	JASDQU010739409.1	275000	3295	0.379166
(997,2525)(107022,110368)(100000,150000)	JASDQU010739431.1	125000	1530	0.207266
(135,2664)(54209,94462)(50000,100000)	JASDQU010739446.1	75000	2531	0.127300
(32,650)(75326,75962)(50000,100000)	JASDQU010739489.1	75000	620	0.006143
(1333,1637)(233045,233370)(200000,250000)	JASDQU010739495.1	225000	306	0.161429
(1517,3018)(219583,221134)(200000,250000)	JASDQU010739497.1	225000	1503	0.055653
(219,529)(50000,99999)(50000,100000)	JASDQU010739499.1	75000	312	0.129084
(530,1342)(100000,101082)(100000,150000)	JASDQU010739499.1	125000	814	0.065720
(341,1742)(105194,106597)(100000,150000)	JASDQU010739514.1	125000	1403	0.229787
(339,1920)(264490,267272)(250000,300000)	JASDQU010739533.1	275000	1583	0.193576
(49,169)(117564,117801)(100000,150000)	JASDQU010739575.1	125000	122	0.096321
(2418,4421)(58757,62199)(50000,100000)	JASDQU010739582.1	75000	2005	0.479777
(1858,2784)(171609,172559)(150000,200000)	JASDQU010739664.1	175000	928	0.087765
(460,830)(112216,113097)(100000,150000)	JASDQU010739669.1	125000	372	0.126951
(1083,1117)(111583,111637)(100000,150000)	JASDQU010739673.1	125000	36	-0.001283
(1118,1277)(192819,192986)(150000,200000)	JASDQU010739673.1	175000	161	0.001343
(1278,2627)(236206,237557)(200000,250000)	JASDQU010739673.1	225000	1351	0.070177
(887,1258)(170362,180711)(150000,200000)	JASDQU010739677.1	175000	373	0.366467
(453,1376)(120786,135821)(100000,150000)	JASDQU010739692.1	125000	925	0.034420
(823,1420)(210079,210899)(200000,250000)	JASDQU010739697.1	225000	599	0.036260
(1725,1812)(221045,245702)(200000,250000)	JASDQU010739699.1	225000	89	0.093709
(2231,6661)(208384,224302)(200000,250000)	JASDQU010739700.1	225000	4432	0.897417
(6662,7950)(261463,263244)(250000,300000)	JASDQU010739700.1	275000	1290	0.613219
(1298,2062)(116382,117149)(100000,150000)	JASDQU010739703.1	125000	766	0.406668
(1386,2020)(198779,199472)(150000,200000)	JASDQU010739706.1	175000	636	0.018339
(3128,3205)(90928,91062)(50000,100000)	JASDQU010739737.1	75000	79	0.111181
(244,462)(183504,183738)(150000,200000)	JASDQU010739743.1	175000	220	0.015664
(463,694)(200691,201886)(200000,250000)	JASDQU010739743.1	225000	233	0.080233
(695,1037)(313542,313981)(300000,350000)	JASDQU010739743.1	325000	344	0.068540
(1896,5932)(200059,237614)(200000,250000)	JASDQU010739752.1	225000	4038	0.403108
(5933,6763)(288386,289260)(250000,300000)	JASDQU010739752.1	275000	832	0.142292
(1652,3442)(52114,53904)(50000,100000)	JASDQU010739759.1	75000	1792	0.259376
(3549,4213)(211226,212513)(200000,250000)	JASDQU010739773.1	225000	666	0.240383
(808,9562)(68091,95221)(50000,100000)	JASDQU010739779.1	75000	8756	0.710738
(9563,9809)(163818,164064)(150000,200000)	JASDQU010739779.1	175000	248	0.282595
(511,3621)(115853,124383)(100000,150000)	JASDQU010739789.1	125000	3112	0.104940
(2524,2844)(214604,215211)(200000,250000)	JASDQU010739797.1	225000	322	0.040836
(66,1110)(107875,109008)(100000,150000)	JASDQU010739802.1	125000	1046	0.074471
(506,515)(131605,131614)(100000,150000)	JASDQU010739830.1	125000	11	0.035432
(2235,4816)(50415,54031)(50000,100000)	JASDQU010739847.1	75000	2583	0.445840
(626,1044)(273693,274118)(250000,300000)	JASDQU010739871.1	275000	420	0.191002
(1236,1617)(157355,157766)(150000,200000)	JASDQU010739874.1	175000	383	0.210781
(1403,1437)(108054,111679)(100000,150000)	JASDQU010739889.1	125000	36	0.103499
(248,274)(163082,163108)(150000,200000)	JASDQU010739907.1	175000	28	0.036847
(275,283)(220417,220425)(200000,250000)	JASDQU010739907.1	225000	10	0.056149
(139,406)(154761,155036)(150000,200000)	JASDQU010739920.1	175000	269	0.121112
(1004,1316)(121292,121768)(100000,150000)	JASDQU010739946.1	125000	314	0.353990
(23,1800)(316303,320632)(300000,350000)	JASDQU010739955.1	325000	1779	0.160100
(97,332)(298629,298914)(250000,300000)	JASDQU010739960.1	275000	237	0.117501
(591,629)(80771,80810)(50000,100000)	JASDQU010739961.1	75000	40	0.047653
(3,2299)(142083,144398)(100000,150000)	JASDQU010739968.1	125000	2298	0.392714
(2300,6427)(185716,199999)(150000,200000)	JASDQU010739968.1	175000	4129	0.296846
(637,908)(105523,105811)(100000,150000)	JASDQU010739971.1	125000	273	0.027430
(909,1198)(196933,197224)(150000,200000)	JASDQU010739971.1	175000	291	0.004920
(1442,1743)(266657,267154)(250000,300000)	JASDQU010739981.1	275000	303	0.032420
(2224,3302)(100000,103196)(100000,150000)	JASDQU010750296.1	125000	1080	0.524107
(184,244)(61562,61681)(50000,100000)	JASDQU010750345.1	75000	62	0.028198
(4132,4455)(52575,53079)(50000,100000)	JASDQU010750355.1	75000	325	0.250198
(138,285)(86650,86805)(50000,100000)	JASDQU010750468.1	75000	149	0.097485
(886,2749)(54259,99246)(50000,100000)	JASDQU010750867.1	75000	1865	0.336640
(748,1047)(61478,61848)(50000,100000)	JASDQU010750877.1	75000	301	0.001235
(619,2541)(51917,55228)(50000,100000)	JASDQU010750987.1	75000	1924	0.442756
(4662,5756)(50571,60082)(50000,100000)	JASDQU010751038.1	75000	1096	0.333538
(328,2900)(50000,53816)(50000,100000)	JASDQU010751357.1	75000	2574	0.138710
(129,4616)(55893,63453)(50000,100000)	JASDQU010751389.1	75000	4489	0.471194
(73,524)(59725,60222)(50000,100000)	JASDQU010751401.1	75000	453	0.084498
(711,717)(59181,59187)(50000,100000)	JASDQU010751449.1	75000	8	0.042549
(329,1124)(57114,57912)(50000,100000)	JASDQU010751757.1	75000	797	0.173732
(161,380)(50403,50628)(50000,100000)	JASDQU010751759.1	75000	221	0.147803
(277,1045)(60071,60847)(50000,100000)	JASDQU010751894.1	75000	770	0.285276
(100,108)(57647,57657)(50000,100000)	JASDQU010752090.1	75000	10	0.097633
(307,328)(67091,67112)(50000,100000)	JASDQU010752212.1	75000	23	0.122542
(10,512)(73626,74258)(50000,100000)	JASDQU010752296.1	75000	504	0.026202
(686,1542)(50819,58073)(50000,100000)	JASDQU010752440.1	75000	858	0.057774
(1190,1273)(69939,70024)(50000,100000)	JASDQU010752583.1	75000	85	0.049257
(197,403)(291563,291779)(250000,300000)	JASDQU010752600.1	275000	208	0.284414
(404,652)(342558,342854)(300000,350000)	JASDQU010752600.1	325000	250	0.035358
(462,517)(70897,70973)(50000,100000)	JASDQU010752655.1	75000	57	0.082539
(2,1951)(72378,76664)(50000,100000)	JASDQU010752754.1	75000	1951	0.141378
(202,672)(50000,50503)(50000,100000)	JASDQU010752819.1	75000	472	0.154964
(195,931)(78348,79091)(50000,100000)	JASDQU010752822.1	75000	738	0.356204
(328,1043)(75507,76257)(50000,100000)	JASDQU010753111.1	75000	717	0.284411
(906,2291)(75720,77262)(50000,100000)	JASDQU010753471.1	75000	1387	0.533955
(326,641)(63825,64198)(50000,100000)	JASDQU010753600.1	75000	317	0.358867
(931,3672)(50000,60079)(50000,100000)	JASDQU010753871.1	75000	2743	0.095833
(2509,4742)(52360,72199)(50000,100000)	JASDQU010753988.1	75000	2235	0.309853
(23,79)(67291,67363)(50000,100000)	JASDQU010754119.1	75000	58	0.052871
(467,850)(50838,51226)(50000,100000)	JASDQU010754167.1	75000	385	0.129889
(853,909)(51101,51183)(50000,100000)	JASDQU010754215.1	75000	58	0.136555
(153,1480)(55781,57162)(50000,100000)	JASDQU010754483.1	75000	1329	0.634015
(5,4039)(79284,86432)(50000,100000)	JASDQU010754526.1	75000	4036	0.318495
(463,670)(50000,50208)(50000,100000)	JASDQU010754586.1	75000	209	0.140449
(505,606)(50000,50104)(50000,100000)	JASDQU010755001.1	75000	103	0.036191
(906,1059)(171337,171521)(150000,200000)	JASDQU010790031.1	175000	155	0.083584
(702,1076)(292680,293072)(250000,300000)	JASDQU010790038.1	275000	376	0.201831
(20,1097)(150000,189272)(150000,200000)	JASDQU010790043.1	175000	1079	0.451457
(1017,1060)(90265,90308)(50000,100000)	JASDQU010790072.1	75000	45	0.667808
(47,647)(71656,72375)(50000,100000)	JASDQU010790081.1	75000	602	0.105225
(286,346)(186958,187020)(150000,200000)	JASDQU010790114.1	175000	62	0.735705
(211,515)(261242,261549)(250000,300000)	JASDQU010790143.1	275000	306	0.035738
(253,1460)(62789,64217)(50000,100000)	JASDQU010790161.1	75000	1209	0.135310
(64,1128)(69407,70476)(50000,100000)	JASDQU010790174.1	75000	1066	0.401609
(101,321)(312318,312542)(300000,350000)	JASDQU010790190.1	325000	222	0.005091
(593,685)(195834,195964)(150000,200000)	JASDQU010790208.1	175000	94	0.248058
(11,704)(110310,111028)(100000,150000)	JASDQU010790211.1	125000	695	0.291191
(705,1499)(219412,220226)(200000,250000)	JASDQU010790211.1	225000	796	0.501140
(53,858)(84494,85316)(50000,100000)	JASDQU010790214.1	75000	807	0.168959
(859,1092)(175597,175836)(150000,200000)	JASDQU010790214.1	175000	235	0.034928
(524,1298)(159458,168016)(150000,200000)	JASDQU010790220.1	175000	776	0.018218
(796,1570)(302414,309258)(300000,350000)	JASDQU010790222.1	325000	776	0.224974
(1193,2058)(100708,101574)(100000,150000)	JASDQU010790239.1	125000	867	0.046797
(481,3085)(118766,121378)(100000,150000)	JASDQU010790241.1	125000	2606	0.504795
(571,1333)(159852,192036)(150000,200000)	JASDQU010790255.1	175000	764	0.189656
(1763,1990)(87708,87952)(50000,100000)	JASDQU010791147.1	75000	229	0.107894
(742,1494)(53317,54127)(50000,100000)	JASDQU010815204.1	75000	754	0.044669
(1452,1812)(59312,59725)(50000,100000)	JASDQU010815396.1	75000	362	0.228593
(53,108)(59174,59242)(50000,100000)	JASDQU010815595.1	75000	57	0.220681
(194,648)(51698,52236)(50000,100000)	JASDQU010815606.1	75000	456	0.602762
(88,1290)(50016,51348)(50000,100000)	JASDQU010815612.1	75000	1204	0.210962
(1049,1064)(63731,63767)(50000,100000)	JASDQU010815670.1	75000	17	0.065172
(219,3898)(52304,56008)(50000,100000)	JASDQU010816204.1	75000	3681	0.266500
(397,676)(59381,90056)(50000,100000)	JASDQU010816213.1	75000	281	0.064894
(624,882)(59457,59754)(50000,100000)	JASDQU010816255.1	75000	260	-0.011323
(301,549)(57276,63139)(50000,100000)	JASDQU010816454.1	75000	250	0.063003
(1315,1942)(58772,59473)(50000,100000)	JASDQU010816608.1	75000	629	0.363867
(1821,2344)(57277,57807)(50000,100000)	JASDQU010816639.1	75000	525	0.072100
(2251,5025)(50008,53442)(50000,100000)	JASDQU010817002.1	75000	2776	0.519856
(350,1300)(50000,87558)(50000,100000)	JASDQU010817057.1	75000	952	0.468077
(298,1581)(50267,51564)(50000,100000)	JASDQU010817119.1	75000	1285	0.278333
(262,1046)(109837,124705)(100000,150000)	JASDQU010817432.1	125000	786	0.218395
(119,150)(53716,53751)(50000,100000)	JASDQU010817601.1	75000	33	0.037504
(870,2578)(61531,63344)(50000,100000)	JASDQU010817610.1	75000	1710	0.285222
(1355,1424)(61820,61898)(50000,100000)	JASDQU010817725.1	75000	71	0.072688
(253,328)(58020,58101)(50000,100000)	JASDQU010817811.1	75000	77	0.110123
(60,906)(67616,68465)(50000,100000)	JASDQU010817948.1	75000	848	0.171742
(894,1555)(52656,74715)(50000,100000)	JASDQU010818020.1	75000	663	0.677348
(376,671)(55559,56939)(50000,100000)	JASDQU010818022.1	75000	297	0.605736
(2592,3616)(52981,54007)(50000,100000)	JASDQU010818033.1	75000	1026	0.276969
(1077,3393)(50895,53217)(50000,100000)	JASDQU010818159.1	75000	2318	0.599846
(932,1120)(51376,51583)(50000,100000)	JASDQU010818187.1	75000	190	0.041605
(555,1211)(50000,50657)(50000,100000)	JASDQU010818229.1	75000	658	0.223695
(671,758)(59974,60098)(50000,100000)	JASDQU010818566.1	75000	89	0.073293
(1834,2926)(59865,60960)(50000,100000)	JASDQU010818660.1	75000	1094	0.255585
(788,1042)(50528,50782)(50000,100000)	JASDQU010818938.1	75000	256	0.623861
(295,835)(50336,71483)(50000,100000)	JASDQU010819067.1	75000	542	0.035434
(664,682)(50572,50594)(50000,100000)	JASDQU010819137.1	75000	20	0.070931
(1707,2087)(51909,52313)(50000,100000)	JASDQU010819245.1	75000	382	-0.005245
(859,2298)(51072,81860)(50000,100000)	JASDQU010819289.1	75000	1441	0.287594
(2836,2911)(65979,66070)(50000,100000)	JASDQU010819522.1	75000	77	0.045693
(125,941)(50000,50817)(50000,100000)	JASDQU010819530.1	75000	818	0.254014
(122,1290)(234436,247314)(200000,250000)	JASDQU010819606.1	225000	1170	0.183123
(521,581)(51887,51948)(50000,100000)	JASDQU010819785.1	75000	62	0.049230
(4033,4187)(51258,51444)(50000,100000)	JASDQU010819825.1	75000	156	0.251750
(577,1273)(52372,53076)(50000,100000)	JASDQU010819855.1	75000	698	0.117084
(863,1772)(67811,68877)(50000,100000)	JASDQU010819885.1	75000	911	0.175067
(37,2475)(62598,65047)(50000,100000)	JASDQU010819964.1	75000	2440	0.222519
(339,478)(63251,63525)(50000,100000)	JASDQU010820069.1	75000	141	0.031165
(799,914)(55393,55811)(50000,100000)	JASDQU010876561.1	75000	117	0.355843
(706,1840)(57048,58187)(50000,100000)	JASDQU010880482.1	75000	1136	0.215756
(1188,2458)(64148,65437)(50000,100000)	JASDQU010880621.1	75000	1272	0.660782
(1715,2296)(79922,86457)(50000,100000)	JASDQU010881023.1	75000	583	0.052829
(878,2848)(51675,54852)(50000,100000)	JASDQU010881045.1	75000	1972	0.117822
(559,843)(67770,68177)(50000,100000)	JASDQU010881211.1	75000	286	0.269960
(67,620)(50384,50943)(50000,100000)	JASDQU010881267.1	75000	555	0.264496
(596,1002)(53165,53623)(50000,100000)	JASDQU010881337.1	75000	408	0.045155
(408,426)(50284,50306)(50000,100000)	JASDQU010881816.1	75000	20	0.007759
(1050,1572)(50811,52162)(50000,100000)	JASDQU010881862.1	75000	524	-0.008842
(1223,1618)(57745,58142)(50000,100000)	JASDQU010881878.1	75000	397	0.075741
(1051,1210)(59101,59387)(50000,100000)	JASDQU010882052.1	75000	161	0.041151
(656,1365)(51810,52713)(50000,100000)	JASDQU010882308.1	75000	711	0.218005
(765,844)(50041,50132)(50000,100000)	JASDQU010882325.1	75000	81	0.034321
(2932,3461)(50000,50545)(50000,100000)	JASDQU010882338.1	75000	531	0.261900
(52,792)(89755,90515)(50000,100000)	JASDQU010882404.1	75000	742	0.008182
(1349,2277)(87449,88427)(50000,100000)	JASDQU010882841.1	75000	930	0.050601
(468,519)(57506,57728)(50000,100000)	JASDQU010883077.1	75000	53	0.038504
(860,1431)(50000,50573)(50000,100000)	JASDQU010883104.1	75000	573	0.155821
(505,1264)(80879,81737)(50000,100000)	JASDQU010883146.1	75000	761	0.733739
(60,308)(60808,61130)(50000,100000)	JASDQU010883150.1	75000	250	0.046937
(451,539)(50025,51671)(50000,100000)	JASDQU010883174.1	75000	90	0.660509
(746,1868)(50000,52808)(50000,100000)	JASDQU010883182.1	75000	1124	0.123684
(1515,1716)(53690,54101)(50000,100000)	JASDQU010883199.1	75000	203	0.032634
(120,199)(80762,80847)(50000,100000)	JASDQU010883216.1	75000	81	0.333646
(9,1034)(50000,65818)(50000,100000)	JASDQU010883259.1	75000	1027	0.172871
(510,516)(58652,58659)(50000,100000)	JASDQU010883362.1	75000	8	0.062222
(1028,1634)(50096,50712)(50000,100000)	JASDQU010883554.1	75000	608	0.225827
(607,5790)(57783,99357)(50000,100000)	JASDQU010883560.1	75000	5185	0.172663
(111,191)(51783,53728)(50000,100000)	JASDQU010883855.1	75000	82	0.041872
(1553,2363)(56544,57354)(50000,100000)	JASDQU010883864.1	75000	812	0.187693
(1489,2293)(60609,61459)(50000,100000)	JASDQU010884429.1	75000	806	0.143087
(932,1676)(64357,65119)(50000,100000)	JASDQU010884647.1	75000	746	0.604248
(1881,3228)(57883,59410)(50000,100000)	JASDQU010884775.1	75000	1349	0.201427
(691,881)(51316,51565)(50000,100000)	JASDQU010884803.1	75000	192	0.051451
(1114,2200)(50257,53941)(50000,100000)	JASDQU010885045.1	75000	1088	0.600930
(34,372)(53633,53983)(50000,100000)	JASDQU010945714.1	75000	340	0.025995
(121,639)(51488,52067)(50000,100000)	JASDQU010945910.1	75000	520	0.155077
(1087,1314)(70995,78147)(50000,100000)	JASDQU010946131.1	75000	229	0.295042
(168,174)(59281,59288)(50000,100000)	JASDQU010946592.1	75000	8	0.042562
(2902,3473)(68337,68974)(50000,100000)	JASDQU010946743.1	75000	573	0.064626
(1071,2282)(61662,76506)(50000,100000)	JASDQU010946749.1	75000	1213	0.305609
(151,1043)(50000,55119)(50000,100000)	JASDQU010947234.1	75000	894	0.033734
(962,1833)(50000,50926)(50000,100000)	JASDQU010947384.1	75000	873	0.448238
(544,1010)(60246,64833)(50000,100000)	JASDQU010947447.1	75000	468	0.193591
(910,911)(64069,64070)(50000,100000)	JASDQU010947739.1	75000	3	0.046333
(136,1769)(57318,59433)(50000,100000)	JASDQU010947883.1	75000	1635	0.582258
(1097,2080)(56180,57166)(50000,100000)	JASDQU010947904.1	75000	985	0.196252
(703,1236)(156295,156966)(150000,200000)	JASDQU010948289.1	175000	535	0.054296
(21,377)(106637,106993)(100000,150000)	JASDQU010948793.1	125000	358	0.038145
(689,1527)(69748,77124)(50000,100000)	JASDQU010949023.1	75000	840	0.052188
(855,1331)(137545,138061)(100000,150000)	JASDQU010949242.1	125000	478	0.327998
(2631,2840)(55436,55745)(50000,100000)	JASDQU010949344.1	75000	211	0.039119
(861,1105)(51335,52217)(50000,100000)	JASDQU010949672.1	75000	246	0.085306
(538,4736)(50099,56246)(50000,100000)	JASDQU010949870.1	75000	4200	0.836151
(1601,2074)(69916,70505)(50000,100000)	JASDQU010949877.1	75000	475	0.202523
(206,705)(51397,51947)(50000,100000)	JASDQU011026091.1	75000	501	0.138017
(169,552)(51688,52091)(50000,100000)	JASDQU011026178.1	75000	385	0.024296
(278,456)(208194,208510)(200000,250000)	JASDQU011026240.1	225000	180	0.043437
(457,694)(349405,349644)(300000,350000)	JASDQU011026240.1	325000	239	0.165190
(1936,4300)(55928,58317)(50000,100000)	JASDQU011026724.1	75000	2366	0.198895
(470,824)(69577,69971)(50000,100000)	JASDQU011026955.1	75000	356	0.022901
(215,1665)(61567,64139)(50000,100000)	JASDQU011027068.1	75000	1452	0.094600
(754,1960)(123088,142549)(100000,150000)	JASDQU011027133.1	125000	1208	0.148227
(766,1381)(50000,50615)(50000,100000)	JASDQU011027205.1	75000	617	0.177600
(538,623)(54871,54959)(50000,100000)	JASDQU011027601.1	75000	87	0.688063
(4196,4249)(50000,50053)(50000,100000)	JASDQU011027713.1	75000	55	0.636936
(113,1217)(84108,91806)(50000,100000)	JASDQU011027718.1	75000	1106	0.267479
(1991,2261)(50000,50270)(50000,100000)	JASDQU011027726.1	75000	272	0.075730
(975,1426)(51931,52385)(50000,100000)	JASDQU011027758.1	75000	453	0.011039
(1439,1448)(70036,70045)(50000,100000)	JASDQU011027821.1	75000	11	0.037061
(1915,2046)(53057,53219)(50000,100000)	JASDQU011028597.1	75000	133	0.560571
(236,870)(51747,52382)(50000,100000)	JASDQU011029195.1	75000	636	0.416317
(61,890)(57302,63921)(50000,100000)	JASDQU011029362.1	75000	831	0.041073
(129,656)(50000,50575)(50000,100000)	JASDQU011029463.1	75000	529	0.131496
(4260,4698)(54382,54981)(50000,100000)	JASDQU011029927.1	75000	440	0.372448
(51,4468)(338723,343522)(300000,350000)	JASDQU011047675.1	325000	4419	0.196968
(175,234)(74123,74188)(50000,100000)	JASDQU011057441.1	75000	61	0.024586
(235,2301)(108512,142134)(100000,150000)	JASDQU011057441.1	125000	2068	0.252516
(2302,2414)(189307,189445)(150000,200000)	JASDQU011057441.1	175000	114	0.140487
(6,858)(55962,76392)(50000,100000)	JASDQU011090307.1	75000	854	0.106376
(230,1115)(198128,199021)(150000,200000)	JASDQU011100137.1	175000	887	0.305030
(229,460)(56353,56588)(50000,100000)	JASDQU011100320.1	75000	233	0.224709
(1830,4105)(100202,103032)(100000,150000)	JASDQU011100890.1	125000	2277	0.263077
(314,711)(59093,59676)(50000,100000)	JASDQU011101469.1	75000	399	0.194695
(47,757)(146308,147021)(100000,150000)	JASDQU011101950.1	125000	712	0.149353
(758,2060)(157611,158990)(150000,200000)	JASDQU011101950.1	175000	1304	0.130290
(276,419)(63403,63620)(50000,100000)	JASDQU011102881.1	75000	145	0.031069
(659,826)(60285,60512)(50000,100000)	JASDQU011102940.1	75000	169	0.090069
(1393,1839)(50000,50446)(50000,100000)	JASDQU011102979.1	75000	448	0.085167
(33,3060)(83001,98316)(50000,100000)	JASDQU011104464.1	75000	3029	0.157452
(1582,3644)(53851,55956)(50000,100000)	JASDQU011104684.1	75000	2064	0.725431
(1669,2516)(187072,187931)(150000,200000)	JASDQU011122177.1	175000	849	0.125506
(279,1628)(58283,59641)(50000,100000)	JASDQU011175362.1	75000	1351	0.193645
(469,1492)(80155,85509)(50000,100000)	JASDQU011175703.1	75000	1025	0.430318
(579,1181)(62907,66107)(50000,100000)	JASDQU011175798.1	75000	604	0.456267
(484,602)(50000,50149)(50000,100000)	JASDQU011176017.1	75000	120	0.017654
(309,917)(65655,66267)(50000,100000)	JASDQU011176270.1	75000	610	0.416437
(410,1832)(132364,133798)(100000,150000)	JASDQU011176611.1	125000	1424	0.714826
(1833,2423)(167362,197541)(150000,200000)	JASDQU011176611.1	175000	592	0.397953
(105,2800)(66456,86331)(50000,100000)	JASDQU011176702.1	75000	2697	0.326925
(105,707)(50963,51582)(50000,100000)	JASDQU011176767.1	75000	604	0.159172
(8,898)(57742,58654)(50000,100000)	JASDQU011177355.1	75000	892	0.066587
(606,669)(55362,55461)(50000,100000)	JASDQU011245674.1	75000	65	0.408478
(1177,1283)(150158,150293)(150000,200000)	JASDQU011246091.1	175000	108	0.171635
(1679,5488)(50000,57703)(50000,100000)	JASDQU011248294.1	75000	3811	0.325791
(199,520)(50000,50346)(50000,100000)	JASDQU011248631.1	75000	323	0.127539
(800,1044)(52462,52845)(50000,100000)	JASDQU011249010.1	75000	246	0.053070
(347,494)(58409,58557)(50000,100000)	JASDQU011249571.1	75000	149	0.110346
(1046,1092)(52151,52215)(50000,100000)	JASDQU011249596.1	75000	48	0.046957
(409,888)(53740,54232)(50000,100000)	JASDQU011311986.1	75000	481	0.562173
(836,1743)(154577,181826)(150000,200000)	JASDQU011313221.1	175000	909	0.082216
(3769,4848)(50000,51097)(50000,100000)	JASDQU011313769.1	75000	1081	0.115022
(1066,1245)(50602,50781)(50000,100000)	JASDQU011314294.1	75000	181	-0.009411
(305,1231)(143569,145051)(100000,150000)	JASDQU011314609.1	125000	928	0.058613
(2538,2783)(61896,62312)(50000,100000)	JASDQU011375930.1	75000	247	0.070315
(551,1133)(57047,57639)(50000,100000)	JASDQU011376456.1	75000	584	0.138106
(332,1376)(53974,55105)(50000,100000)	JASDQU011376502.1	75000	1046	0.550169
(992,1100)(55496,55608)(50000,100000)	JASDQU011400325.1	75000	110	0.033680
(74,1092)(96945,99266)(50000,100000)	JASDQU011400373.1	75000	1020	0.172871
(139,786)(112862,133244)(100000,150000)	JASDQU011400606.1	125000	649	0.028185
(944,1807)(111874,134390)(100000,150000)	JASDQU011400675.1	125000	865	0.064859
(133,2238)(55949,97797)(50000,100000)	JASDQU011400786.1	75000	2107	0.207966
(1177,1616)(50122,50746)(50000,100000)	JASDQU011400844.1	75000	441	0.116867
(406,940)(53573,54164)(50000,100000)	JASDQU011400871.1	75000	536	0.193179
(950,1648)(96290,97000)(50000,100000)	JASDQU011400881.1	75000	700	0.281759
(280,872)(128009,128631)(100000,150000)	JASDQU011401030.1	125000	594	0.129476
(1232,1258)(83278,83337)(50000,100000)	JASDQU011401076.1	75000	28	0.055164
(1796,2492)(56542,57252)(50000,100000)	JASDQU011401091.1	75000	698	0.553847
(312,345)(91397,91431)(50000,100000)	JASDQU011401098.1	75000	35	0.004492
(156,324)(75970,76307)(50000,100000)	JASDQU011401146.1	75000	170	0.102588
(469,486)(119269,119292)(100000,150000)	JASDQU011401187.1	125000	19	0.001289
(933,1520)(73491,74088)(50000,100000)	JASDQU011401198.1	75000	589	0.186015
(919,2552)(82850,91646)(50000,100000)	JASDQU011401275.1	75000	1635	0.466581
(1820,3126)(60916,64093)(50000,100000)	JASDQU011401433.1	75000	1308	0.133660
(2948,3472)(50051,50625)(50000,100000)	JASDQU011401442.1	75000	526	0.272423
(26,897)(253049,253922)(250000,300000)	JASDQU011401562.1	275000	873	0.211579
(26,195)(62885,63093)(50000,100000)	JASDQU011401581.1	75000	171	0.399669
(413,1343)(80618,82204)(50000,100000)	JASDQU011401604.1	75000	932	0.418504
(543,2730)(50000,55314)(50000,100000)	JASDQU011401672.1	75000	2189	0.172675
(444,1210)(50389,88888)(50000,100000)	JASDQU011401674.1	75000	768	0.032286
(862,2105)(67408,71821)(50000,100000)	JASDQU011401715.1	75000	1245	0.378644
(2974,3886)(60693,61614)(50000,100000)	JASDQU011401720.1	75000	914	0.405503
(651,746)(51938,52068)(50000,100000)	JASDQU011401910.1	75000	97	0.125505
(37,2707)(85113,92022)(50000,100000)	JASDQU011401970.1	75000	2672	0.419262
(894,1081)(57023,57222)(50000,100000)	JASDQU011401989.1	75000	189	0.499078
(493,1206)(69969,70683)(50000,100000)	JASDQU011402044.1	75000	715	0.678412
(183,760)(62025,62608)(50000,100000)	JASDQU011402062.1	75000	579	0.288697
(2012,2477)(81699,82189)(50000,100000)	JASDQU011402132.1	75000	467	0.036666
(1995,3824)(59933,70547)(50000,100000)	JASDQU011402168.1	75000	1831	0.049898
(1700,1804)(63015,63124)(50000,100000)	JASDQU011402560.1	75000	106	0.220867
(586,776)(50001,50283)(50000,100000)	JASDQU011402609.1	75000	192	0.179809
(544,1686)(67142,72251)(50000,100000)	JASDQU011402654.1	75000	1144	0.007015
(1880,2447)(54846,55459)(50000,100000)	JASDQU011402682.1	75000	569	0.038219
(1444,1923)(55763,70442)(50000,100000)	JASDQU011402732.1	75000	481	0.085907
(517,1792)(50554,51841)(50000,100000)	JASDQU011402746.1	75000	1277	0.385672
(368,1390)(75908,76962)(50000,100000)	JASDQU011402830.1	75000	1024	0.170568
(269,270)(76106,76107)(50000,100000)	JASDQU011402912.1	75000	3	0.043057
(709,1244)(51713,52455)(50000,100000)	JASDQU011402990.1	75000	537	0.050453
(387,530)(58554,58697)(50000,100000)	JASDQU011403175.1	75000	145	0.320390
(48,296)(57063,57324)(50000,100000)	JASDQU011403234.1	75000	250	0.041145
(147,868)(90389,91182)(50000,100000)	JASDQU011403339.1	75000	723	0.133154
(1157,1670)(103580,104121)(100000,150000)	JASDQU011403361.1	125000	515	0.181423
(1082,1817)(50131,52767)(50000,100000)	JASDQU011403463.1	75000	737	0.566269
(438,594)(103202,103379)(100000,150000)	JASDQU011403520.1	125000	158	0.237288
(111,494)(96091,96484)(50000,100000)	JASDQU011403544.1	75000	385	0.006787
(1279,2994)(50000,53964)(50000,100000)	JASDQU011403559.1	75000	1717	0.138575
(3901,4728)(61482,62320)(50000,100000)	JASDQU011403591.1	75000	829	0.005182
(1325,2003)(54649,56127)(50000,100000)	JASDQU011403603.1	75000	680	0.209205
(1871,1875)(50000,50004)(50000,100000)	JASDQU011403753.1	75000	6	0.036901
(378,604)(66532,66759)(50000,100000)	JASDQU011403757.1	75000	228	0.397508
(560,608)(50000,50048)(50000,100000)	JASDQU011403765.1	75000	50	0.040184
(664,2803)(52363,58177)(50000,100000)	JASDQU011403779.1	75000	2141	0.557313
(215,1027)(59680,60500)(50000,100000)	JASDQU011403828.1	75000	814	0.063149
(438,1173)(62513,63618)(50000,100000)	JASDQU011403927.1	75000	737	0.568797
(348,1958)(71846,73459)(50000,100000)	JASDQU011404203.1	75000	1612	0.286298
(57,112)(181769,181832)(150000,200000)	JASDQU011404295.1	175000	57	0.125806
(187,234)(279997,280057)(250000,300000)	JASDQU011404319.1	275000	49	0.108075
(1194,1727)(51128,51717)(50000,100000)	JASDQU011404452.1	75000	535	0.187294
(344,2588)(65364,67885)(50000,100000)	JASDQU011404536.1	75000	2246	0.292764
(516,531)(132794,132821)(100000,150000)	JASDQU011404541.1	125000	17	0.048561
(91,905)(86763,98513)(50000,100000)	JASDQU011404612.1	75000	816	0.211684
(1364,1584)(67646,67868)(50000,100000)	JASDQU011404728.1	75000	222	0.333145
(1074,2186)(103161,104341)(100000,150000)	JASDQU011404985.1	125000	1114	0.146892
(696,1025)(52412,52803)(50000,100000)	JASDQU011404996.1	75000	331	0.482627
(222,819)(56071,56725)(50000,100000)	JASDQU011441309.1	75000	599	0.425997
(944,1585)(50910,51580)(50000,100000)	JASDQU011442971.1	75000	643	0.046388
(349,652)(96327,96698)(50000,100000)	JASDQU011444809.1	75000	305	0.043626
(653,1177)(394545,395080)(350000,400000)	JASDQU011444809.1	375000	526	0.068708
(1178,1344)(419061,427174)(400000,450000)	JASDQU011444809.1	425000	168	0.104877
(1345,1435)(452130,452254)(450000,500000)	JASDQU011444809.1	475000	92	0.009218
(144,312)(124395,124563)(100000,150000)	JASDQU011455186.1	125000	170	0.032027
(313,446)(198224,198360)(150000,200000)	JASDQU011455186.1	175000	135	0.794078
(728,1420)(61604,63846)(50000,100000)	JASDQU011455188.1	75000	694	0.025227
(585,3202)(251748,270713)(250000,300000)	JASDQU011505382.1	275000	2619	0.139443
(1102,2250)(50315,51464)(50000,100000)	JASDQU011507732.1	75000	1150	0.386620
(55,1164)(50008,51118)(50000,100000)	JASDQU011507810.1	75000	1111	0.166889
(209,268)(50306,50370)(50000,100000)	JASDQU011508348.1	75000	61	0.198660
(3199,3370)(50207,50381)(50000,100000)	JASDQU011508895.1	75000	173	0.033476
(994,1931)(102327,132110)(100000,150000)	JASDQU011514713.1	125000	939	0.161673
